id,fecha,hora_publicacion,titulo,afectacion_pico_mw,deficit_pico_mw,disponibilidad_pico_mw,demanda_pico_mw,max_afectacion_ayer_mw,hora_max_ayer,afectacion_ayer_24h,afectacion_mediodia_mw,disponibilidad_manana_mw,demanda_manana_mw,afectacion_manana_mw,limitacion_termica_mw,fuera_combustible_mw,solar_fotovoltaica_mwh,solar_potencia_max_mw,url
1608481,2021-08-24,12:49:30,Información de la Unión Eléctrica,58.0,58.0,,,,20:50,False,,,,,,,,,http://www.cubadebate.cu/noticias/2021/08/24/informacion-de-la-union-electrica/
1617463,2021-09-10,11:25:28,Unión Eléctrica informa sobre afectaciones al servicio eléctrico para esta jornada,130.0,130.0,,,320.0,00:57,True,,,,,,,,,http://www.cubadebate.cu/noticias/2021/09/10/union-electrica-informa-sobre-afectaciones-al-servicio-electrico-para-esta-jornada/
1618413,2021-09-12,13:40:00,Unión Eléctrica informa sobre nuevas afectaciones en el país,,,,,370.0,,True,,,,,,,,,http://www.cubadebate.cu/noticias/2021/09/12/union-electrica-informa-sobre-nuevas-afectaciones-en-el-pais/
1619209,2021-09-14,12:14:11,"Unión Eléctrica: “De mantenerse las condiciones previstas, no se pronostican afectaciones en el día”",0.0,0.0,2725.0,2680.0,318.0,22:30,False,,,,,,,,,http://www.cubadebate.cu/noticias/2021/09/14/union-electrica-de-mantenerse-las-condiciones-previstas-no-se-pronostican-afectaciones-en-el-dia/
1621667,2021-09-18,11:40:18,Se restablece el servicio eléctrico en la zona oriental del país,277.0,277.0,,,,,False,,,,,,,,,http://www.cubadebate.cu/noticias/2021/09/18/se-reestablece-el-servicio-electrico-en-la-zona-oriental-del-pais/
1622573,2021-09-20,12:50:57,Unión Eléctrica informa que se mantendrán las afectaciones al servicio por déficit de capacidad de generación,419.0,419.0,2361.0,2780.0,,,False,,,,,,,,,http://www.cubadebate.cu/noticias/2021/09/20/union-electrica-informa-que-se-mantendran-las-afectaciones-al-servicio-por-deficit-de-capacidad-de-generacion/
1622977,2021-09-21,13:29:51,Termoeléctrica Antonio Guiteras registra fallas tras sincronización y sale del sistema electroenergético nacional,465.0,465.0,2336.0,,,,True,,,,,,,,,http://www.cubadebate.cu/noticias/2021/09/21/termoelectrica-antonio-guiteras-registra-fallas-tras-sincronizacion-y-sale-del-sistema-electroenergetico-nacional/
1623707,2021-09-22,09:58:52,Unión Eléctrica actualiza sobre afectaciones al servicio,167.0,167.0,,,,,True,,,,,,,,,http://www.cubadebate.cu/noticias/2021/09/22/union-electrica-actualiza-sobre-afectaciones-al-servicio/
1624317,2021-09-23,11:48:10,Unión Eléctrica informa que continuarán afectaciones al servicio por déficit de capacidad,86.0,86.0,2714.0,2800.0,,,False,,,,,,,,,http://www.cubadebate.cu/noticias/2021/09/23/union-electrica-informa-que-continuaran-afectaciones-al-servicio-por-deficit-de-capacidad/
1625263,2021-09-25,10:05:42,Unión Eléctrica: De mantenerse las condiciones actuales de generación no se pronostican afectaciones al servicio en el día de hoy,0.0,0.0,2746.0,2550.0,0.0,,False,,,,,,,,,http://www.cubadebate.cu/noticias/2021/09/25/union-electrica-de-mantenerse-las-condiciones-actuales-de-generacion-no-se-pronostican-afectaciones-al-servicio-en-el-dia-de-hoy/
1626107,2021-09-27,13:36:01,Unión Eléctrica informa sobre afectaciones el servicio por déficit de capacidad de generación,36.0,36.0,2614.0,2650.0,30.0,20:47,False,,,,,,,,,http://www.cubadebate.cu/noticias/2021/09/27/union-electrica-informa-sobre-afectaciones-el-servicio-por-deficit-de-capacidad-de-generacion/
1627077,2021-09-29,09:46:31,Unión Eléctrica: De mantenerse las condiciones actuales no se prevé afectaciones en el día,0.0,0.0,,,,,False,,2230.0,2078.0,,,,,,http://www.cubadebate.cu/noticias/2021/09/29/union-electrica-de-mantenerse-las-condiciones-actuales-no-se-preve-afectaciones-en-el-dia/
1627677,2021-09-30,11:02:08,Unión Eléctrica anuncia afectaciones al servicio este jueves por déficit de generación,70.0,70.0,2610.0,2680.0,,,False,,,,,,,,,http://www.cubadebate.cu/noticias/2021/09/30/union-electrica-anuncia-afectaciones-al-servicio-este-jueves-por-deficit-de-generacion/
1628175,2021-10-01,09:27:14,Continúan afectaciones al servicio eléctrico por déficit de capacidad de generación,44.0,44.0,2636.0,2680.0,297.0,19:40,False,,,,,,,,,http://www.cubadebate.cu/noticias/2021/10/01/continuan-afectaciones-al-servicio-electrico-por-deficit-de-capacidad-de-generacion/
1628701,2021-10-02,10:15:20,Unión Eléctrica pronostica afectaciones al servicio por déficit de capacidad de generación,,,,,448.0,19:40,False,,,,,,,,,http://www.cubadebate.cu/noticias/2021/10/02/union-electrica-pronostica-afectaciones-al-servicio-por-deficit-de-capacidad-de-generacion/
1629443,2021-10-04,11:03:59,Unión Eléctrica: “No se estiman afectaciones al servicio en la mañana y la tarde de hoy”,5.0,5.0,2675.0,2680.0,0.0,,False,,2472.0,2026.0,,,,,,http://www.cubadebate.cu/noticias/2021/10/04/union-electrica-no-se-estiman-afectaciones-al-servicio-en-la-manana-y-la-tarde-de-hoy/
1630413,2021-10-06,14:10:52,Unión Eléctrica: Se pronostican afectaciones en el día por déficit de capacidad de generación,195.0,195.0,,,,,False,,,,,,,,,http://www.cubadebate.cu/noticias/2021/10/06/union-electrica-se-pronostican-afectaciones-en-el-dia-por-deficit-de-capacidad-de-generacion/
1630951,2021-10-07,11:38:10,La Unión Eléctrica informa sobre afectaciones para la jornada de este jueves,221.0,221.0,,,,,False,,,,,,,,,http://www.cubadebate.cu/noticias/2021/10/07/la-union-electrica-informa-sobre-afectaciones-para-la-jornada-de-este-jueves/
1631439,2021-10-08,12:32:11,Unión Eléctrica pronostica afectaciones del servicio en horario pico nocturno,155.0,155.0,2585.0,2740.0,,,False,,,,,,,,,http://www.cubadebate.cu/noticias/2021/10/08/union-electrica-pronostica-afectaciones-del-servicio-en-horario-pico-nocturno/
1632271,2021-10-10,10:02:43,No se prevén afectaciones al servicio eléctrico para esta jornada,,,,,,,True,,2345.0,2030.0,,,,,,http://www.cubadebate.cu/noticias/2021/10/10/no-se-preven-afectaciones-al-servicio-electrico-para-esta-jornada/
1632675,2021-10-11,10:12:45,Unión Eléctrica: No se prevén afectaciones al servicio por déficit de capacidad de generación,0.0,0.0,2812.0,2650.0,,,False,,2452.0,1908.0,,,,,,http://www.cubadebate.cu/noticias/2021/10/11/union-electrica-no-se-preven-afectaciones-al-servicio-por-deficit-de-capacidad-de-generacion/
1633131,2021-10-12,10:33:59,Unión Eléctrica: No se pronostican afectaciones por déficit de capacidad de generación,,,,,,,True,,2650.0,1930.0,,,,,,http://www.cubadebate.cu/noticias/2021/10/12/union-electrica-no-se-pronostican-afectaciones-por-deficit-de-capacidad-de-generacion/
1633695,2021-10-13,10:09:40,Unión Eléctrica no prevé afectaciones para la jornada del miércoles,,,,,,,True,,2680.0,1980.0,,,,,,http://www.cubadebate.cu/noticias/2021/10/13/union-electrica-no-preve-afectaciones-para-la-jornada-del-miercoles/
1634525,2021-10-15,11:15:37,Unión Eléctrica no prevé afectaciones para este viernes,,,,,,,True,,2544.0,2002.0,,,,,,http://www.cubadebate.cu/noticias/2021/10/15/union-electrica-no-preve-afectaciones-para-este-viernes/
1635047,2021-10-16,14:43:53,Unión Eléctrica informa que no se prevén afectaciones en el servicio para el pico de este sábado,0.0,0.0,,,,,True,,,,,,,,,http://www.cubadebate.cu/noticias/2021/10/16/union-electrica-informa-que-no-se-preven-afectaciones-en-el-servicio-para-el-pico-de-este-sabado/
1635757,2021-10-18,13:21:13,Empresa Eléctrica informa sobre situación del servicio,0.0,0.0,,,,,False,,,,,,,,,http://www.cubadebate.cu/noticias/2021/10/18/empresa-electrica-informa-sobre-situacion-del-servicio/
1636215,2021-10-19,13:57:56,Unión Eléctrica informa sobre afectaciones al servicio para este martes,104.0,104.0,2556.0,2660.0,134.0,19:30,False,,2323.0,2004.0,,,,,,http://www.cubadebate.cu/noticias/2021/10/19/de-mantenerse-las-condiciones-previstas-no-se-pronostican-afectaciones-al-servicio-electrico-durante-el-dia-y-la-tarde-de-este-martes/
1636903,2021-10-20,10:35:20,Unión Eléctrica informa sobre afectaciones al servicio por déficit de capacidad de generación,0.0,0.0,2667.0,2660.0,237.0,19:10,False,,2263.0,1994.0,,,,,,http://www.cubadebate.cu/noticias/2021/10/20/union-electrica-informa-sobre-afectaciones-al-servicio-por-deficit-de-capacidad-de-generacion/
1637777,2021-10-21,17:36:35,Unión Eléctrica pronostica afectaciones en horario pico,40.0,40.0,,,,,False,,,,,,,,,http://www.cubadebate.cu/noticias/2021/10/21/union-electrica-pronostica-afectaciones-en-horario-pico/
1638343,2021-10-23,10:00:53,Unión Eléctrica informa que no habrá apagones hoy por déficit de capacidad de generación,0.0,0.0,2705.0,2600.0,,,False,,2403.0,1899.0,,,,,,http://www.cubadebate.cu/noticias/2021/10/23/informacion-de-la-union-electrica-une/
1639403,2021-10-26,10:43:15,Unión Eléctrica pronostica afectaciones para la noche de este martes,25.0,25.0,2675.0,2700.0,193.0,19:20,False,,2267.0,2055.0,,,,,,http://www.cubadebate.cu/noticias/2021/10/26/union-electrica-pronostica-afectaciones-para-la-noche-de-este-martes/
1640739,2021-10-28,09:14:35,Unión Eléctrica informa sobre afectaciones en el servicio,0.0,0.0,,,194.0,19:10,False,,2272.0,2080.0,,,,,,http://www.cubadebate.cu/noticias/2021/10/28/union-electrica-informa-sobre-afectaciones-en-el-servicio/
1641477,2021-10-29,11:02:54,"Unión Eléctrica: No se prevé  afectaciones al servicio en el horario pico, aunque los niveles de reservas son bajos",0.0,0.0,,,247.0,19:30,False,,2183.0,2045.0,,,,,,http://www.cubadebate.cu/noticias/2021/10/29/union-electrica-no-se-preve-afectaciones-al-servicio-en-el-horario-pico-aunque-los-niveles-de-reservas-son-bajos/
1641925,2021-10-30,10:54:33,Unión Eléctrica: No se pronostican afectaciones al servicio en el horario pico este sábado,0.0,0.0,,,185.0,19:10,False,,2229.0,1890.0,,,,,,http://www.cubadebate.cu/noticias/2021/10/30/union-electrica-no-se-pronostican-afectaciones-al-servicio-en-el-horario-pico-este-sabado/
1642759,2021-11-01,10:57:55,Unión Eléctrica informa que no habrá afectaciones al servicio,0.0,0.0,,,,,False,,,,,,,,,http://www.cubadebate.cu/noticias/2021/11/01/union-electrica-informa-que-no-habra-afectaciones-hoy-al-servicio/
1643341,2021-11-02,12:07:29,Unión Eléctrica no prevé afectaciones al servicio en esta jornada,0.0,0.0,,,,,False,,2287.0,1840.0,,,,,,http://www.cubadebate.cu/noticias/2021/11/02/union-electrica-no-preve-afectaciones-al-servicio-en-esta-jornada/
1643697,2021-11-03,10:24:16,Unión Eléctrica no prevé afectaciones al servicio de mantenerse las condiciones actuales,0.0,0.0,,,60.0,19:10,False,,2383.0,1845.0,,,,,,http://www.cubadebate.cu/noticias/2021/11/03/union-electrica-no-preve-afectaciones-al-servicio-de-mantenerse-las-condiciones-actuales/
1643994,2021-11-04,12:11:17,Unión Eléctrica no prevé afectaciones en el servicio durante la hora pico este jueves,0.0,0.0,,,,,False,,,,,,,,,http://www.cubadebate.cu/noticias/2021/11/04/union-electrica-no-preve-afectaciones-en-el-servicio-durante-la-hora-pico-este-jueves/
1644355,2021-11-05,09:29:38,De mantenerse las condiciones previstas la Unión Eléctrica no prevé afectaciones en el servicio este viernes,0.0,0.0,,,,,False,,2555.0,1917.0,,,,,,http://www.cubadebate.cu/temas/economia-temas/2021/11/05/de-mantenerse-las-condiciones-previstas-la-union-electrica-no-preve-afectaciones-en-el-servicio-este-viernes/
1644814,2021-11-06,11:13:33,Unión Eléctrica no prevé afectaciones en el servicio este sábado,0.0,0.0,,,,,False,,,,,,,,,http://www.cubadebate.cu/noticias/2021/11/06/union-electrica-no-preve-afectaciones-en-el-servicio-este-sabado/
1645101,2021-11-07,14:32:57,La Unión Eléctrica no prevé afectaciones para este domingo,0.0,0.0,,,0.0,,False,,2477.0,1900.0,,,,,,http://www.cubadebate.cu/noticias/2021/11/07/la-union-electrica-no-preve-afectaciones-para-este-domingo/
1645296,2021-11-08,13:30:54,Unión Eléctrica: No se pronostican afectaciones en el horario pico de este lunes,0.0,0.0,,,0.0,,False,,,,,,,,,http://www.cubadebate.cu/noticias/2021/11/08/union-electrica-no-se-pronostican-afectaciones-en-el-horario-pico-de-este-lunes/
1645502,2021-11-09,14:36:59,Unión Eléctrica no prevé afectaciones para este martes por déficit de capacidad de generación,0.0,0.0,,,,,False,,2410.0,1720.0,,,,,,http://www.cubadebate.cu/noticias/2021/11/09/union-electrica-no-preve-afectaciones-para-este-martes-por-deficit-de-capacidad-de-generacion/
1645653,2021-11-10,11:55:08,"A pesar de limitaciones en la generación térmica, no se prevén apagones para esta jornada",0.0,0.0,,,0.0,,False,,2441.0,1755.0,,,,,,http://www.cubadebate.cu/noticias/2021/11/10/a-pesar-de-limitaciones-en-la-generacion-termica-no-se-preven-apagones-para-esta-jornada/
1645819,2021-11-11,09:40:21,Unión Eléctrica informa que no habrá afectaciones al servicio eléctrico por déficit de capacidad de generación,0.0,0.0,,,,,False,,,,,,,,,http://www.cubadebate.cu/noticias/2021/11/11/union-electrica-informa-que-no-habra-afectaciones-al-servicio-electrico-por-deficit-de-capacidad-de-generacion/
1646167,2021-11-12,11:35:44,"Disponibilidad eléctrica superior a la demanda, la UNE no prevé afectaciones este viernes",0.0,0.0,2899.0,2720.0,,,False,,,,,,,,,http://www.cubadebate.cu/noticias/2021/11/12/disponibilidad-electrica-superior-a-la-demanda-une-no-preve-afectaciones-hoy/
1646472,2021-11-13,11:53:37,Unión Eléctrica: No se prevén afectaciones al servicio por déficit de capacidad de generación,0.0,0.0,,,,,False,,2099.0,1920.0,,,,,,http://www.cubadebate.cu/noticias/2021/11/13/union-electrica-no-se-preven-afectaciones-al-servicio-por-deficit-de-capacidad-de-generacion-2/
1647114,2021-11-15,12:49:23,Unión Eléctrica: No se prevén afectaciones al servicio de mantenerse las condiciones previstas,0.0,0.0,2831.0,2720.0,95.0,18:10,False,,,,,,,,,http://www.cubadebate.cu/noticias/2021/11/15/union-electrica-no-se-preven-afectaciones-al-servicio-de-mantenerse-las-condiciones-previstas/
1647578,2021-11-17,10:28:05,Unión Eléctrica informa de posibles afectaciones para esta jornada,185.0,185.0,2595.0,2780.0,,,False,,2249.0,2005.0,,,,,,http://www.cubadebate.cu/noticias/2021/11/17/union-electrica-informa-de-posibles-afectaciones-para-esta-jornada/
1647828,2021-11-18,08:32:30,Unión Eléctrica informa que no se prevén afectaciones por déficit de generación en la tarde,39.0,39.0,2741.0,2780.0,,,False,,,,,,,,,http://www.cubadebate.cu/noticias/2021/11/18/union-electrica-informa-que-no-se-preven-afectaciones-por-deficit-de-generacion-en-la-tarde/
1648289,2021-11-19,14:40:47,Unión Eléctrica informa de posibles afectaciones en el horario pico,202.0,202.0,2573.0,2775.0,,,False,,2145.0,1982.0,,,,,,http://www.cubadebate.cu/noticias/2021/11/19/union-electrica-informa-de-posibles-afectaciones-en-el-horario-pico/
1648556,2021-11-20,12:35:36,No se pronostican afectaciones al servicio electrico en el horario pico,0.0,0.0,2940.0,2720.0,,,False,,2160.0,1936.0,,,,,,http://www.cubadebate.cu/noticias/2021/11/20/no-se-pronostican-afectaciones-al-servicio-electrico-en-el-horario-pico/
1648980,2021-11-22,08:46:43,Disponibilidad eléctrica superior a la demanda: No se prevén afectaciones al servicio por déficit de capacidad de generación,0.0,0.0,,,,,False,,,,,,,,,http://www.cubadebate.cu/noticias/2021/11/22/disponibilidad-electrica-superior-a-la-demanda-no-se-preven-afectaciones-al-servicio-por-deficit-de-capacidad-de-generacion/
1649239,2021-11-23,11:16:58,Unión Eléctrica informa que no se prevén afectaciones al servicio por déficit de capacidad de generación,0.0,0.0,3021.0,2750.0,0.0,,False,,2205.0,1990.0,,,,,,http://www.cubadebate.cu/noticias/2021/11/23/union-electrica-informa-que-no-se-preven-afectaciones-al-servicio-electrico-por-deficit-de-capacidad-de-generacion/
1649659,2021-11-24,17:06:31,"Unión Eléctrica informa sobre capacidad de generación, no se pronostican afectaciones",0.0,0.0,2945.0,2750.0,,,False,,,,,,,,,http://www.cubadebate.cu/noticias/2021/11/24/union-electrica-informa-sobre-capacidad-de-generacion-no-se-pronostican-afectaciones/
1649866,2021-11-25,13:03:28,No se pronostican afectaciones al servicio eléctrico para esta jornada,0.0,0.0,2947.0,2680.0,,,False,,2584.0,1815.0,,,,,,http://www.cubadebate.cu/noticias/2021/11/25/no-se-pronostican-afectaciones-al-servicio-electrico-para-esta-jornada/
1650114,2021-11-26,10:38:35,Unión Eléctrica no prevé afectaciones por déficit de demanda durante este viernes,0.0,0.0,3228.0,2700.0,,,False,,,,,,,,,http://www.cubadebate.cu/noticias/2021/11/26/union-electrica-no-preve-afectaciones-por-deficit-de-demanda-durante-este-viernes/
1650369,2021-11-27,09:36:24,Unión Eléctrica no pronostica afectaciones al servicio en el horario pico,0.0,0.0,3030.0,2700.0,,,False,,2595.0,1683.0,,,,,,http://www.cubadebate.cu/noticias/2021/11/27/union-electrica-no-pronostica-afectaciones-al-servicio-en-el-horario-pico/
1651227,2021-11-30,17:01:12,UNE: No se pronostican afectaciones para el horario pico de este martes,,,2868.0,,,,False,,,,,,,,,http://www.cubadebate.cu/noticias/2021/11/30/une-no-se-pronostican-afectaciones-para-el-horario-pico-de-este-martes/
1652169,2021-12-03,07:35:00,Unión Eléctrica no prevé afectaciones por déficit de capacidad de generación durante este viernes,0.0,0.0,3129.0,2720.0,,,False,,2525.0,1822.0,,,,,,http://www.cubadebate.cu/noticias/2021/12/03/union-electrica-no-preve-afectaciones-por-deficit-de-capacidad-de-generacion-durante-este-viernes/
1653108,2021-12-07,08:59:31,Unión Eléctrica: Pudieran ocurrir afectaciones al servicio eléctrico en el horario pico,0.0,0.0,2822.0,2800.0,,,False,,2377.0,1970.0,,,,,,http://www.cubadebate.cu/noticias/2021/12/07/union-electrica-pudieran-ocurrir-afectaciones-al-servicio-electrico-en-el-horario-pico/
1655511,2021-12-18,17:04:52,Este sábado se prevé la primera sincronización de la central eléctrica flotante,0.0,0.0,2983.0,2740.0,,,False,,,,,,,,,http://www.cubadebate.cu/noticias/2021/12/18/este-sabado-se-preve-la-primera-sincronizacion-de-la-central-electrica-flotante/
1675845,2022-03-18,12:56:38,Unión Eléctrica informa sobre afectaciones al servicio en el día de ayer,0.0,0.0,2634.0,2580.0,115.0,,False,,,,,,,,,http://www.cubadebate.cu/noticias/2022/03/18/union-electrica-informa-sobre-afectaciones-al-servicio-en-el-dia-de-ayer/
1693155,2022-05-24,17:50:16,CTE Antonio Guiteras sale del sistema eléctrico nacional a causa de una descarga eléctrica que impactó en su estructura,382.0,312.0,2388.0,2700.0,,,False,,,,,,,,,http://www.cubadebate.cu/noticias/2022/05/24/cte-antonio-guiteras-sale-del-sistema-electrico-nacional-por-descarga-electrica-que-impacto-en-su-estructura/
1693259,2022-05-25,08:52:30,Unión Eléctrica: Termoeléctrica Guiteras se incorporó al Sistema Eléctrico Nacional pero se mantendrán afectaciones (+ Video),220.0,149.0,2501.0,2650.0,,23:40,True,,1970.0,2170.0,294.0,,,,,http://www.cubadebate.cu/noticias/2022/05/25/union-electrica-termoelectrica-guiteras-se-incorporo-al-sistema-electrico-nacional-pero-se-mantendran-afectaciones-video/
1693579,2022-05-26,09:42:12,UNE prevé afectaciones en el servicio eléctrico este jueves por déficit de generación,180.0,110.0,2540.0,2650.0,,20:30,True,,,,,,,,,http://www.cubadebate.cu/noticias/2022/05/26/une-preve-afectaciones-en-el-servicio-electrico-este-jueves-por-deficit-de-generacion/
1693844,2022-05-27,09:39:11,"Pronostican la entrada en funcionamiento dos unidades generadoras, pero persisten afectaciones al servicio eléctrico",390.0,320.0,2330.0,2650.0,,,True,,,,,,,,,http://www.cubadebate.cu/noticias/2022/05/27/pronostican-la-entrada-en-funcionamiento-dos-unidades-generadoras-pero-persisten-afectaciones-al-servicio-electrico/
1694159,2022-05-28,09:31:32,Unión Eléctrica no preve afectaciones al servicio este sábado,0.0,0.0,,,,,True,,2158.0,2025.0,,,,,,http://www.cubadebate.cu/noticias/2022/05/28/union-electrica-no-preve-afectaciones-al-servicio-este-sabado/
1694318,2022-05-29,08:50:24,Unión Eléctrica no prevé afectaciones al servicio por déficit de generación este domingo,0.0,0.0,2755.0,2500.0,,,False,,2128.0,1880.0,,,,,,http://www.cubadebate.cu/noticias/2022/05/29/union-electrica/
1694538,2022-05-30,08:25:09,Unión Eléctrica no prevé afectaciones al servicio por déficit de generación este lunes,0.0,0.0,,,,,False,,2320.0,2065.0,,,,,,http://www.cubadebate.cu/noticias/2022/05/30/union-electrica-no-preve-afectaciones-al-servicio-por-deficit-de-generacion-este-lunes/
1694846,2022-05-31,08:35:38,Unión Eléctrica: Existen riesgos de afectaciones para el horario pico debido a bajos niveles de reserva,0.0,0.0,2575.0,2550.0,,,False,,2180.0,2100.0,,,,,,http://www.cubadebate.cu/noticias/2022/05/31/union-electrica-existen-riesgos-de-afectaciones-para-el-horario-pico-debido-a-bajos-niveles-de-reserva/
1695468,2022-06-02,09:13:34,Unión Eléctrica informa que no habrá afectaciones al servicio eléctrico por déficit de capacidad,,,,,,,False,,2059.0,1945.0,,,,,,http://www.cubadebate.cu/noticias/2022/06/02/union-electrica-informa-que-no-habra-afectaciones-al-servicio-electrico-por-deficit-de-capacidad/
1695872,2022-06-03,08:57:40,Unión Eléctrica no pronostica afectaciones al servicio por déficit de capacidad,0.0,0.0,2572.0,2380.0,,,False,,,,,,,,,http://www.cubadebate.cu/noticias/2022/06/03/union-electrica-no-pronostica-afectaciones-al-servicio-por-deficit-de-capacidad/
1696349,2022-06-04,08:27:32,Unión Eléctrica: No se pronostican afectaciones al servicio por déficit de capacidad de generación,0.0,0.0,2477.0,2340.0,0.0,,False,,2029.0,1820.0,,,,,,http://www.cubadebate.cu/noticias/2022/06/04/union-electrica-no-se-pronostican-afectaciones-al-servicio-por-deficit-de-capacidad-de-generacion/
1696924,2022-06-06,09:30:01,Unión Eléctrica: Se pronostica una afectación de 360 MW en horario pico de este lunes,360.0,288.0,2312.0,2600.0,350.0,,False,,2019.0,2075.0,85.0,,,,,http://www.cubadebate.cu/noticias/2022/06/06/union-electrica-se-pronostica-una-afectacion-de-360-mw-en-horario-pico-de-este-lunes/
1697191,2022-06-07,09:41:39,Unión Eléctrica: Para este martes se pronostica una afectación de 150 MW en horario pico,150.0,76.0,2524.0,2600.0,,,False,,2106.0,2080.0,,,,,,http://www.cubadebate.cu/noticias/2022/06/07/union-electrica-para-este-martes-se-pronostica-una-afectacion-de-150-mw-en-horario-pico/
1697438,2022-06-08,08:37:12,Unión Eléctrica: Se estima para este miércoles que la máxima afectación sea de 400 MW,110.0,37.0,2563.0,2600.0,400.0,,False,,,,,,,,,http://www.cubadebate.cu/noticias/2022/06/08/union-electrica-se-estima-para-este-miercoles-que-la-maxima-afectacion-sea-de-400-mw/
1697753,2022-06-09,09:03:22,Unión Eléctrica: Se pronostica una afectación de 140 MW para el horario pico de este jueves,140.0,66.0,2484.0,2550.0,,19:00,False,,1945.0,1890.0,,,,,,http://www.cubadebate.cu/noticias/2022/06/09/union-electrica-se-pronostica-una-afectacion-de-140-mw-para-el-horario-pico-de-este-jueves/
1698111,2022-06-10,08:56:13,Unión Eléctrica: Se pronostica una afectación de 350 MW a partir de las 8 am de este viernes,290.0,220.0,2330.0,2550.0,,18:40,False,,,,,,,,,http://www.cubadebate.cu/noticias/2022/06/10/union-electrica-se-pronostica-una-afectacion-de-350-mw-a-partir-de-las-8-pm-de-este-viernes/
1698372,2022-06-11,09:10:50,Unión Eléctrica informa sobre afectaciones este sábado a partir de las diez de la mañana,0.0,0.0,2586.0,2520.0,,8:40,False,,,,,,,,,http://www.cubadebate.cu/noticias/2022/06/11/union-electrica-informa-sobre-afectaciones-este-sabado-a-partir-de-las-diez-de-la-manana/
1698590,2022-06-12,08:44:43,Unión Eléctrica no descarta afectaciones al servicio por bajos niveles de reserva,0.0,0.0,2537.0,2450.0,,,False,,,,,,,,,http://www.cubadebate.cu/noticias/2022/06/12/union-electrica-no-descarta-afectaciones-al-servicio-por-bajos-niveles-de-reserva/
1698700,2022-06-13,08:36:17,Unión Eléctrica: Se pronostican afectaciones durante todo el día y la noche de este lunes,413.0,413.0,2287.0,2700.0,489.0,,True,,,,,,,,,http://www.cubadebate.cu/noticias/2022/06/13/union-electrica-se-pronostican-afectaciones-durante-todo-el-dia-y-la-noche-de-este-lunes/
1698977,2022-06-14,09:09:26,Unión Eléctrica prevé afectaciones en el servicio este martes por déficit de generación,539.0,539.0,2321.0,2860.0,608.0,20:40,True,,,,,,,,,http://www.cubadebate.cu/noticias/2022/06/14/union-electrica-preve-afectaciones-en-el-servicio-este-martes-por-deficit-de-generacion/
1699153,2022-06-15,07:56:52,Unión Eléctrica prevé afectaciones en el servicio este miércoles por déficit de generación,473.0,473.0,2427.0,2900.0,,21:00,True,,,,,,,,,http://www.cubadebate.cu/noticias/2022/06/15/union-electrica-preve-afectaciones-en-el-servicio-este-miercoles-por-deficit-de-generacion/
1700179,2022-06-19,08:55:14,Unión Eléctrica: Se pronostican afectaciones al servicio este domingo por déficit de generación,143.0,143.0,,,300.0,23:30,False,,,,,,,,,http://www.cubadebate.cu/noticias/2022/06/19/union-electrica-se-pronostican-afectaciones-al-servicio-este-domingo-por-deficit-de-generacion/
1700333,2022-06-20,11:27:35,Unión Eléctrica pronostica afectaciones al servicio por déficit de generación,194.0,194.0,2556.0,2750.0,,22:00,True,,,,,,,,,http://www.cubadebate.cu/noticias/2022/06/20/union-electrica-pronostica-afectaciones-al-servicio-por-deficit-de-generacion/
1700532,2022-06-21,08:24:15,Unión Eléctrica pronostica afectaciones al servicio: Se prevé un déficit de 562 MW,562.0,562.0,2188.0,2750.0,,21:00,True,,,,,,,,,http://www.cubadebate.cu/noticias/2022/06/21/union-electrica-pronostica-afectaciones-al-servicio-se-preve-un-deficit-de-562-mw/
1700782,2022-06-22,09:40:21,Unión Eléctrica: Se pronostican afectaciones al servicio por déficit de generación,450.0,387.0,2513.0,2900.0,,20:40,True,,,,,,,,,http://www.cubadebate.cu/noticias/2022/06/22/union-electrica-se-pronostican-afectaciones-al-servicio-por-deficit-de-generacion/
1700997,2022-06-23,09:00:57,Unión Eléctrica pronostica afectación de 185 megawatts durante el horario pico de este jueves,185.0,117.0,2633.0,2750.0,,9:30,True,,,,,,,,,http://www.cubadebate.cu/noticias/2022/06/23/union-electrica-pronostica-afectacion-de-185-megawatts-durante-el-horario-pico-de-este-jueves/
1701298,2022-06-24,08:44:42,Unión Eléctrica pronostica una afectación de 415 MW en horario pico,415.0,346.0,2554.0,2900.0,,20:50,True,,,,,,,,,http://www.cubadebate.cu/noticias/2022/06/24/union-electrica-pronostica-una-afectacion-de-415-mw-en-horario-pico/
1701647,2022-06-25,08:59:17,Unión Eléctrica no prevé afectaciones al servicio eléctrico en la madrugada,0.0,0.0,2757.0,2720.0,,21:20,True,,,,,,,,,http://www.cubadebate.cu/noticias/2022/06/25/union-electrica-no-preve-afectaciones-al-servicio-electrico-en-la-madrugada/
1701960,2022-06-26,09:13:28,Unión Eléctrica prevé posibles afectaciones al servicio este domingo por bajos niveles de reserva,0.0,0.0,2671.0,2620.0,,21:50,True,,,,,,,,,http://www.cubadebate.cu/noticias/2022/06/26/union-electrica-preve-afectaciones-al-servicio-este-domingo-por-bajos-niveles-de-reserva/
1702083,2022-06-27,08:49:13,Unión Eléctrica prevé afectaciones por déficit de capacidad de generación,280.0,209.0,2571.0,2780.0,200.0,,False,,2278.0,2150.0,,,,,,http://www.cubadebate.cu/noticias/2022/06/27/union-electrica-preve-afectaciones-por-deficit-de-capacidad-de-generacion/
1702331,2022-06-28,09:14:50,Unión Eléctrica: Se estima una afectación de 350 MW para el horario del día,165.0,95.0,2605.0,2700.0,,,True,,,,,,,,,http://www.cubadebate.cu/noticias/2022/06/28/union-electrica-se-estima-una-afectacion-de-350-mw-para-el-horario-del-dia/
1702533,2022-06-29,08:46:44,Unión Eléctrica: Se prevén afectaciones al servicio por déficit de 431 MW,431.0,431.0,2319.0,2750.0,603.0,20:40,True,,,,,,,,,http://www.cubadebate.cu/noticias/2022/06/29/union-electrica-se-preven-afectaciones-al-servicio-por-deficit-de-431-mw/
1702803,2022-06-30,17:43:07,Unión Eléctrica prevé afectaciones al servicio por déficit de capacidad de generación,327.0,257.0,2593.0,2850.0,,21:40,True,,,,,,,,,http://www.cubadebate.cu/noticias/2022/06/30/union-electrica-preve-afectaciones-al-servicio-por-deficit-de-capacidad-de-generacion/
1703121,2022-07-01,08:38:40,Unión eléctrica estima una afectación de 180 MW en el horario pico de este viernes,180.0,107.0,2713.0,2820.0,,21:00,True,,,,,,,,,http://www.cubadebate.cu/noticias/2022/07/01/union-electrica-estima-una-afectacion-de-180-mw-en-el-horario-pico-de-este-viernes/
1703373,2022-07-02,08:43:33,La UNE informa sobre riesgo de afectaciones durante el horario pico de este sábado,0.0,0.0,2716.0,2650.0,,,False,,,,,,,,,http://www.cubadebate.cu/noticias/2022/07/02/la-une-informa-sobre-riesgo-de-afectaciones-durante-el-horario-pico-de-este-sabado/
1703533,2022-07-03,09:39:43,Unión Eléctrica pronostica una reserva de 195 MW en horario pico,0.0,0.0,2785.0,2590.0,,,True,,2303.0,2110.0,,,,,,http://www.cubadebate.cu/noticias/2022/07/03/union-electrica-pronostica-una-reserva-de-195-mw-en-horario-pico/
1703711,2022-07-04,08:55:12,Unión Eléctrica estima una afectación de 450 MW durante el día,450.0,399.0,2451.0,2850.0,,22:40,True,,,,,,,,,http://www.cubadebate.cu/noticias/2022/07/04/union-electrica-estima-una-afectacion-de-450-mw-durante-el-dia/
1703978,2022-07-05,14:40:17,Unión Eléctrica: Se prevén afectaciones al servicio por déficit en generación,750.0,130.0,2670.0,2800.0,,21:40,False,,,,,,,,,http://www.cubadebate.cu/noticias/2022/07/05/union-electrica-se-preven-afectaciones-al-servicio-por-deficit-en-generacion/
1704262,2022-07-06,08:58:35,Unión Eléctrica estima una afectación al servicio de 241 MW en horario pico,241.0,171.0,2689.0,2860.0,,21:00,True,,,,,,,,,http://www.cubadebate.cu/noticias/2022/07/06/union-electrica-estima-una-afectacion-al-servicio-de-241-mw-en-horario-pico/
1704494,2022-07-07,08:36:07,Unión Eléctrica: De mantenerse las condiciones actuales no se pronostican afectaciones durante el día,110.0,43.0,2707.0,2750.0,,18:30,False,,2337.0,2185.0,,,,,,http://www.cubadebate.cu/noticias/2022/07/07/union-electrica-de-mantenerse-las-condiciones-actuales-no-se-pronostican-afectaciones-durante-el-dia/
1704734,2022-07-08,08:59:33,Unión Eléctrica pronostica afectaciones al servicio por déficit en capacidad de generación,0.0,0.0,2718.0,2650.0,,23:30,False,,,,,,,,,http://www.cubadebate.cu/noticias/2022/07/08/union-electrica-pronostica-afectaciones-al-servicio-por-deficit-en-capacidad-de-generacion/
1705001,2022-07-09,08:35:30,Unión Eléctrica: No se pronostican afectaciones al servicio en el horario pico,0.0,0.0,2770.0,2650.0,,19:10,False,,2395.0,2100.0,,,,,,http://www.cubadebate.cu/noticias/2022/07/09/union-electrica-no-se-pronostican-afectaciones-al-servicio-en-el-horario-pico/
1705248,2022-07-10,08:59:19,Unión Eléctrica prevé disponibilidad por encima de demanda este domingo,0.0,0.0,2672.0,2550.0,,,False,,,,,,,,,http://www.cubadebate.cu/noticias/2022/07/10/union-electrica-preve-disponibilidad-por-encima-de-demanda-este-domingo/
1705452,2022-07-11,10:11:11,Unión Eléctrica estima una afectación al servicio de 298 MW en horario pico,298.0,228.0,2552.0,2780.0,,22:20,True,,,,,,,,,http://www.cubadebate.cu/noticias/2022/07/11/union-electrica-estima-una-afectacion-al-servicio-de-298-mw-en-horario-pico/
1705746,2022-07-12,10:00:06,La Unión Eléctrica estima una afectación de 551MW para el horario pico,551.0,481.0,2469.0,2950.0,,21:00,False,,,,,,,,,http://www.cubadebate.cu/noticias/2022/07/12/la-union-electrica-estima-una-afectacion-de-551mw-para-el-horario-pico/
1706022,2022-07-13,08:30:50,Unión Eléctrica informa sobre afectaciones en el servicio este miércoles,377.0,307.0,2643.0,2950.0,581.0,22:20,True,,,,,,,,,http://www.cubadebate.cu/noticias/2022/07/13/union-electrica-informa-sobre-afectaciones-en-el-servicio-este-miercoles/
1706226,2022-07-14,08:36:50,La Unión Eléctrica pronostica una afectación de 313 MW para el horario pico,313.0,243.0,2657.0,2900.0,,20:40,True,,,,,,,,,http://www.cubadebate.cu/noticias/2022/07/14/la-union-electrica-pronostica-una-afectacion-de-313-mw-para-el-horario-pico/
1706595,2022-07-15,08:22:08,La Unión Eléctrica pronostica una afectación de 119 MW para el horario pico,119.0,49.0,2701.0,2750.0,135.0,20:00,True,,2278.0,2140.0,,,,,,http://www.cubadebate.cu/noticias/2022/07/15/la-union-electrica-pronostica-una-afectacion-de-119-mw-para-el-horario-pico/
1707029,2022-07-16,13:30:04,La Unión Eléctrica prevé afectaciones al servicio en el horario diurno,0.0,0.0,2705.0,2650.0,311.0,21:00,False,,2295.0,2115.0,,,,,,http://www.cubadebate.cu/noticias/2022/07/16/la-union-electrica-preve-afectaciones-al-servicio-en-el-horario-diurno/
1707318,2022-07-17,08:30:28,Unión Eléctrica pronostica afectaciones al servicio durante todo el domingo,202.0,202.0,2448.0,2650.0,300.0,21:00,False,,2205.0,2131.0,20.0,,,,,http://www.cubadebate.cu/noticias/2022/07/17/union-electrica-estima-afectaciones-al-servicio-durante-todo-el-domingo/
1707520,2022-07-18,09:18:42,Unión Eléctrica pronostica una afectación de 540 MW al horario pico,540.0,470.0,2480.0,2950.0,,21:40,False,,,,,,,,,http://www.cubadebate.cu/noticias/2022/07/18/union-electrica-pronostica-una-afectacion-de-540-mw-al-horario-pico/
1707783,2022-07-19,08:36:45,Unión Eléctrica prevé afectaciones durante el día y el horario pico de este martes,292.0,222.0,2728.0,2950.0,669.0,21:50,True,,,,,,,,,http://www.cubadebate.cu/noticias/2022/07/19/union-electrica-preve-afectaciones-durante-el-dia-y-el-horario-pico-de-este-martes/
1708021,2022-07-20,09:20:28,Unión Eléctrica estima una afectación de 571 MW para el horario pico de este miércoles,571.0,501.0,2499.0,3000.0,,21:00,False,,,,,,,,,http://www.cubadebate.cu/noticias/2022/07/20/union-electrica-estima-una-afectacion-de-571-mw-para-el-horario-pico-de-este-miercoles/
1708382,2022-07-21,08:26:07,Unión Eléctrica estima una afectación máxima de 680 MW en el horario diurno,588.0,518.0,2502.0,3020.0,,21:10,True,,,,,,,,,http://www.cubadebate.cu/noticias/2022/07/21/union-electrica-estima-una-afectacion-maxima-de-680-mw-en-el-horario-diurno/
1708702,2022-07-22,08:27:31,La UNE pronostica una afectación de 653 MW para el horario pico,653.0,583.0,2447.0,3030.0,,19:30,True,,,,,,,,,http://www.cubadebate.cu/noticias/2022/07/22/la-une-pronostica-una-afectacion-de-653-mw-para-el-horario-pico/
1709024,2022-07-23,09:04:20,La Unión Eléctrica pronostica una afectación de 412 MW durante el horario pico de este sábado,412.0,342.0,2508.0,2850.0,,10:20,True,,,,,,,,,http://www.cubadebate.cu/noticias/2022/07/23/la-union-electrica-pronostica-una-afectacion-de-412-mw-durante-el-horario-pico-de-este-sabado/
1709215,2022-07-24,09:00:06,Unión Eléctrica mantiene pronóstico de afectaciones al servicio este domingo,368.0,298.0,2602.0,2900.0,,20:40,True,,,,,,,,,http://www.cubadebate.cu/noticias/2022/07/24/union-electrica-mantiene-pronostico-de-afectaciones-al-servicio-este-domingo/
1709479,2022-07-25,08:24:14,Unión Eléctrica pronostica afectaciones al servicio durante todo el lunes,301.0,231.0,2519.0,2750.0,,22:40,True,,,,,,,,,http://www.cubadebate.cu/noticias/2022/07/25/union-electrica-pronostica-afectaciones-al-servicio-durante-todo-el-lunes/
1709819,2022-07-26,09:20:56,Unión Eléctrica pronostica afectación al servicio durante todo el martes por déficit de generación,173.0,103.0,2647.0,2750.0,,21:50,True,,,,,,,,,http://www.cubadebate.cu/noticias/2022/07/26/union-electrica-pronostica-afectacion-al-servicio-durante-todo-el-martes-por-deficit-de-generacion/
1710133,2022-07-27,08:50:57,Unión Eléctrica pronostica afectación de 93 MW en el horario pico de este miércoles,93.0,23.0,2577.0,2600.0,,,False,,,,,,,,,http://www.cubadebate.cu/noticias/2022/07/27/union-electrica-pronostica-afectacion-de-93-mw-en-el-horario-pico-de-este-miercoles/
1710293,2022-07-28,08:38:56,Unión Eléctrica pronostica afectaciones en el servicio,518.0,448.0,2502.0,2950.0,453.0,22:30,False,,,,,,,,,http://www.cubadebate.cu/noticias/2022/07/28/union-electrica-pronostica-afectaciones-en-el-servicio/
1710587,2022-07-29,08:29:52,Unión Eléctrica pronostica afectación máxima de 550 MW,550.0,499.0,2351.0,2850.0,,,False,,,,,,,,,http://www.cubadebate.cu/noticias/2022/07/29/union-electrica-pronostica-afectacion-maxima-de-550-mw/
1710885,2022-07-30,11:23:16,"Unión Eléctrica pronostica afectaciones por déficit de capacidad de generación, en esta jornada",576.0,506.0,2349.0,2855.0,,20:40,True,,,,,,,,,http://www.cubadebate.cu/noticias/2022/07/30/union-electrica-pronostica-afectaciones-por-deficit-de-capacidad-de-generacion-en-esta-jornada/
1711047,2022-07-31,08:52:54,La Unión Eléctrica pronostica una afectación máxima de 500 MW,500.0,485.0,2415.0,2900.0,,20:30,True,,,,,,,,,http://www.cubadebate.cu/noticias/2022/07/31/la-union-electrica-pronostica-una-afectacion-maxima-de-500-mw/
1711161,2022-08-01,09:23:58,La Unión Eléctrica pronostica una afectación de 462 MW para el horario pico de este lunes,462.0,392.0,2608.0,3000.0,,21:50,True,,,,,,,,,http://www.cubadebate.cu/noticias/2022/08/01/la-une-pronostica-una-afectacion-de-462-mw-para-el-horario-pico-de-este-lunes/
1711334,2022-08-02,08:44:38,La Unión Eléctrica pronostica una afectación de 650 MW para el pico diurno de este martes,513.0,443.0,2657.0,3100.0,,21:30,True,,,,,,,,,http://www.cubadebate.cu/noticias/2022/08/02/la-union-electrica-pronostica-una-afectacion-de-650-mw-para-el-horario-pico-de-este-martes/
1711569,2022-08-03,12:25:05,La Unión Eléctrica pronostica una afectación de 350 MW en el horario diurno de este miércoles,350.0,392.0,2558.0,2950.0,350.0,22:30,True,,,,,,,,,http://www.cubadebate.cu/noticias/2022/08/03/la-union-electrica-pronostica-una-afectacion-de-350-mw-en-el-horario-diurno-de-este-miercoles/
1711750,2022-08-04,09:49:16,Unión Eléctrica estima una afectación máxima de 650 MW durante el horario diurno de este jueves,618.0,548.0,2352.0,2900.0,336.0,10:50,False,,,,,,,,,http://www.cubadebate.cu/noticias/2022/08/04/union-electrica-estima-una-afectacion-maxima-de-650-mw-durante-el-horario-diurno-de-este-jueves/
1711972,2022-08-05,17:03:43,Unión Eléctrica prevé afectaciones al servicio por déficit en capacidad de generación,728.0,658.0,2342.0,3000.0,,20:30,True,,,,,,,,,http://www.cubadebate.cu/noticias/2022/08/05/union-electrica-preve-afectaciones-al-servicio-por-deficit-en-capacidad-de-generacion/
1712833,2022-08-07,08:58:47,UNE informa de una afectación máxima de 750 MW en el horario diurno,750.0,780.0,2170.0,2950.0,,19:25,True,,,,,,,,,http://www.cubadebate.cu/noticias/2022/08/07/une-informa-de-una-afectacion-maxima-de-750-mw-en-el-horario-diurno/
1713353,2022-08-08,07:52:29,Unión Eléctrica: Se estima una afectación máxima de 850 MW en el horario diurno,850.0,854.0,2066.0,3000.0,,21:00,True,,,,,,,,,http://www.cubadebate.cu/noticias/2022/08/08/union-electrica-se-estima-una-afectacion-maxima-de-850-mw-en-el-horario-diurno/
1713959,2022-08-09,09:04:58,Unión Eléctrica: Persistirán afectaciones en el servicio eléctrico este martes,807.0,807.0,2243.0,3050.0,,,True,,,,,,,,,http://www.cubadebate.cu/noticias/2022/08/09/union-electrica-persistiran-afectaciones-en-el-servicio-electrico-este-martes/
1714373,2022-08-10,08:06:35,La UNE pronostica una afectación de 750 MW durante el horario pico de este miércoles,750.0,680.0,2270.0,2950.0,,8:40,False,,,,,475.0,,,,http://www.cubadebate.cu/noticias/2022/08/10/la-une-pronostica-una-afectacion-de-750-mw-durante-el-horario-pico-de-este-miercoles/
1714788,2022-08-11,08:11:25,La UNE pronostica una afectación de 1 071 MW durante el horario pico de este jueves,1071.0,1001.0,1999.0,3000.0,,20:20,True,1071.0,,,,,,,,http://www.cubadebate.cu/noticias/2022/08/11/la-une-pronostica-una-afectacion-de-1-071-mw-durante-el-horario-pico-de-este-jueves/
1715075,2022-08-12,08:56:40,La Unión Eléctrica estima una afectación máxima de 950 MW para el horario diurno,835.0,765.0,2285.0,3050.0,,20:50,True,,,,,,,,,http://www.cubadebate.cu/noticias/2022/08/12/la-union-electrica-estima-una-afectacion-maxima-de-950-mw-para-el-horario-diurno/
1715358,2022-08-13,08:32:30,UNE estima una afectación máxima de 800 MW durante el horario diurno de este sábado,787.0,717.0,2283.0,3000.0,,6:40,False,,,,,470.0,,,,http://www.cubadebate.cu/noticias/2022/08/13/une-estima-una-afectacion-maxima-de-800-mw-durante-el-horario-diurno-de-este-sabado/
1715531,2022-08-14,08:52:03,Unión Eléctrica estima una afectación máxima de 850 MW para el horario diurno,821.0,751.0,2199.0,2950.0,,21:00,True,,,,,,,,,http://www.cubadebate.cu/noticias/2022/08/14/union-electrica-estima-una-afectacion-maxima-de-850-mw-para-el-horario-diurno/
1715710,2022-08-15,09:24:06,Unión Eléctrica estima una afectación de 850 MW durante de este lunes,1015.0,945.0,2105.0,3050.0,945.0,20:40,True,,,,,,,,,http://www.cubadebate.cu/noticias/2022/08/15/union-electrica-estima-una-afectacion-de-850-mw-durante-de-este-lunes/
1715868,2022-08-16,08:42:23,UNE estima una afectación máxima de 800 MW durante el horario diurno de este martes,766.0,696.0,2304.0,3000.0,1127.0,8:50,False,,,,,,,,,http://www.cubadebate.cu/noticias/2022/08/16/une-estima-una-afectacion-maxima-de-800-mw-durante-el-horario-diurno-de-este-martes/
1716066,2022-08-17,08:48:48,Unión Eléctrica estima una afectación máxima de 550 MW en el horario diurno de este miércoles,693.0,623.0,2327.0,2950.0,,20:50,True,,,,,,,,,http://www.cubadebate.cu/noticias/2022/08/17/union-electrica-estima-una-afectacion-maxima-de-550-mw-en-el-horario-diurno-de-este-miercoles/
1716333,2022-08-18,08:35:51,La Unión Eléctrica estima una afectación máxima de 950 MW para el horario diurno,940.0,870.0,2210.0,3080.0,,20:40,True,,,,,,,,,http://www.cubadebate.cu/noticias/2022/08/18/la-union-electrica-estima-una-afectacion-maxima-de-950-mw-en-el-horario-diurno/
1716625,2022-08-19,08:38:02,La Unión Eléctrica informa: la máxima afectación por déficit de capacidad será de 950 MW en horario diurno,830.0,760.0,2340.0,3100.0,,20:20,True,,,,,,,,,http://www.cubadebate.cu/noticias/2022/08/19/la-union-electrica-informa-la-maxima-afectacion-por-deficit-de-capacidad-sera-de-950-mw-en-horario-diurno/
1716896,2022-08-20,09:11:21,La Unión Eléctrica estima una afectación máxima de 900 MW en el horario diurno,900.0,875.0,2275.0,3150.0,,20:40,True,945.0,,,,,,,,http://www.cubadebate.cu/noticias/2022/08/20/la-union-electrica-estima-una-afectacion-maxima-de-900-mw-en-el-horario-diurno/
1717156,2022-08-21,08:53:06,Unión Eléctrica prevé una afectación superior a 702 MW en horario pico,702.0,632.0,2468.0,3100.0,,20:40,True,,,,,,,,,http://www.cubadebate.cu/noticias/2022/08/21/union-electrica-preve-una-afectacion-superior-a-702-mw-en-horario-pico/
1717302,2022-08-22,08:37:35,Unión Eléctrica pronostica una afectación de 736 MW en el horario pico,736.0,666.0,2484.0,3150.0,,20:50,True,,,,,,,,,http://www.cubadebate.cu/noticias/2022/08/22/union-electrica-pronostica-una-afectacion-de-736-mw-en-el-horario-pico/
1717565,2022-08-23,08:03:15,Unión Eléctrica pronostica una afectación de 625 MW en el horario pico,625.0,555.0,2505.0,3060.0,,20:00,True,,,,,,,,,http://www.cubadebate.cu/noticias/2022/08/23/union-electrica-pronostica-una-afectacion-de-625-mw-en-el-horario-pico/
1717813,2022-08-24,08:49:35,La Unión Eléctrica estima una afectación máxima de 700 MW para el horario diurno,664.0,594.0,2386.0,2980.0,,20:50,True,,,,,,,,,http://www.cubadebate.cu/noticias/2022/08/24/la-union-electrica-estima-una-afectacion-maxima-de-700-mw-en-el-horario-diurno/
1718019,2022-08-25,08:37:33,Unión Eléctrica estima una afectación máxima de 614 MW para el horario pico,614.0,544.0,2436.0,2980.0,,19:20,True,,,,,,,,,http://www.cubadebate.cu/noticias/2022/08/25/union-electrica-estima-una-afectacion-maxima-de-614-mw-para-el-horario-pico/
1718216,2022-08-26,08:07:46,Unión Eléctrica: Se pronostica una afectación de 760 MW en el horario pico nocturno,760.0,690.0,2410.0,3100.0,,22:00,True,,,,,,,,,http://www.cubadebate.cu/noticias/2022/08/26/union-electrica-se-pronostica-una-afectacion-de-760-mw-en-el-horario-pico-nocturno/
1718439,2022-08-27,08:20:21,Unión Eléctrica informa que se estima afectación de 1084 MW en el horario pico,1084.0,1014.0,2186.0,3200.0,,22:50,True,,,,,,,,,http://www.cubadebate.cu/noticias/2022/08/27/union-electrica-informa-que-se-estima-afectacion-de-1084-mw-en-el-horario-pico/
1718773,2022-08-28,09:22:19,Unión Eléctrica estima afectación de 750 MW en horario diurno de este domingo,963.0,893.0,2257.0,3150.0,,,False,,,,,,,,,http://www.cubadebate.cu/noticias/2022/08/28/union-electrica-estima-afectacion-de-750-mw-en-horario-diurno-de-este-domingo/
1718889,2022-08-29,08:29:21,UNE informa afectaciones del servicio para esta jornada,890.0,820.0,2280.0,3100.0,972.0,20:10,True,,,,,,,,,http://www.cubadebate.cu/noticias/2022/08/29/une-informa-afectaciones-del-servicio-para-esta-jornada/
1719113,2022-08-30,09:34:06,UNE informa afectaciones del servicio para esta jornada,704.0,634.0,2351.0,2985.0,,19:10,True,,,,,,,,,http://www.cubadebate.cu/noticias/2022/08/30/une-informa-afectaciones-del-servicio-para-esta-jornada-2/
1719321,2022-08-31,08:46:40,Unión Eléctrica pronostica afectaciones al servicio por déficit en capacidad de generación,1106.0,1036.0,2064.0,3100.0,,19:50,True,,,,,,,,,http://www.cubadebate.cu/noticias/2022/08/31/union-electrica-pronostica-afectaciones-al-servicio-por-deficit-en-capacidad-de-generacion-2/
1719531,2022-09-01,08:57:28,Unión Eléctrica pronostica en horario pico un déficit de casi 900 MW para esta jornada,886.0,816.0,2234.0,3050.0,,19:40,True,,,,,,,,,http://www.cubadebate.cu/noticias/2022/09/01/union-electrica-pronostica-en-horario-pico-un-deficit-de-casi-900-mw-para-esta-jornada/
1719829,2022-09-02,07:42:26,La Unión Eléctrica estima una afectación máxima de 650 MW en el horario diurno,854.0,784.0,2216.0,3000.0,,20:30,True,,,,,,,,,http://www.cubadebate.cu/noticias/2022/09/02/la-union-electrica-estima-una-afectacion-maxima-de-650-mw-en-el-horario-diurno/
1720094,2022-09-03,08:39:27,Unión Eléctrica estima una afectación máxima de 650 MW en el horario diurno,650.0,620.0,2330.0,2950.0,,20:30,True,,,,,,,,,http://www.cubadebate.cu/noticias/2022/09/03/union-electrica-estima-una-afectacion-maxima-de-650-mw-en-el-horario-diurno/
1720307,2022-09-04,08:35:38,"UNE estima una afectación de 536 MW en horario pico, inferior a jornadas anteriores",536.0,466.0,2534.0,3000.0,670.0,20:40,True,,,,,,,,,http://www.cubadebate.cu/noticias/2022/09/04/une-estima-una-afectacion-de-536-mw-en-horario-pico-inferior-a-jornadas-anteriores/
1720513,2022-09-05,07:58:43,Unión Eléctrica pronostica afectación de 612 MW en horario pico,612.0,542.0,2508.0,3050.0,,21:40,False,,,,,,,,,http://www.cubadebate.cu/noticias/2022/09/05/union-electrica-pronostica-afectaciones-al-servicio-por-deficit-en-capacidad-de-generacion-3/
1720805,2022-09-06,08:49:18,La UNE estima una afectación máxima de 350 MW durante el horario diurno de este martes,512.0,442.0,2558.0,3000.0,,8:40,False,,,,,,,,,http://www.cubadebate.cu/noticias/2022/09/06/la-une-estima-una-afectacion-maxima-de-350-mw-durante-el-horario-diurno-de-este-martes/
1721009,2022-09-07,08:35:08,Unión Eléctrica pronostica una afectación de 596 MW en el horario pico de este miércoles,596.0,526.0,2454.0,2980.0,,20:10,True,,,,,,,,,http://www.cubadebate.cu/noticias/2022/09/07/union-electrica-pronostica-una-afectacion-de-596-mw-en-el-horario-pico-de-este-miercoles/
1721300,2022-09-08,07:38:32,Unión Eléctrica pronostica una afectación máxima de 600 MW para el horario diurno,600.0,571.0,2409.0,2980.0,,20:00,True,,,,,,,,,http://www.cubadebate.cu/noticias/2022/09/08/union-electrica-pronostica-una-afectacion-maxima-de-600-mw-para-el-horario-diurno/
1721556,2022-09-09,08:15:38,Unión Eléctrica informa sobre las posibles afectaciones para esta jornada,663.0,593.0,2387.0,2980.0,,20:30,True,,,,,,,,,http://www.cubadebate.cu/noticias/2022/09/09/union-electrica-informa-sobre-las-posibles-afectaciones-para-esta-jornada/
1721797,2022-09-10,08:16:29,La Unión Eléctrica estima una afectación de 732 MW para el horario pico,732.0,662.0,2318.0,2980.0,790.0,18:45,True,,,,,,,,,http://www.cubadebate.cu/noticias/2022/09/10/la-union-electrica-estima-una-afectacion-de-732-mw-en-el-horario-pico/
1722006,2022-09-11,09:14:52,UNE pronostica afectación de 750 MW durante el horario pico de este domingo,750.0,680.0,2420.0,,,7:50,True,,,,,367.0,,,,http://www.cubadebate.cu/noticias/2022/09/11/une-pronostica-afectacion-de-750-mw-durante-el-horario-pico-de-este-domingo/
1722175,2022-09-12,09:18:12,La UNE prevé una afectación de 850 MW en el horario diurno este lunes,821.0,751.0,2389.0,3150.0,,22:00,True,,,,,,,,,http://www.cubadebate.cu/noticias/2022/09/12/la-une-preve-una-afectacion-de-850-mw-en-el-horario-diurno-este-lunes/
1722382,2022-09-13,08:30:43,Unión Eléctrica estima una afectación máxima de 964 MW en el horario pico,964.0,894.0,2206.0,3100.0,,20:50,True,,,,,,,,,http://www.cubadebate.cu/noticias/2022/09/13/union-electrica-estima-una-afectacion-maxima-de-964-mw-en-el-horario-pico/
1722714,2022-09-14,10:42:38,Unión Eléctrica pronostica una afectación máxima de 874 MW en el horario pico,874.0,804.0,2196.0,3000.0,,19:10,True,,,,,,,,,http://www.cubadebate.cu/noticias/2022/09/14/union-electrica-pronostica-una-afectacion-maxima-de-874-mw-en-el-horario-pico/
1722947,2022-09-15,08:57:12,UNE pronostica una afectación de 885 MW durante el horario pico de este jueves,885.0,815.0,2165.0,2980.0,,7:10,True,,,,,341.0,,,,http://www.cubadebate.cu/noticias/2022/09/15/une-pronostica-una-afectacion-de-885-mw-durante-el-horario-pico-de-este-jueves/
1723149,2022-09-16,07:50:17,Unión Eléctrica: Se estima una afectación de 950 MW en el pico nocturno de este viernes,950.0,880.0,2100.0,2980.0,,20:10,True,,,,,,,,,http://www.cubadebate.cu/noticias/2022/09/16/union-electrica-se-estima-una-afectacion-de-950-mw-en-el-pico-nocturno-de-este-viernes/
1723303,2022-09-17,08:24:03,La Unión Eléctrica pronostica una afectación superior a los 800 MW en el horario diurno,765.0,695.0,2405.0,3100.0,,20:20,True,,,,,,,,,http://www.cubadebate.cu/noticias/2022/09/17/la-union-electrica-pronostica-una-afectacion-superior-a-los-800-mw-en-el-horario-diurno/
1723595,2022-09-18,09:02:33,Unión Electrica pronostica afectación para el horario pico de 513 MW,513.0,443.0,2507.0,2950.0,,19:20,True,,2159.0,2140.0,,,,,,http://www.cubadebate.cu/noticias/2022/09/18/union-electrica-pronostica-afectacion-para-el-horario-pico-de-513-mw/
1723803,2022-09-19,08:56:18,Unión Eléctrica informa afectación de 890 MW para el horario pico,890.0,820.0,2160.0,2980.0,,20:10,False,,,,,,,,,http://www.cubadebate.cu/noticias/2022/09/19/union-electrica-informa-afectacion-de-890-mw-para-el-horario-pico/
1724008,2022-09-20,08:31:51,Unión Eléctrica estima una afectación máxima de 700 MW en el horario diurno,949.0,879.0,2221.0,3100.0,,20:50,True,,,,,,,,,http://www.cubadebate.cu/noticias/2022/09/20/union-electrica-estima-una-afectacion-maxima-de-700-mw-en-el-horario-diurno/
1724191,2022-09-21,08:35:46,La Unión Eléctrica pronostica una afectación de 1 052 MW para el horario pico de este miércoles,1052.0,982.0,2118.0,3100.0,,20:00,True,,,,,,,,,http://www.cubadebate.cu/noticias/2022/09/21/la-union-electrica-pronostica-una-afectacion-de-1-052-mw-para-el-horario-pico-de-este-miercoles/
1724492,2022-09-22,08:14:46,Crece el déficit en la capacidad de generación: Se pronostica una afectación de 1 233 MW en el pico nocturno,1233.0,1163.0,2037.0,3200.0,,20:20,True,,,,,,,,,http://www.cubadebate.cu/noticias/2022/09/22/crece-el-deficit-en-la-capacidad-de-generacion-se-pronostica-una-afectacion-de-1233-mw-en-el-pico-nocturno/
1724715,2022-09-23,08:51:32,Unión Eléctrica pronostica afectación de 1 133 MW en el pico nocturno por déficit en capacidad de generación,1133.0,1063.0,2187.0,3250.0,,19:40,True,,,,,,,,,http://www.cubadebate.cu/noticias/2022/09/23/union-electrica-pronostica-afectacion-de-1-133-mw-en-el-pico-nocturno-por-deficit-en-capacidad-de-generacion/
1724940,2022-09-24,08:20:32,Se mantiene el alto déficit en capacidad de generación: Unión Eléctrica estima una afectación de 828 MW en horario pico,828.0,758.0,2392.0,3150.0,,20:30,True,,,,,,,,,http://www.cubadebate.cu/noticias/2022/09/24/se-mantiene-el-alto-deficit-en-capacidad-de-generacion-union-electrica-estima-una-afectacion-de-828-mw-en-horario-pico/
1725176,2022-09-25,08:32:30,Unión Eléctrica pronostica una afectación de 508 MW en el pico nocturno,508.0,438.0,2462.0,2900.0,,20:00,True,,,,,,,,,http://www.cubadebate.cu/noticias/2022/09/25/union-electrica-pronostica-una-afectacion-de-508-mw-en-el-pico-nocturno/
1725640,2022-09-26,07:58:04,Unión Eléctrica pronostica una afectación de 573 MW en el horario pico,573.0,503.0,2347.0,2850.0,,20:10,False,,,,,,,,,http://www.cubadebate.cu/noticias/2022/09/26/union-electrica-pronostica-una-afectacion-de-573-mw-en-el-horario-pico/
1726281,2022-09-27,08:55:44,Unión Eléctrica pronostica una afectación de 409 MW en el horario pico,409.0,339.0,2281.0,2620.0,,18:00,False,,,,,,,,,http://www.cubadebate.cu/noticias/2022/09/27/nota-informativa-2/
1727289,2022-09-30,07:56:13,UNE: El Sistema Eléctrico Nacional ya está integrado,1246.0,1171.0,1879.0,3050.0,,,True,,,,,,,,,http://www.cubadebate.cu/noticias/2022/09/30/une-el-sistema-electrico-nacional-ya-esta-integrado/
1727464,2022-10-01,08:47:19,La Unión Eléctrica estima una afectación de 807 MW en el horario pico este sábado,807.0,737.0,2113.0,2850.0,,19:40,True,,,,,,,,,http://www.cubadebate.cu/noticias/2022/10/01/la-union-electrica-estima-una-afectacion-de-807-mw-en-el-horario-pico-este-sabado/
1727741,2022-10-02,09:11:32,Unión Eléctrica estima una afectación en horario pico de 749 MW,0.0,0.0,,,,19:40,False,,,,,,,,,http://www.cubadebate.cu/noticias/2022/10/02/union-electrica-estima-una-afectacion-en-horario-pico-de-749-mw/
1728062,2022-10-03,08:54:28,La UNE pronostica una afectación de 604 MW durante la hora pico de este lunes,0.0,0.0,,,,7:40,False,,,,,577.0,,,,http://www.cubadebate.cu/noticias/2022/10/03/la-une-pronostica-una-afectacion-de-604-mw-durante-la-hora-pico-de-este-lunes/
1728237,2022-10-04,08:47:29,La UNE informa: Situación del SEN para el 4 de octubre de 2022,0.0,0.0,,,,19:50,False,,,,,,,,,http://www.cubadebate.cu/noticias/2022/10/04/la-une-informa-situacion-del-sen-para-el-4-de-octubre-de-2022/
1728540,2022-10-05,08:38:37,Unión Eléctrica pronostica una afectación de 858 MW en el horario pico,0.0,0.0,,,,19:50,False,,,,,,,,,http://www.cubadebate.cu/noticias/2022/10/05/union-electrica-pronostica-una-afectacion-de-858-mw-en-el-horario-pico/
1728823,2022-10-06,12:47:05,Unión Eléctrica pronostica una afectación de 1 157 MW en el pico nocturno,1157.0,1087.0,1913.0,3000.0,,20:00,False,,,,,,,,,http://www.cubadebate.cu/noticias/2022/10/06/union-electrica-pronostica-una-afectacion-de-1-157-mw-en-el-pico-nocturno/
1729097,2022-10-07,10:15:00,Unión Eléctrica pronostica alto déficit en capacidad de generación: Una afectación de 1 256 MW en horario pico,1256.0,1186.0,1914.0,3100.0,,19:40,True,,,,,,,,,http://www.cubadebate.cu/noticias/2022/10/07/union-electrica-pronostica-alto-deficit-en-capacidad-de-generacion-una-afectacion-de-1-256-mw-en-horario-pico/
1729388,2022-10-08,07:54:47,Unión Eléctrica prevé una afectación máxima de 1257 MW en el horario pico nocturno,1257.0,1187.0,2013.0,3200.0,,19:10,True,,,,,,,,,http://www.cubadebate.cu/noticias/2022/10/08/union-electrica-preve-una-afectacion-maxima-de-1257-mw-en-el-horario-pico-nocturno/
1729686,2022-10-09,09:59:37,Unión Eléctrica prevé una afectación máxima de 1119 MW en el horario pico nocturno,1119.0,1049.0,1951.0,3000.0,,19:30,True,,,,,,173.0,,,http://www.cubadebate.cu/noticias/2022/10/09/union-electrica-preve-una-afectacion-maxima-de-1119-mw-en-el-horario-pico-nocturno/
1729914,2022-10-10,08:48:30,Unión Eléctrica prevé una afectación de 1298 MW en el horario pico nocturno,1298.0,1228.0,1922.0,3150.0,,22:00,True,,,,,,96.0,,,http://www.cubadebate.cu/noticias/2022/10/10/union-electrica-preve-una-afectacion-de-1298-mw-en-el-horario-pico/
1730255,2022-10-11,08:42:54,La Unión Eléctrica estima una afectación de 1 392 MW para el horario pico nocturno,1392.0,1322.0,1875.0,3197.0,,19:30,True,,,,,,,,,http://www.cubadebate.cu/noticias/2022/10/11/la-union-electrica-estima-una-afectacion-de-1-392-mw-para-el-horario-pico/
1730714,2022-10-13,08:30:48,Unión Eléctrica: Afectación de 850 MW en horario diurno y 968 MW en pico este jueves,850.0,898.0,2252.0,3150.0,1414.0,20:00,True,,,,,,,,,http://www.cubadebate.cu/noticias/2022/10/13/union-electrica-afectacion-de-850-mw-en-horario-diurno-y-968-mw-en-pico-este-jueves/
1730901,2022-10-14,08:55:06,La UNE estima una afectación de 750 MW durante el horario diurno de este viernes,1264.0,1194.0,1956.0,3150.0,1191.0,7:20,True,,,,,,,,,http://www.cubadebate.cu/noticias/2022/10/14/la-une-estima-una-afectacion-de-750-mw-durante-el-horario-diurno-de-este-viernes/
1731158,2022-10-15,14:54:14,Unión Eléctrica estima una afectación de 1 121 MW durante el horario pico de este sábado,1121.0,1051.0,2049.0,3100.0,,20:20,True,,,,,,,,,http://www.cubadebate.cu/noticias/2022/10/15/union-electrica-estima-una-afectacion-de-1-121-mw-durante-el-horario-pico-de-este-sabado/
1731413,2022-10-16,09:36:14,Unión Eléctrica pronostica una afectación de 1108 MW en horario pico,1108.0,1038.0,2112.0,3150.0,,19:40,True,,,,,,,,,http://www.cubadebate.cu/noticias/2022/10/16/union-electrica-pronostica-una-afectacion-de-1108-mw-en-horario-pico/
1731572,2022-10-17,09:10:35,Unión Eléctrica: Afectación de 1 050 MW en horario diurno y 1 329 MW en pico este lunes,1329.0,1259.0,1941.0,3200.0,,20:20,True,,,,,,,,,http://www.cubadebate.cu/noticias/2022/10/17/union-electrica-afectacion-de-1-050-mw-en-horario-diurno-y-1-329-mw-en-pico-este-lunes/
1731926,2022-10-18,12:45:01,Unión Eléctrica: Se estima una afectación de 1050 MW en el horario diurno,1195.0,1125.0,2075.0,3200.0,,19:20,True,,,,,,90.0,,,http://www.cubadebate.cu/noticias/2022/10/18/union-electrica-se-estima-una-afectacion-de-1050-mw-en-el-horario-diurno/
1732293,2022-10-19,08:47:10,Unión Eléctrica prevé afectación de 950 MW en horario diurno y 1 230 MW en pico este miércoles,1230.0,1160.0,2090.0,3250.0,,20:40,True,,,,,,,,,http://www.cubadebate.cu/noticias/2022/10/19/union-electrica-preve-afectacion-de-950-mw-en-horario-diurno-y-1-230-mw-en-pico-este-miercoles/
1732553,2022-10-20,08:26:17,Unión Eléctrica prevé afectación de 450 MW en horario diurno y  839 MW en pico este jueves,839.0,769.0,2231.0,3000.0,,19:10,True,,,,,,,,,http://www.cubadebate.cu/noticias/2022/10/20/union-electrica-preve-afectacion-de-450-mw-en-horario-diurno-y-839-mw-en-pico-este-jueves/
1732917,2022-10-21,08:38:58,Unión Eléctrica prevé afectación de 785 MW en horario pico,785.0,715.0,2125.0,2840.0,,19:30,False,,1830.0,1970.0,,,,,,http://www.cubadebate.cu/noticias/2022/10/21/union-electrica-preve-afectacion-de-785-mw-en-horario-pico/
1733244,2022-10-22,08:40:26,La Unión Eléctrica estima una afectación de 708 MW para el horario pico nocturno,708.0,638.0,2162.0,2800.0,,18:40,False,,,,,,,,,http://www.cubadebate.cu/noticias/2022/10/22/la-union-electrica-estima-una-afectacion-de-708-mw-para-el-horario-pico-nocturno/
1733681,2022-10-24,08:43:13,Unión Eléctrica prevé afectación de 550 MW en horario diurno y 800 MW en el pico este lunes,800.0,730.0,2270.0,3000.0,935.0,19:10,False,,,,,,,,,http://www.cubadebate.cu/noticias/2022/10/24/union-electrica-preve-afectacion-de-550-mw-en-horario-diurno-y-800-mw-en-el-pico-este-lunes/
1733908,2022-10-25,08:37:48,Unión Eléctrica pronostica una afectación de 1040 MW en el pico nocturno,1040.0,970.0,2080.0,3050.0,,19:30,False,,,,,,,,,http://www.cubadebate.cu/noticias/2022/10/25/union-electrica-pronostica-una-afectacion-de-1040-mw-en-el-pico-nocturno/
1734177,2022-10-26,09:04:45,UNE estima una afectación de 1 009 MW durante el horario pico nocturno de este miércoles,1009.0,939.0,2141.0,3080.0,,7:10,False,,,,,314.0,,,,http://www.cubadebate.cu/noticias/2022/10/26/une-estima-una-afectacion-de-1-009-mw-durante-el-horario-pico-nocturno-de-este-miercoles/
1734411,2022-10-27,07:47:26,La Unión Eléctrica pronostica una afectación de 1 043 MW para el horario pico nocturno de este jueves,1043.0,973.0,2117.0,3090.0,,19:30,False,,,,,,,,,http://www.cubadebate.cu/noticias/2022/10/27/la-union-electrica-pronostica-una-afectacion-de-1-043-mw-para-el-horario-pico-nocturno-de-este-jueves/
1734653,2022-10-28,08:23:41,Unión Eléctrica pronostica una afectación de 961 MW para el horario pico nocturno de este viernes,961.0,891.0,2109.0,3000.0,,19:20,False,,,,,,,,,http://www.cubadebate.cu/noticias/2022/10/28/union-electrica-pronostica-una-afectacion-de-961-mw-para-el-horario-pico-nocturno-de-este-viernes/
1734882,2022-10-29,08:33:39,Unión Eléctrica pronostica una afectación de 975 MW para el horario pico nocturno de este sábado,975.0,905.0,2095.0,3000.0,,19:10,False,,,,,,,,,http://www.cubadebate.cu/noticias/2022/10/29/union-electrica-pronostica-una-afectacion-de-975-mw-para-el-horario-pico-nocturno-de-este-sabado/
1735117,2022-10-30,08:38:37,Unión Eléctrica pronostica para este domingo un déficit de 946 MW en horario pico,946.0,876.0,2154.0,3030.0,,19:20,False,,,,,,,,,http://www.cubadebate.cu/noticias/2022/10/30/union-electrica-pronostica-para-este-domingo-un-deficit-de-946-mw-en-horario-pico/
1735300,2022-10-31,07:34:18,La Unión Eléctrica estima una afectación de 700 MW en el horario diurno y de 1086 MW para el pico nocturno,1086.0,1016.0,2084.0,3100.0,,19:00,False,,,,,,,,,http://www.cubadebate.cu/noticias/2022/10/31/la-union-electrica-estima-una-afectacion-de-700-mw-en-el-horario-diurno-y-de-1086-mw-para-el-pico-nocturno/
1735597,2022-11-01,14:34:55,Unión Eléctrica pronostica alto déficit en capacidad de generación en el horario diurno y para el pico nocturno,1487.0,1417.0,1783.0,3200.0,,19:20,False,,,,,,,,,http://www.cubadebate.cu/noticias/2022/11/01/union-electrica-pronostica-alto-deficit-en-capacidad-de-generacion-en-el-horario-diurno-y-para-el-pico-nocturno/
1735864,2022-11-02,08:49:40,La Unión Eléctrica estima una afectación de 1 213 MW para el horario pico nocturno,1213.0,1143.0,2107.0,3250.0,,19:10,False,,,,,,,,,http://www.cubadebate.cu/noticias/2022/11/02/la-union-electrica-estima-una-afectacion-de-1-213-mw-para-el-horario-pico-nocturno/
1736099,2022-11-03,08:39:08,Unión Eléctrica estima una afectación máxima de 1102 MW en el pico nocturno,1102.0,1032.0,2168.0,3200.0,,19:20,False,,,,,,,,,http://www.cubadebate.cu/noticias/2022/11/03/union-electrica-estima-una-afectacion-maxima-de-600-mw-en-el-horario-diurno/
1736338,2022-11-04,07:45:59,Unión Eléctrica estima una afectación máxima de 1004 MW en el horario nocturno,1004.0,934.0,2206.0,3140.0,,19:20,False,,,,,,118.0,,,http://www.cubadebate.cu/noticias/2022/11/04/union-electrica-estima-una-afectacion-maxima-de-1004-mw-en-el-horario-nocturno/
1736599,2022-11-05,09:19:09,UNE estima una afectación de 1 149 MW durante el pico nocturno de este sábado,1149.0,1079.0,2021.0,,1174.0,7:20,False,,,,,,,,,http://www.cubadebate.cu/noticias/2022/11/05/une-estima-una-afectacion-de-1-149-mw-durante-el-pico-nocturno-de-este-sabado/
1736781,2022-11-06,08:18:00,UNE estima una afectación de 1 070 MW durante el pico nocturno,1070.0,1000.0,2100.0,3100.0,,19:20,False,,,,,,,,,http://www.cubadebate.cu/noticias/2022/11/06/une-estima-una-afectacion-de-1-070-mw-durante-el-pico-nocturno/
1737007,2022-11-07,08:21:42,Unión Eléctrica pronostica afectación de 800 MW en el horario diurno y 1 266 MW en el pico nocturno,1266.0,1196.0,2004.0,3200.0,,18:00,False,,,,,,,,,http://www.cubadebate.cu/noticias/2022/11/07/union-electrica-pronostica-afectacion-de-800-mw-en-el-horario-diurno-y-1-266-mw-en-el-pico-nocturno/
1737239,2022-11-08,07:35:55,Unión Eléctrica estima una afectación de 1 182 MW durante el pico nocturno,1182.0,1112.0,2038.0,3150.0,,18:20,False,,,,,,,,,http://www.cubadebate.cu/noticias/2022/11/08/union-electrica-estima-una-afectacion-de-1-182-mw-durante-el-pico-nocturno/
1737422,2022-11-09,08:28:00,Unión Eléctrica estima una afectación de 1 157  MW durante el pico nocturno,1157.0,1087.0,2033.0,3120.0,,18:20,False,,,,,,,,,http://www.cubadebate.cu/noticias/2022/11/09/union-electrica-estima-una-afectacion-de-1-157-mw-durante-el-pico-nocturno/
1737582,2022-11-10,08:09:54,La UNE pronostica afectación de 1 069 MW durante el pico nocturno de este jueves,1069.0,999.0,2051.0,3050.0,,6:20,False,,,,,268.0,,,,http://www.cubadebate.cu/noticias/2022/11/10/la-une-pronostica-afectacion-de-1-069-mw-durante-el-pico-nocturno-de-este-jueves/
1737909,2022-11-11,08:32:53,UNE: Se pronostica una afectación de 1062 MW en el pico nocturno,1062.0,992.0,2108.0,3100.0,,18:20,False,,,,,,,,,http://www.cubadebate.cu/noticias/2022/11/11/une-se-pronostica-una-afectacion-de-1062-mw-en-el-pico-nocturno/
1738169,2022-11-12,08:31:37,La Unión Eléctrica pronostica una afectación de 1 158 MW para el horario pico nocturno,1158.0,1088.0,2012.0,3100.0,,18:20,False,,,,,,,,,http://www.cubadebate.cu/noticias/2022/11/12/la-union-electrica-pronostica-una-afectacion-de-1-158-mw-para-el-horario-pico-nocturno/
1738335,2022-11-13,09:12:55,Unión Eléctrica pronostica un déficit inferior a los mil megawatts durante pico nocturno,988.0,918.0,2182.0,3100.0,,18:20,False,,,,,,,,,http://www.cubadebate.cu/noticias/2022/11/13/union-electrica-pronostica-un-deficit-inferior-a-los-mil-megawatts-durante-pico-nocturno/
1738484,2022-11-14,09:26:19,Unión Eléctrica pronostica un déficit de 1 108 MW megawatts en el horario nocturno,1108.0,1108.0,2042.0,3150.0,947.0,18:20,False,,,,,,,,,http://www.cubadebate.cu/noticias/2022/11/14/union-electrica-pronostica-un-deficit-de-1108-mw-megawatts-en-el-horario-nocturno/
1738822,2022-11-15,08:09:18,La Unión Eléctrica estima una afectación de 750 MW en el horario diurno y de 1148 MW para el pico nocturno,1148.0,1078.0,2022.0,3100.0,1071.0,18:20,False,,1900.0,2240.0,,,77.0,,,http://www.cubadebate.cu/noticias/2022/11/15/la-union-electrica-estima-una-afectacion-de-750-mw-en-el-horario-diurno-y-de-1148-mw-para-el-pico-nocturno/
1739180,2022-11-16,08:54:23,Unión Eléctrica estima una afectación de 1 096 MW para el pico nocturno,1096.0,1026.0,2124.0,3150.0,,18:30,False,,1910.0,2260.0,,,124.0,,,http://www.cubadebate.cu/noticias/2022/11/16/union-electrica-estima-una-afectacion-de-1-096-mw-para-el-pico-nocturno/
1739493,2022-11-17,09:02:15,UNE pronostica afectación de 1 129 MW durante horario pico nocturno de este jueves,1129.0,1059.0,2091.0,3150.0,,6:30,False,,,,,297.0,,,,http://www.cubadebate.cu/noticias/2022/11/17/une-pronostica-afectacion-de-1-129-mw-durante-horario-pico-nocturno-de-este-jueves/
1739782,2022-11-18,09:06:15,Unión Eléctrica estima un déficit de 789 MW para el pico nocturno,789.0,719.0,2381.0,3100.0,,18:20,False,,1902.0,2190.0,,,,,,http://www.cubadebate.cu/noticias/2022/11/18/union-electrica-estima-un-deficit-de-789-mw-para-el-pico-nocturno/
1740025,2022-11-19,14:20:43,Central Termoeléctrica Antonio Guiteras sincronizó al Sistema Eléctrico Nacional,686.0,616.0,2434.0,3050.0,,18:20,False,,,,,,,,,http://www.cubadebate.cu/noticias/2022/11/19/central-termoelectrica-antonio-guiteras-sincronizo-al-sistema-electrico-nacional/
1740270,2022-11-20,09:32:06,UNE prevé una afectación de 824 MW durante el pico nocturno de este domingo,824.0,754.0,2246.0,3000.0,,6:30,False,,,,,332.0,,,,http://www.cubadebate.cu/noticias/2022/11/20/une-preve-una-afectacion-de-824-mw-durante-el-pico-nocturno-de-este-domingo/
1740434,2022-11-21,09:17:03,La Unión Eléctrica estima afectaciones de 700 MW en el horario diurno y de 928 MW en el pico nocturno,928.0,858.0,2292.0,3150.0,,18:20,False,,,,,,,,,http://www.cubadebate.cu/noticias/2022/11/21/la-union-electrica-estima-afectaciones-de-700-mw-en-el-horario-diurno-y-de-928-mw-en-el-pico-nocturno/
1740667,2022-11-22,09:45:44,Unión Eléctrica informa afectaciones de poco más de mil MW para esta jornada,1027.0,957.0,2193.0,3150.0,,18:20,False,,1800.0,2260.0,420.0,,,,,http://www.cubadebate.cu/noticias/2022/11/22/union-electrica-informa-afectaciones-para-esta-jornada/
1740984,2022-11-23,09:50:35,La Unión Eléctrica estima una afectación de 902 MW para el horario pico nocturno,902.0,832.0,2318.0,3150.0,,18:20,False,,,,,,,,,http://www.cubadebate.cu/noticias/2022/11/23/la-union-electrica-estima-una-afectacion-de-902-mw-para-el-horario-pico-nocturno/
1741234,2022-11-24,08:39:44,Unión Eléctrica estima una afectación de 981 MW para el horario pico nocturno,981.0,911.0,2239.0,3150.0,,18:20,False,,,,,,,,,http://www.cubadebate.cu/noticias/2022/11/24/union-electrica-estima-una-afectacion-de-981-mw-para-el-horario-pico-nocturno/
1741479,2022-11-25,14:25:26,Unión Eléctrica estima afectación de 750 MW en horario diurno y 1 000 MW en el pico nocturno,1000.0,930.0,2220.0,3150.0,,18:30,False,,,,,,,,,http://www.cubadebate.cu/noticias/2022/11/25/union-electrica-estima-afectacion-de-750-mw-en-horario-diurno-y-1-000-mw-en-el-pico-nocturno/
1741766,2022-11-26,09:22:55,Unión Eléctrica estima afectación de 750 MW en horario diurno y 1 036 MW en el pico nocturno,1036.0,966.0,2214.0,3180.0,,18:20,False,,,,,,,,,http://www.cubadebate.cu/noticias/2022/11/26/union-electrica-estima-afectacion-de-750-mw-en-horario-diurno-y-1-036-mw-en-el-pico-nocturno/
1741993,2022-11-27,08:33:50,Unión Eléctrica estima afectación de 817 MW en el horario pico nocturno,817.0,747.0,2353.0,3100.0,,18:10,False,,,,,,,,,http://www.cubadebate.cu/noticias/2022/11/27/union-electrica-estima-afectacion-de-817-mw-en-el-horario-pico-nocturno/
1742568,2022-11-29,08:28:08,Unión Eléctrica pronostica una afectación de 1 179 MW en el pico nocturno,1179.0,1109.0,2041.0,3150.0,,18:30,False,,,,,,,,,http://www.cubadebate.cu/noticias/2022/11/29/union-electrica-pronostica-una-afectacion-de-1179-mw-en-el-pico-nocturno/
1742940,2022-11-30,14:25:02,Unión Eléctrica estima una afectación de 1135 MW para el horario pico nocturno,1135.0,1065.0,2085.0,3150.0,,18:30,False,,,,,,,,,http://www.cubadebate.cu/noticias/2022/11/30/union-electrica-estima-una-afectacion-de-1135-mw-para-el-horario-pico-nocturno/
1743145,2022-12-01,09:01:43,UNE estima afectación de 1 124 MW en el horario pico nocturno de este jueves,1124.0,1054.0,2116.0,3170.0,,6:20,False,,,,,211.0,,,,http://www.cubadebate.cu/noticias/2022/12/01/une-estima-afectacion-de-1-124-mw-en-el-horario-pico-nocturno-de-este-jueves/
1743394,2022-12-02,10:34:40,Unión Eléctrica pronostica una afectación de 1 005 MW en el pico nocturno,1005.0,935.0,2235.0,3170.0,,18:40,False,,,,,,,,,http://www.cubadebate.cu/noticias/2022/12/02/union-electrica-pronostica-una-afectacion-de-1-005-mw-en-el-pico-nocturno/
1743599,2022-12-03,10:41:33,La Unión Eléctrica pronostica una afectación de 731 MW para el horario pico nocturno de este sábado,731.0,661.0,2419.0,3080.0,,18:30,False,,,,,,,,,http://www.cubadebate.cu/noticias/2022/12/03/la-union-electrica-pronostica-una-afectacion-de-731-mw-para-el-horario-pico-nocturno-de-este-sabado/
1743812,2022-12-04,09:38:46,UNE no prevé afectaciones por déficit de capacidad de generación en el horario diurno este domingo,326.0,256.0,2544.0,2800.0,477.0,18:10,False,,,,,,,,,http://www.cubadebate.cu/noticias/2022/12/04/une-no-preve-afectaciones-por-deficit-de-capacidad-de-generacion-en-el-horario-diurno-este-domingo/
1743951,2022-12-05,08:38:30,UNE prevé afectaciones de 659 MW por déficit de capacidad de generación en el horario nocturno este lunes,659.0,389.0,2511.0,2900.0,,18:00,False,,,,,,,,,http://www.cubadebate.cu/noticias/2022/12/05/une-preve-afectaciones-de-659-mw-por-deficit-de-capacidad-de-generacion-en-el-horario-nocturno-este-lunes/
1744236,2022-12-06,08:46:42,Unión Eléctrica estima una afectación de 437 MW en el horario pico nocturno de este martes,437.0,367.0,2533.0,2900.0,,18:20,False,,,,,,,,,http://www.cubadebate.cu/noticias/2022/12/06/union-electrica-estima-una-afectacion-de-437-mw-en-el-horario-pico-de-este-martes/
1744483,2022-12-07,09:10:08,Unión Eléctrica pronostica afectación de 188 MW durante pico nocturno de este miércoles,188.0,118.0,2632.0,2750.0,238.0,6:10,False,,,,,371.0,,,,http://www.cubadebate.cu/noticias/2022/12/07/union-electrica-pronostica-afectacion-de-188-mw-durante-pico-nocturno-de-este-miercoles/
1744716,2022-12-08,08:53:46,Unión Eléctrica pronostica una afectación de 396 MW en el horario nocturno,396.0,326.0,2424.0,2750.0,,18:10,False,,2150.0,1890.0,,,,,,http://www.cubadebate.cu/noticias/2022/12/08/union-electrica-pronostica-una-afectacion-de-396-mw-en-el-horario-nocturno/
1745024,2022-12-09,09:32:30,UNE no prevé afectaciones en el horario diurno por déficit de capacidad y déficit de 118 MW en el pico nocturno este viernes,118.0,118.0,2632.0,2750.0,558.0,18:10,False,,,,,,,,,http://www.cubadebate.cu/noticias/2022/12/09/une-no-preve-afectaciones-en-el-horario-diurno-por-deficit-de-capacidad-y-deficit-de-118-mw-en-el-pico-nocturno-este-viernes/
1745310,2022-12-10,08:50:54,UNE no prevé afectaciones en el horario diurno por déficit de capacidad con déficit de 270 MW en el pico nocturno este sábado,200.0,130.0,2570.0,2700.0,60.0,18:10,False,,2280.0,1790.0,,,,,,http://www.cubadebate.cu/noticias/2022/12/10/une-no-preve-afectaciones-en-el-horario-diurno-por-deficit-de-capacidad-y-deficit-de-270-mw-en-el-pico-nocturno-este-sabado/
1745529,2022-12-11,09:06:13,"UNE pronostica afectación de 150 MW en horario pico, una de las cifras más bajas en las últimas jornadas",150.0,80.0,2620.0,2700.0,,18:10,False,,2250.0,1700.0,,,,,,http://www.cubadebate.cu/noticias/2022/12/11/une-pronostica-afectacion-de-150-mw-en-horario-pico-una-de-las-cifras-mas-bajas-en-las-ultimas-jornadas/
1745776,2022-12-12,08:42:41,Unión Eléctrica estima una afectación de 80 MW en el horario pico nocturno de este lunes,80.0,10.0,2740.0,2750.0,49.0,18:10,False,,2250.0,1820.0,,,,,,http://www.cubadebate.cu/noticias/2022/12/12/union-electrica-estima-una-afectacion-de-80-mw-en-el-horario-pico-nocturno-de-este-lunes/
1746122,2022-12-13,08:46:44,UNE estima que no se afecte el servicio por déficit de capacidad en el horario diurno,346.0,276.0,2474.0,2750.0,,18:10,False,,2058.0,1820.0,,,,,,http://www.cubadebate.cu/noticias/2022/12/13/une-estima-que-no-se-afecte-el-servicio-por-deficit-de-capacidad-en-el-horario-diurno/
1746387,2022-12-14,08:42:12,Unión Eléctrica pronostica afectación de 267 MW en el horario pico nocturno,267.0,197.0,2583.0,2780.0,,18:10,False,,2200.0,1840.0,,,,,,http://www.cubadebate.cu/noticias/2022/12/14/union-electrica-pronostica-afectacion-de-267-mw-en-el-horario-pico-nocturno/
1746696,2022-12-15,09:09:08,UNE no prevé afectaciones por déficit en el horario diurno y afectación de 384 MW en el pico nocturno este jueves,384.0,314.0,2486.0,2800.0,383.0,18:20,False,,,,,,,,,http://www.cubadebate.cu/noticias/2022/12/15/une-no-preve-afectaciones-por-deficit-en-el-horario-diurno-y-afectacion-de-384-mw-en-el-pico-nocturno-este-jueves/
1746807,2022-12-16,08:45:16,Unión Eléctrica: Sincroniza Felton 1 y se estima afectaciones de 253 MW en el pico nocturno este viernes,253.0,183.0,2567.0,2750.0,,18:20,False,,2150.0,1900.0,,,,,,http://www.cubadebate.cu/noticias/2022/12/16/union-electrica-sincroniza-felton-1-y-se-estima-afectaciones-de-253-mw-en-el-pico-nocturno-este-viernes/
1746930,2022-12-17,08:56:25,UNE pronostica que no habrá afectaciones durante el pico nocturno de este sábado,0.0,0.0,2815.0,2730.0,,6:20,False,,,,,371.0,,,,http://www.cubadebate.cu/noticias/2022/12/17/une-pronostica-que-no-habra-afectaciones-durante-el-pico-nocturno-de-este-sabado/
1747111,2022-12-18,09:01:04,Por segundo día consecutivo la Unión Eléctrica no prevé apagones,0.0,0.0,2845.0,2750.0,0.0,,False,,2438.0,1830.0,,,,,,http://www.cubadebate.cu/noticias/2022/12/18/por-segundo-dia-consecutivo-la-union-electrica-no-preve-apagones/
1747288,2022-12-19,08:26:10,Tercer día consecutivo sin que la Unión Eléctrica pronostique apagones por déficit,0.0,0.0,2946.0,2820.0,0.0,,False,,2660.0,1965.0,,,,,,http://www.cubadebate.cu/noticias/2022/12/19/tercer-dia-consecutivo-sin-que-la-union-electrica-pronostique-apagones-por-deficit/
1747498,2022-12-20,08:34:25,UNE no prevé afectaciones por déficit de generación durante este martes,0.0,0.0,2895.0,2780.0,,,False,,,,,,,,,http://www.cubadebate.cu/noticias/2022/12/20/une-no-preve-afectaciones-por-deficit-de-generacion-durante-este-martes/
1747831,2022-12-21,09:03:49,UNE no prevé afectaciones por déficit de generación durante este miércoles,0.0,0.0,2918.0,2800.0,0.0,,False,,,,,,,,,http://www.cubadebate.cu/noticias/2022/12/21/une-no-preve-afectaciones-por-deficit-de-generacion-durante-este-miercoles/
1748028,2022-12-22,08:36:08,Unión Eléctrica no prevé afectaciones al servicio por déficit de capacidad de generación,0.0,0.0,2885.0,2800.0,0.0,,False,,2410.0,1930.0,,,,,,http://www.cubadebate.cu/noticias/2022/12/22/union-electrica-no-preve-afectaciones-al-servicio-por-deficit-de-capacidad-de-generacion/
1748191,2022-12-23,10:33:02,La Unión Eléctrica pronostica una afectación de 60 MW para el horario pico nocturno,0.0,0.0,2713.0,2700.0,0.0,,False,,,,,,,,,http://www.cubadebate.cu/noticias/2022/12/23/la-union-electrica-pronostica-una-afectacion-de-60-mw-para-el-horario-pico-nocturno/
1748384,2022-12-24,08:54:12,No se prevén afectaciones al servicio eléctrico por capacidad de generación en esta jornada,0.0,0.0,2685.0,2600.0,,18:40,False,,2265.0,1790.0,,,,,,http://www.cubadebate.cu/noticias/2022/12/24/no-se-preven-afectaciones-al-servicio-electrico-por-capacidad-de-generacion-en-esta-jornada/
1748623,2022-12-25,10:20:38,UNE no pronostica afectaciones por déficit de generación para este domingo 25 de diciembre,0.0,0.0,2707.0,2550.0,,,False,,2160.0,1600.0,,,,,,http://www.cubadebate.cu/noticias/2022/12/25/une-no-pronostica-afectaciones-por-deficit-de-generacion-para-este-domingo-25-de-diciembre/
1748720,2022-12-26,09:44:51,Unión Eléctrica no prevé afectaciones al servicio por déficit de generación este lunes,0.0,0.0,2810.0,2550.0,0.0,,False,,2400.0,1480.0,,,,,,http://www.cubadebate.cu/noticias/2022/12/26/union-electrica-no-preve-afectaciones-al-servicio-por-deficit-de-generacion-este-lunes-2/
1748904,2022-12-27,08:56:38,UNE no pronostica afectaciones al servicio por déficit de capacidad en SEN,0.0,0.0,2780.0,2600.0,0.0,,False,,2437.0,1585.0,,,,,,http://www.cubadebate.cu/noticias/2022/12/27/une-no-pronostica-afectaciones-al-servicio-por-deficit-de-capacidad-en-sen/
1749184,2022-12-28,08:32:01,Unión Eléctrica no prevé afectaciones este miércoles 28 de diciembre,0.0,0.0,2933.0,2600.0,0.0,,False,,2610.0,1600.0,,,,,,http://www.cubadebate.cu/noticias/2022/12/28/union-electrica-no-preve-afectaciones-este-miercoles-27-de-diciembre/
1749488,2022-12-29,09:06:10,Unión Eléctrica no prevé afectaciones al servicio por déficit de generación este jueves,0.0,0.0,2854.0,2600.0,0.0,,False,,2507.0,1600.0,,,,,,http://www.cubadebate.cu/noticias/2022/12/29/union-electrica-no-preve-afectaciones-al-servicio-por-deficit-de-generacion-este-jueves/
1749747,2022-12-30,08:29:17,Aumenta generación eléctrica: UNE prevé contar con 3 100 MW este viernes,0.0,0.0,3109.0,2600.0,0.0,,False,,2660.0,1750.0,,,,,,http://www.cubadebate.cu/noticias/2022/12/30/aumenta-generacion-electrica-une-preve-contar-con-3-100-mw-este-viernes/
1749990,2022-12-31,08:48:28,UNE no prevé afectaciones en el servicio eléctrico por déficit de generación este sábado,0.0,0.0,,,,,False,,,,,,,,,http://www.cubadebate.cu/noticias/2022/12/31/une-no-preve-afectaciones-en-el-servicio-electrico-por-deficit-de-generacion-este-sabado/
1750155,2023-01-01,10:07:16,Unión Eléctrica no prevé afectaciones en el servicio por déficit de generación este domingo,0.0,0.0,3122.0,2500.0,0.0,,False,,,,,,,,,http://www.cubadebate.cu/noticias/2023/01/01/union-electrica-no-preve-afectaciones-en-el-servicio-por-deficit-de-generacion-este-domingo/
1750411,2023-01-02,10:51:42,Unión Eléctrica no prevé afectaciones por déficit  de capacidad de generación,0.0,0.0,2981.0,2600.0,0.0,,False,,2480.0,1720.0,,,,,,http://www.cubadebate.cu/noticias/2023/01/02/union-electrica-no-preve-afectaciones-por-deficit-de-capacidad-de-generacion/
1750556,2023-01-03,09:47:07,Unión Eléctrica no prevé afectaciones por déficit de capacidad de generación este martes,0.0,0.0,2943.0,2650.0,,,False,,2608.0,1700.0,,,,,,http://www.cubadebate.cu/noticias/2023/01/03/union-electrica-no-preve-afectaciones-por-deficit-de-capacidad-de-generacion-este-martes/
1750702,2023-01-04,09:04:34,UNE no prevé afectaciones al servicio durante el pico nocturno de este miércoles,0.0,0.0,2883.0,2750.0,,,False,,,,,288.0,,,,http://www.cubadebate.cu/noticias/2023/01/04/une-no-preve-afectaciones-al-servicio-durante-el-pico-nocturno-de-este-miercoles/
1750827,2023-01-05,08:19:45,Unión Eléctrica pronostica una afectación de 142 MW en horario nocturno,142.0,72.0,2688.0,2760.0,,18:20,False,,2280.0,1920.0,,,,,,http://www.cubadebate.cu/noticias/2023/01/05/union-electrica-pronostica-una-afectacion-de-142-mw-en-horario-nocturno/
1751088,2023-01-06,09:08:49,UNE pronostica afectación de 185 MW durante pico nocturno de este viernes,185.0,115.0,2585.0,2700.0,,6:20,False,,,,,,,,,http://www.cubadebate.cu/noticias/2023/01/06/une-pronostica-afectacion-de-185-mw-durante-pico-nocturno-de-este-viernes/
1751333,2023-01-07,11:11:45,Unión Eléctrica informa una afectación 60 MW en el horario pico nocturno,0.0,0.0,2670.0,2650.0,0.0,,False,,2331.0,1730.0,,,,,,http://www.cubadebate.cu/noticias/2023/01/07/union-electrica-informa-una-afectacion-60-mw-en-el-horario-pico-nocturno/
1751549,2023-01-08,08:40:28,Unión Eléctrica no pronostica afectaciones al servicio por déficit de generación,0.0,0.0,2839.0,2680.0,0.0,,False,,2480.0,1700.0,,,,,,http://www.cubadebate.cu/noticias/2023/01/08/union-electrica-no-pronostica-afectaciones-al-servicio-por-deficit-de-generacion/
1751697,2023-01-09,08:59:36,La Unión Eléctrica estima una afectación de 265 MW para el horario pico nocturno,265.0,195.0,2555.0,2750.0,,,False,,,,,,,,,http://www.cubadebate.cu/noticias/2023/01/09/la-union-electrica-estima-una-afectacion-de-265-mw-en-el-horario-pico-nocturno/
1751925,2023-01-10,09:02:49,La Unión Eléctrica estima una afectación de 118 MW para el horario pico nocturno,118.0,48.0,2602.0,2650.0,0.0,,False,,,,,,,,,http://www.cubadebate.cu/noticias/2023/01/10/la-union-electrica-estima-una-afectacion-de-118-mw-para-el-horario-pico-nocturno/
1752217,2023-01-11,08:06:44,La Unión Eléctrica pronostica una afectación de 165 MW para el horario pico nocturno de este miércoles,165.0,95.0,2585.0,2680.0,0.0,,False,,,,,,,,,http://www.cubadebate.cu/noticias/2023/01/11/union-electrica-pronostica-una-afectacion-de-165-mw-para-el-horario-pico-nocturno-de-este-miercoles/
1752516,2023-01-12,09:03:25,Unión Eléctrica pronostica una afectación de 98 MW en horario pico de este jueves,98.0,28.0,2622.0,2650.0,,,False,,2260.0,1750.0,,,,,,http://www.cubadebate.cu/noticias/2023/01/12/union-electrica-pronostica-una-afectacion-de-98-mw-en-horario-pico-de-este-jueves/
1752729,2023-01-13,09:02:40,La Unión Eléctrica pronostica una afectación de 174 MW para el horario pico nocturno,174.0,104.0,2496.0,2600.0,,18:30,False,,2180.0,1760.0,,,,,,http://www.cubadebate.cu/noticias/2023/01/13/la-union-electrica-pronostica-una-afectacion-de-174-mw-para-el-horario-pico-nocturno/
1753004,2023-01-14,09:36:05,La Unión Eléctrica pronostica una afectación de 40 MW para el horario pico nocturno,0.0,0.0,2575.0,2540.0,,18:30,False,,,,,,,,,http://www.cubadebate.cu/noticias/2023/01/14/la-union-electrica-pronostica-una-afectacion-de-40-mw-para-el-horario-pico-nocturno/
1753310,2023-01-15,10:06:15,Unión Eléctrica no prevé afectaciones por generación en horario nocturno de hoy,0.0,0.0,,,0.0,,False,,2170.0,1500.0,,,,,,http://www.cubadebate.cu/noticias/2023/01/15/union-electrica-no-preve-afectaciones-por-generacion-en-horario-nocturno-de-hoy/
1753465,2023-01-16,09:03:34,Unión Eléctrica pronostica una afectación de 70 MW en el horario pico,0.0,0.0,2552.0,2550.0,0.0,,False,,2200.0,1580.0,,,,,,http://www.cubadebate.cu/noticias/2023/01/16/union-electrica-pronostica-una-afectacion-de-70-mw-en-el-horario-pico/
1753621,2023-01-17,07:56:15,Unión Eléctrica prevé una afectación de 70 MW en el horario pico nocturno,70.0,3.0,2637.0,2640.0,,18:20,False,,2080.0,1710.0,,,,,,http://www.cubadebate.cu/noticias/2023/01/17/union-electrica-preve-una-afectacion-de-70-mw-en-el-horario-pico-nocturno/
1753881,2023-01-18,09:02:07,UNE prevé horario diurno sin afectaciones y afectación de 63 MW en el pico nocturno este miércoles,0.0,0.0,2607.0,2600.0,,,False,,,,,,,,,http://www.cubadebate.cu/noticias/2023/01/18/une-preve-horario-diurno-sin-afectaciones-y-afectacion-de-63-mw-en-el-pico-nocturno-este-miercoles/
1754056,2023-01-19,08:12:13,La Unión Eléctrica no pronostica afectaciones al servicio por déficit de capacidad de generación este jueves,0.0,0.0,2723.0,2650.0,,,False,,,,,,,,,http://www.cubadebate.cu/noticias/2023/01/19/la-union-electrica-no-pronostica-afectaciones-al-servicio-por-deficit-de-capacidad-de-generacion-este-jueves/
1754390,2023-01-20,08:35:49,La Unión Eléctrica no pronostica afectaciones al servicio por déficit de capacidad de generación para este viernes,,,,,0.0,,False,,2400.0,1770.0,,,,,,http://www.cubadebate.cu/noticias/2023/01/20/la-union-electrica-no-pronostica-afectaciones-al-servicio-por-deficit-de-capacidad-de-generacion-para-este-viernes/
1754678,2023-01-21,09:02:15,Unión Eléctrica no pronostica para este sábado afectaciones al servicio por déficit de capacidad de generación,0.0,0.0,2724.0,2650.0,0.0,,False,,2140.0,1790.0,,,,,,http://www.cubadebate.cu/noticias/2023/01/21/union-electrica-no-pronostica-para-este-sabado-afectaciones-al-servicio-por-deficit-de-capacidad-de-generacion/
1754924,2023-01-22,09:11:07,Unión Eléctrica pronostica para este domingo un déficit de generación de 60 MW,0.0,0.0,2666.0,2650.0,,,False,,2100.0,1656.0,,,,,,http://www.cubadebate.cu/noticias/2023/01/22/union-electrica-pronostica-para-este-domingo-un-deficit-de-generacion-de-60-mw/
1755091,2023-01-23,10:09:12,Unión Eléctrica pronostica una afectación de 464 MW en el horario pico,464.0,394.0,2386.0,2780.0,,18:40,False,464.0,1960.0,1890.0,,,,,,http://www.cubadebate.cu/noticias/2023/01/23/union-electrica-pronostica-una-afectacion-de-464-mw-en-el-horario-pico/
1755291,2023-01-24,09:42:49,UNE prevé afectaciones en el servicio eléctrico durante el día y la noche este martes,581.0,511.0,2289.0,2800.0,524.0,18:30,False,,,,,,,,,http://www.cubadebate.cu/noticias/2023/01/24/une-preve-afectaciones-en-el-servicio-electrico-durante-el-dia-y-la-noche-este-martes/
1755548,2023-01-25,08:18:11,Unión Eléctrica pronostica una afectación de 515 MW en el horario pico nocturno,515.0,445.0,2455.0,2900.0,550.0,18:40,False,,1860.0,1975.0,197.0,,,,,http://www.cubadebate.cu/noticias/2023/01/25/union-electrica-pronostica-una-afectacion-de-515-mw-en-el-horario-pico-nocturno/
1755840,2023-01-26,09:20:04,Unión Eléctrica pronostica una afectación de 293 MW en el horario nocturno de este jueves,293.0,223.0,2627.0,2850.0,,18:30,False,,2180.0,1936.0,,,,,,http://www.cubadebate.cu/noticias/2023/01/26/union-electrica-pronostica-una-afectacion-de-293-mw-en-el-horario-nocturno-de-este-jueves/
1756127,2023-01-27,08:39:31,Unión Eléctrica pronostica afectaciones de 150 MW en el horario diurno y 212 MW en el pico nocturno este viernes,150.0,142.0,2638.0,2780.0,,18:30,False,,2160.0,1950.0,,,,,,http://www.cubadebate.cu/noticias/2023/01/27/union-electrica-pronostica-afectaciones-de-150mw-en-el-horario-diurno-y-212mw-en-el-pico-nocturno-de-este-viernes/
1756428,2023-01-28,09:08:26,Unión Eléctrica no pronostica afectaciones al servicio por déficit de capacidad de generación para este sábado,0.0,0.0,,,,,False,,,,,,,,,http://www.cubadebate.cu/noticias/2023/01/28/union-electrica-no-pronostica-afectaciones-al-servicio-por-deficit-de-capacidad-de-generacion-para-este-sabado/
1756709,2023-01-29,09:32:30,UNE no prevé afectaciones por déficit de capacidad de generación este domingo,0.0,0.0,,,,,False,,,,,,,,,http://www.cubadebate.cu/noticias/2023/01/29/une-no-preve-afectaciones-por-deficit-de-capacidad-de-generacion-este-domingo/
1756836,2023-01-30,08:28:49,Unión Eléctrica pronostica afectación de 50 MW en el horario pico nocturno de este lunes,0.0,0.0,2773.0,2750.0,,,True,,2410.0,1850.0,,,,,,http://www.cubadebate.cu/noticias/2023/01/30/union-electrica-pronostica-afectacion-de-50-mw-en-el-horario-pico-nocturno-de-este-lunes/
1757066,2023-01-31,08:46:12,La Unión Eléctrica pronostica una afectación de 58 MW para el horario pico nocturno,0.0,0.0,2732.0,2720.0,,,False,,,,,,,,,http://www.cubadebate.cu/noticias/2023/01/31/la-union-electrica-pronostica-una-afectacion-de-58-mw-para-el-horario-pico-nocturno/
1757343,2023-02-01,08:01:49,La Unión Eléctrica no estima afectaciones al servicio por déficit de capacidad de generación para este 1 de febrero,0.0,0.0,,,,18:40,False,,2307.0,1960.0,,,,,,http://www.cubadebate.cu/noticias/2023/02/01/la-union-electrica-no-estima-para-este-miercoles-afectaciones-al-servicio-por-deficit-de-capacidad/
1757691,2023-02-02,09:11:34,UNE prevé horario diurno sin afectaciones y afectación de 94 MW en el pico nocturno este jueves,94.0,24.0,2756.0,2780.0,62.0,18:50,False,,,,,,,,,http://www.cubadebate.cu/noticias/2023/02/02/une-preve-horario-diurno-sin-afectaciones-y-afectacion-de-94-mw-en-el-pico-nocturno-este-jueves/
1757888,2023-02-03,08:33:01,UNE prevé horario diurno sin afectaciones y afectación de 40 MW en el pico nocturno este viernes,0.0,0.0,2810.0,2780.0,,18:40,False,,2390.0,1970.0,,,,,,http://www.cubadebate.cu/noticias/2023/02/03/une-preve-horario-diurno-sin-afectaciones-y-afectacion-de-40-mw-en-el-pico-nocturno-este-viernes/
1758194,2023-02-04,09:35:17,UNE no prevé afectaciones por déficit de capacidad de generación este sábado,0.0,0.0,2815.0,2750.0,,,False,,,,,,,,,http://www.cubadebate.cu/noticias/2023/02/04/une-no-preve-afectaciones-por-deficit-de-capacidad-de-generacion-este-sabado/
1758421,2023-02-05,09:16:39,"Con una reserva de 369 MW, la Unión Eléctrica no pronostica afectaciones hoy por déficit de generación",0.0,0.0,3019.0,2650.0,,,False,,2660.0,1728.0,,,,,,http://www.cubadebate.cu/noticias/2023/02/05/con-una-reserva-de-369-mw-la-union-electrica-no-pronostica-afectaciones-hoy-por-deficit-de-generacion/
1758627,2023-02-06,09:11:50,UNE prevé posibles afectaciones en centro y oriente durante el día y afectación de 147 MW en pico este lunes,147.0,77.0,2723.0,2800.0,,,False,,,,,,,,,http://www.cubadebate.cu/noticias/2023/02/06/une-preve-posibles-afectaciones-en-centro-y-oriente-durante-el-dia-y-afectacion-de-147-mw-en-pico-este-lunes/
1758917,2023-02-07,09:07:13,UNE pronostica afectación de 50 MW durante el pico nocturno de este martes,0.0,0.0,2820.0,2800.0,,6:40,False,,2400.0,2000.0,,278.0,,,,http://www.cubadebate.cu/noticias/2023/02/07/une-pronostica-afectacion-de-50-mw-durante-el-pico-nocturno-de-este-martes/
1759223,2023-02-08,09:13:13,UNE prevé para este miércoles una afectación de 187 MW en horario pico,187.0,117.0,2658.0,2775.0,,18:50,False,,2290.0,1980.0,,,,,,http://www.cubadebate.cu/noticias/2023/02/08/une-preve-para-este-miercoles-una-afectacion-de-187-mw-en-horario-pico/
1759474,2023-02-09,08:14:23,UNE pronostica afectación de 285 MW en horario pico nocturno de este jueves,285.0,215.0,2585.0,2800.0,,18:50,False,,1990.0,1970.0,,,,,,http://www.cubadebate.cu/noticias/2023/02/09/une-pronostica-afectacion-de-285-mw-en-horario-pico-nocturno-de-este-jueves/
1759778,2023-02-10,08:37:38,Unión Eléctrica pronostica afectación de 277 MW en horario pico de este viernes,277.0,207.0,2573.0,2780.0,,18:40,False,,2046.0,1950.0,,,,,,http://www.cubadebate.cu/noticias/2023/02/10/union-electrica-pronostica-afectacion-de-277-mw-en-horario-pico-de-este-viernes/
1760210,2023-02-11,10:21:58,UNE pronostica afectación de 395 MW durante el horario pico nocturno de este sábado,395.0,325.0,2475.0,2800.0,,6:50,False,,2000.0,1950.0,,271.0,,,,http://www.cubadebate.cu/noticias/2023/02/11/une-pronostica-afectacion-de-395-mw-durante-el-horario-pico-nocturno-de-este-sabado/
1760473,2023-02-12,09:22:34,UNE pronostica una afectación de 123 MW en el pico nocturno con una mayor incidencia en la zona centro oriental,123.0,53.0,2647.0,2700.0,,18:50,False,,2180.0,1870.0,,,,,,http://www.cubadebate.cu/noticias/2023/02/12/une-pronostica-una-afectacion-de-123-mw-en-el-pico-nocturno-con-una-mayor-incidencia-en-la-zona-centro-oriental/
1760663,2023-02-13,08:25:05,UNE pronostica afectación de 182 MW durante el horario pico nocturno de este lunes,182.0,112.0,2668.0,2780.0,,18:40,False,,,,,,,,,http://www.cubadebate.cu/noticias/2023/02/13/une-pronostica-afectacion-de-182-mw-durante-el-horario-pico-nocturno-de-este-lunes/
1760973,2023-02-14,09:11:54,UNE pronostica afectación de 121 MW durante el horario pico nocturno de este martes,121.0,51.0,2739.0,2790.0,,19:00,False,,2360.0,1850.0,,,,,,http://www.cubadebate.cu/noticias/2023/02/14/une-pronostica-afectacion-de-121-mw-durante-el-horario-pico-nocturno-de-este-martes/
1761188,2023-02-15,08:50:13,UNE pronostica afectación de 197 MW durante el horario pico nocturno de este miércoles,197.0,127.0,2623.0,2750.0,0.0,,False,,2341.0,1860.0,,,,,,http://www.cubadebate.cu/noticias/2023/02/15/une-pronostica-afectacion-de-197-mw-durante-el-horario-pico-nocturno-de-este-miercoles/
1761480,2023-02-16,08:21:49,Unión Eléctrica no pronostica afectación para este jueves,0.0,0.0,2814.0,2720.0,0.0,,False,,2500.0,1940.0,,,,,,http://www.cubadebate.cu/noticias/2023/02/16/union-electrica-no-pronostica-afectacion-para-este-jueves/
1761745,2023-02-17,08:34:14,UNE informa afectaciones en el servicio durante el horario pico para esta jornada,93.0,23.0,2737.0,2760.0,,18:50,False,,2450.0,2030.0,,,,,,http://www.cubadebate.cu/noticias/2023/02/17/une-informa-afectaciones-en-el-servicio-durante-el-horario-pico-para-esta-jornada/
1761994,2023-02-18,08:42:38,Unión Eléctrica pronostica afectación de 100 MW en el horario pico nocturno de este sábado,100.0,30.0,2670.0,2700.0,0.0,,False,100.0,2056.0,1930.0,,235.0,,,,http://www.cubadebate.cu/noticias/2023/02/18/union-electrica-pronostica-afectacion-de-100-mw-en-el-horario-pico-nocturno-de-este-sabado/
1762246,2023-02-19,09:55:00,UNE pronostica afectaciones de 115 MW en horario pico nocturno,115.0,45.0,2635.0,2680.0,1413.0,10:56,False,,2290.0,1880.0,,,,,,http://www.cubadebate.cu/noticias/2023/02/19/une-pronostica-afectaciones-de-115-mw-en-horario-pico-nocturno/
1762373,2023-02-20,08:09:34,La Unión Eléctrica pronostica una afectación de 166 MW para el horario pico nocturno,166.0,96.0,2674.0,2770.0,,18:50,False,,,,,,,,,http://www.cubadebate.cu/noticias/2023/02/20/la-union-electrica-pronostica-una-afectacion-de-166-mw-para-el-horario-pico-nocturno/
1762636,2023-02-21,10:32:45,Unión Eléctrica prevé una afectación de 567 MW en horario nocturno de este martes,567.0,497.0,2303.0,2800.0,,18:50,False,,2020.0,2080.0,,,,,,http://www.cubadebate.cu/noticias/2023/02/21/union-electrica-preve-una-afectacion-de-567-mw-en-horario-nocturno-de-este-martes/
1762838,2023-02-22,09:13:47,UNE pronostica afectación de 484 MW durante pico nocturno de este miércoles,484.0,414.0,2451.0,2865.0,,6:50,False,,,,,218.0,,,,http://www.cubadebate.cu/noticias/2023/02/22/une-pronostica-afectacion-de-484-mw-durante-pico-nocturno-de-este-miercoles/
1763053,2023-02-23,08:35:37,UNE pronostica afectación de 464 MW en el pico nocturno de este jueves,464.0,394.0,2456.0,2850.0,,19:00,True,,2040.0,2160.0,,,,,,http://www.cubadebate.cu/noticias/2023/02/23/une-pronostica-afectacion-de-464-mw-en-el-pico-nocturno-de-este-jueves/
1763352,2023-02-24,07:53:15,Unión Eléctrica estima una afectación de 598 MW para el horario pico nocturno,598.0,528.0,2322.0,2850.0,,19:00,True,,2020.0,2070.0,,,,,,http://www.cubadebate.cu/noticias/2023/02/24/union-electrica-estima-una-afectacion-de-598-mw-para-el-horario-pico-nocturno/
1763675,2023-02-25,08:59:44,Unión Eléctrica estima una afectación de 435 MW para el horario pico nocturno,435.0,365.0,2435.0,2800.0,,19:00,False,,,,,,,,,http://www.cubadebate.cu/noticias/2023/02/25/union-electrica-estima-una-afectacion-de-435-mw-para-el-horario-pico-nocturno/
1763980,2023-02-26,09:49:35,UNE pronostica afectación de  324 MW en el pico nocturno de este domingo,324.0,324.0,2376.0,2700.0,,19:00,False,,2020.0,1855.0,,,,,,http://www.cubadebate.cu/noticias/2023/02/26/une-pronostica-afectacion-de-324-mw-en-el-pico-nocturno-de-este-domingo/
1764108,2023-02-27,08:22:06,La Unión Eléctrica pronostica una afectación de 579 MW para el horario pico nocturno,579.0,509.0,2346.0,2855.0,,19:00,False,,2000.0,1900.0,,,,,,http://www.cubadebate.cu/noticias/2023/02/27/la-union-electrica-pronostica-una-afectacion-de-579-mw-para-el-horario-pico-nocturno/
1764396,2023-02-28,08:11:57,Unión Eléctrica pronostica una afectación de 485 MW para el horario pico nocturno,485.0,415.0,2415.0,2830.0,,18:50,False,,,,,,,,,http://www.cubadebate.cu/noticias/2023/02/28/union-electrica-pronostica-una-afectacion-de-485-mw-para-el-horario-pico-nocturno/
1764655,2023-03-01,09:12:02,Unidad 1 de la CTE Felton entró al SEN y aportará 125 MW adicionales,0.0,0.0,2802.0,2780.0,,18:50,False,,2320.0,1980.0,,,,,,http://www.cubadebate.cu/noticias/2023/03/01/unidad-1-de-la-cte-felton-entro-al-sen-y-aportara-125-mw-adicionales/
1764990,2023-03-02,08:46:33,UNE pronostica afectación de 195 MW en el horario pico nocturno de este jueves,195.0,125.0,2655.0,2780.0,,,False,,2295.0,1980.0,,244.0,,,,http://www.cubadebate.cu/noticias/2023/03/02/une-pronostica-afectacion-de-195-mw-en-el-horario-pico-nocturno-de-este-jueves/
1765286,2023-03-03,09:44:17,UNE pronostica afectación de 329 MW en el horario pico nocturno de este viernes,329.0,259.0,2541.0,2800.0,,19:00,False,,2224.0,2030.0,,,,,,http://www.cubadebate.cu/noticias/2023/03/03/une-pronostica-afectacion-de-329-mw-en-el-horario-pico-nocturno-de-este-viernes/
1765567,2023-03-04,08:48:19,UNE pronostica una afectación de 166 MW en horario pico de este sábado,166.0,96.0,2704.0,2800.0,,19:00,False,,2480.0,1980.0,,,,,,http://www.cubadebate.cu/noticias/2023/03/04/une-pronostica-una-afectacion-de-166-mw-en-horario-pico-de-este-sabado/
1765855,2023-03-05,09:08:41,Unión Eléctrica pronostica déficit de 150 MW en horario pico,150.0,80.0,2620.0,2700.0,,18:50,False,,2550.0,1980.0,,,,,,http://www.cubadebate.cu/noticias/2023/03/05/union-electrica-pronostica-deficit-de-150-mw-en-horario-pico/
1765992,2023-03-06,08:49:55,La Unión Eléctrica pronostica una afectación de 496 MW para el horario pico nocturno,496.0,426.0,2434.0,2860.0,,19:00,False,,,,,,,,,http://www.cubadebate.cu/noticias/2023/03/06/la-union-electrica-pronostica-una-afectacion-de-496-mw-para-el-horario-pico-nocturno/
1766255,2023-03-07,08:57:05,UNE prevé afectación máxima de 250 MW en horario diurno y 653 MW en pico nocturno este martes,653.0,583.0,2277.0,2860.0,541.0,19:00,False,,,,,,,,,http://www.cubadebate.cu/noticias/2023/03/07/une-preve-afectacion-maxima-de-250-mw-en-horario-diurno-y-653-mw-en-pico-nocturno-este-martes/
1766538,2023-03-08,09:01:04,UNE prevé afectación de 655 MW durante horario pico nocturno de este miércoles,655.0,585.0,2295.0,2880.0,747.0,7:00,False,,,,,212.0,,,,http://www.cubadebate.cu/noticias/2023/03/08/une-preve-afectacion-de-655-mw-durante-horario-pico-nocturno-de-este-miercoles/
1766718,2023-03-09,09:01:56,Unión Eléctrica prevé afectación de 790 MW en horario pico nocturno de este jueves,790.0,720.0,2165.0,2885.0,350.0,19:00,False,350.0,,,,165.0,,,,http://www.cubadebate.cu/noticias/2023/03/09/union-electrica-preve-afectacion-de-790-mw-en-horario-pico-nocturno-de-este-jueves/
1767016,2023-03-10,09:04:39,Unión Eléctrica estima afectación de 695 MW en horario pico nocturno de hoy,695.0,625.0,2260.0,2885.0,786.0,18:50,False,,,,,,,,,http://www.cubadebate.cu/noticias/2023/03/10/union-electrica-estima-afectacion-de-695-mw-en-horario-pico-nocturno-de-hoy/
1767387,2023-03-11,10:16:34,Unión Eléctrica pronostica una afectación de 550 MW en el pico nocturno,550.0,480.0,2340.0,2820.0,581.0,19:00,False,,2150.0,1920.0,,,,,,http://www.cubadebate.cu/noticias/2023/03/11/union-electrica-pronostica-una-afectacion-de-550-mw-en-el-pico-nocturno/
1767623,2023-03-12,10:43:59,Unión Eléctrica pronostica una afectación de 252 MW en el pico nocturno,0.0,0.0,,,388.0,18:50,False,,,,,,,,,http://www.cubadebate.cu/noticias/2023/03/12/union-electrica-pronostica-una-afectacion-de-252-mw-en-el-pico-nocturno/
1767838,2023-03-13,09:38:49,La Unión Eléctrica pronostica una afectación de 270 MW para el horario pico nocturno,270.0,200.0,2550.0,2750.0,506.0,20:00,False,,,,,,,,,http://www.cubadebate.cu/noticias/2023/03/13/la-union-electrica-pronostica-una-afectacion-de-270-mw-para-el-horario-pico-nocturno/
1768038,2023-03-14,09:19:27,UNE informa afectaciones en el servicio durante el horario pico para esta jornada,620.0,550.0,2250.0,2800.0,613.0,19:50,False,,2150.0,2100.0,,,,,,http://www.cubadebate.cu/noticias/2023/03/14/une-informa-afectaciones-en-el-servicio-durante-el-horario-pico-para-esta-jornada-2/
1768369,2023-03-15,08:57:15,UNE pronostica una afectación de 620 MW en el horario pico nocturno,610.0,540.0,2260.0,2800.0,648.0,19:50,False,,,,,,,,,http://www.cubadebate.cu/noticias/2023/03/15/une-pronostica-una-afectacion-de-620-mw-en-el-horario-pico/
1768669,2023-03-16,07:53:30,UNE pronostica una afectación de 180 MW en el horario pico nocturno de este jueves,180.0,110.0,2690.0,2800.0,412.0,18:30,False,,2550.0,1840.0,,,,,,http://www.cubadebate.cu/noticias/2023/03/16/une-pronostica-una-afectacion-de-180-mw-en-el-horario-pico-nocturno-de-este-jueves/
1769141,2023-03-18,09:56:19,UNE: No se pronostican afectaciones al servicio eléctrico por déficit de capacidad de generación,0.0,0.0,2840.0,2550.0,,,False,,,,,,,,,http://www.cubadebate.cu/noticias/2023/03/18/une-no-se-pronostican-afectaciones-al-servicio-electrico-por-deficit-de-capacidad-de-generacion/
1769439,2023-03-19,10:39:18,Unión Eléctrica no prevé afectaciones al servicio este domingo 19 de marzo,0.0,0.0,,,,,False,,2620.0,1885.0,,,,,,http://www.cubadebate.cu/noticias/2023/03/19/union-electrica-no-preve-afectaciones-al-servicio-este-domingo-19-de-marzo/
1769613,2023-03-20,08:49:17,Unión Eléctrica no pronostica afectaciones por déficit de generación para este lunes,0.0,0.0,2694.0,2560.0,0.0,,False,,2540.0,1840.0,,,,,,http://www.cubadebate.cu/noticias/2023/03/20/union-electrica-no-pronostica-afectaciones-por-deficit-de-generacion-para-este-lunes/
1769882,2023-03-21,08:44:44,UNE no prevé afectaciones por déficit de capacidad de generación este martes,0.0,0.0,2605.0,2540.0,,,False,,,,,,,,,http://www.cubadebate.cu/noticias/2023/03/21/une-no-preve-afectaciones-por-deficit-de-capacidad-de-generacion-este-martes/
1770225,2023-03-23,08:12:46,Unión Eléctrica: Se prevé afectación de 50 MW por déficit de capacidad de generación en el horario pico nocturno este jueves,0.0,0.0,2540.0,2520.0,,19:00,False,,,,,,,,,http://www.cubadebate.cu/noticias/2023/03/23/union-electrica-se-preve-afectacion-de-50-mw-por-deficit-de-capacidad-de-generacion-en-el-horario-pico-nocturno-este-jueves/
1770491,2023-03-24,09:31:25,Unión Eléctrica: Se estima que afectaciones no superarán los 65 MW por déficit de generación en horario pico nocturno de este viernes,0.0,0.0,2605.0,2600.0,0.0,,False,,2460.0,1940.0,,,,,,http://www.cubadebate.cu/noticias/2023/03/24/union-electrica-se-estima-que-afectaciones-no-superaran-los-65-mw-por-deficit-de-generacion-en-horario-pico-nocturno-de-este-viernes/
1770766,2023-03-25,09:22:21,Unión Eléctrica estima que durante este sábado no ocurran afectaciones al servicio por déficit de capacidad de generación,0.0,0.0,2778.0,2600.0,0.0,,False,,2648.0,1930.0,,,,,,http://www.cubadebate.cu/noticias/2023/03/25/union-electrica-estima-que-durante-este-sabado-no-ocurran-afectaciones-al-servicio-por-deficit-de-capacidad-de-generacion/
1771115,2023-03-26,09:17:21,Unión Eléctrica no pronostica afectaciones por déficit de generación este domingo,0.0,0.0,2920.0,2600.0,0.0,,False,,2900.0,1950.0,,,,,,http://www.cubadebate.cu/noticias/2023/03/26/union-electrica-no-pronostica-afectaciones-por-deficit-de-generacion-este-domingo/
1771397,2023-03-27,09:19:51,UNE no prevé afectaciones por déficit de capacidad de generación este lunes,0.0,0.0,2865.0,2720.0,,,False,,,,,,,,,http://www.cubadebate.cu/noticias/2023/03/27/une-no-preve-afectaciones-por-deficit-de-capacidad-de-generacion-este-lunes/
1771558,2023-03-28,08:17:57,UNE no prevé afectaciones por déficit de capacidad de generación este martes,0.0,0.0,2862.0,2720.0,0.0,,False,,2552.0,2130.0,,,,,,http://www.cubadebate.cu/noticias/2023/03/28/une-no-preve-afectaciones-por-deficit-de-capacidad-de-generacion-este-martes-2/
1771751,2023-03-29,08:59:07,UNE no pronostica afectaciones durante el pico nocturno de este miércoles,0.0,0.0,2742.0,2680.0,,,False,,,,,291.0,,,,http://www.cubadebate.cu/noticias/2023/03/29/une-no-pronostica-afectaciones-durante-el-pico-nocturno-de-este-miercoles/
1772147,2023-03-31,08:17:48,La Unión Eléctrica pronostica una afectación de 63 MW para el horario pico nocturno,0.0,0.0,2657.0,2650.0,,,False,,,,,,,,,http://www.cubadebate.cu/noticias/2023/03/31/la-union-electrica-pronostica-una-afectacion-de-63-mw-para-el-horario-pico-nocturno/
1772366,2023-04-01,09:06:15,La Unión Eléctrica pronostica una afectación de 144 MW para el horario pico nocturno,144.0,74.0,2576.0,2650.0,,,False,,2371.0,1950.0,,,,,,http://www.cubadebate.cu/noticias/2023/04/01/la-union-electrica-pronostica-una-afectacion-de-144-mw-para-el-horario-pico-nocturno/
1772522,2023-04-02,09:31:36,Unión Eléctrica pronostica una afectación de 230 MW en el pico nocturno,230.0,160.0,2460.0,2620.0,,,False,,2400.0,1950.0,,,,,,http://www.cubadebate.cu/noticias/2023/04/02/union-electrica-pronostica-una-afectacion-de-230-mw-en-el-pico-nocturno/
1772661,2023-04-03,08:22:25,Unión Eléctrica pronostica una afectación de 150 MW para el horario pico nocturno de este lunes,150.0,80.0,2640.0,2720.0,,,False,,2300.0,2060.0,,,,,,http://www.cubadebate.cu/noticias/2023/04/03/union-electrica-pronostica-una-afectacion-de-150-mw-para-el-horario-pico-nocturno-de-este-lunes/
1772957,2023-04-04,10:01:23,Para el horario pico nocturno de este martes la Unión Eléctrica pronostica una afectación de 237 MW,237.0,167.0,2583.0,2750.0,,20:20,False,,2393.0,2090.0,,,,,,http://www.cubadebate.cu/noticias/2023/04/04/para-el-horario-pico-nocturno-de-este-martes-la-union-electrica-pronostica-una-afectacion-de-237-mw/
1773282,2023-04-05,08:54:18,La Unión Eléctrica pronostica una afectación de 120 MW para el horario pico nocturno,120.0,50.0,2630.0,2680.0,,20:20,False,,,,,,,,,http://www.cubadebate.cu/noticias/2023/04/05/la-union-electrica-pronostica-una-afectacion-de-120-mw-para-el-horario-pico-nocturno/
1773523,2023-04-06,08:28:47,Unión Eléctrica informa afectación de 245 MW para el horario pico nocturno,245.0,175.0,2525.0,2700.0,,20:00,False,,2340.0,2120.0,,,,,,http://www.cubadebate.cu/noticias/2023/04/06/union-electrica-informa-afectacion-de-245-mw-para-el-horario-pico-nocturno/
1773796,2023-04-07,08:35:55,La Unión Eléctrica pronostica una afectación de 176 MW para el horario pico nocturno de este viernes,176.0,106.0,2594.0,2700.0,,16:35,False,,,,,,,,,http://www.cubadebate.cu/noticias/2023/04/07/la-union-electrica-pronostica-una-afectacion-de-176-mw-para-el-horario-pico-nocturno-de-este-viernes/
1774046,2023-04-08,08:14:58,Unión Eléctrica pronostica una afectación de 221 MW para el horario pico nocturno de este sábado,221.0,151.0,2499.0,2650.0,,20:10,False,,2310.0,1885.0,,,,,,http://www.cubadebate.cu/noticias/2023/04/08/union-electrica-pronostica-una-afectacion-de-221-mw-para-el-horario-pico-nocturno-de-este-sabado/
1774348,2023-04-09,08:56:07,UNE: Se prevé afectación en el servicio eléctrico durante el horario pico para esta jornada,181.0,111.0,2489.0,2600.0,77.0,01:44,False,,2262.0,1900.0,,,,,,http://www.cubadebate.cu/noticias/2023/04/09/une-se-preve-afectacion-en-el-servicio-electrico-durante-el-horario-pico-para-esta-jornada/
1774569,2023-04-10,08:36:01,Unión Eléctrica prevé para este lunes afectación de 550 MW en el servicio eléctrico por déficit de capacidad de generación,550.0,475.0,2225.0,2700.0,93.0,20:20,False,,2100.0,1995.0,,,,,,http://www.cubadebate.cu/noticias/2023/04/10/union-electrica-preve-para-este-lunes-afectacion-de-550-mw-en-el-servicio-electrico-por-deficit-de-capacidad-de-generacion/
1774815,2023-04-11,09:01:58,UNE estima afectación de 450 MW durante pico nocturno de este martes,450.0,380.0,2270.0,2650.0,,7:50,False,,2000.0,2060.0,74.0,398.0,,,,http://www.cubadebate.cu/noticias/2023/04/11/une-estima-afectacion-de-450-mw-durante-pico-nocturno-de-este-martes/
1774991,2023-04-12,09:40:34,Unión Eléctrica pronostica una afectación de 714 MW en el pico nocturno,714.0,644.0,2176.0,2820.0,70.0,02:23,False,,2010.0,2000.0,,,,,,http://www.cubadebate.cu/noticias/2023/04/12/union-electrica-pronostica-una-afectacion-de-714-mw-en-el-pico-nocturno/
1775235,2023-04-13,08:35:25,Para este jueves 13 de abril la Unión Eléctrica pronostica un déficit de 610 MW en el pico nocturno,610.0,540.0,2260.0,2800.0,,20:10,False,,2060.0,2010.0,,,,,,http://www.cubadebate.cu/noticias/2023/04/13/para-este-jueves-13-de-abril-la-union-electrica-pronostica-un-deficit-de-610-mw-en-el-pico-nocturno/
1775523,2023-04-14,09:01:45,"Se mantendrán las afectaciones eléctricas durante todo el día, déficit de 471 MW en el pico nocturno",471.0,401.0,2399.0,2800.0,,19:20,False,,2074.0,2130.0,130.0,,,,,http://www.cubadebate.cu/noticias/2023/04/14/se-mantendran-las-afectaciones-electricas-durante-todo-el-dia-deficit-de-471-mw-en-el-pico-nocturno/
1775737,2023-04-15,09:06:54,"La Unión Eléctrica pronostica para este sábado, un déficit de 580 MW en el horario nocturno",580.0,580.0,2220.0,2800.0,,20:30,False,,2050.0,2080.0,50.0,,,,,http://www.cubadebate.cu/noticias/2023/04/15/la-union-electrica-pronostica-para-este-sabado-un-deficit-de-580-mw-en-el-horario-nocturno/
1776076,2023-04-16,10:59:45,"Unión Eléctrica prevé afectaciones por déficit de generación de 222 MW, solo en pico nocturno",0.0,0.0,,,556.0,20:20,False,,2350.0,2132.0,,,,,,http://www.cubadebate.cu/noticias/2023/04/16/union-electrica-preve-afectaciones-por-deficit-de-generacion-de-222-mw-solo-en-pico-nocturno/
1776281,2023-04-17,08:34:24,"Se mantendrán las afectaciones eléctricas durante todo el día, déficit de 425 MW en el pico nocturno",425.0,355.0,2395.0,2750.0,,19:10,False,,2000.0,2086.0,103.0,,,,,http://www.cubadebate.cu/noticias/2023/04/17/se-mantendran-las-afectaciones-electricas-durante-todo-el-dia-deficit-de-425-mw-en-el-pico-nocturno/
1776441,2023-04-18,09:05:21,UNE pronostica afectación de 600 MW durante pico nocturno de este martes,600.0,530.0,2220.0,2750.0,,6:30,False,,,,,326.0,,,,http://www.cubadebate.cu/noticias/2023/04/18/une-pronostica-afectacion-de-600-mw-durante-pico-nocturno-de-este-martes/
1776677,2023-04-19,09:10:33,UNE pronostica afectación de 370 MW durante pico nocturno de este miércoles,370.0,300.0,2400.0,2700.0,,20:30,False,,2200.0,1945.0,,,,,,http://www.cubadebate.cu/noticias/2023/04/19/une-pronostica-afectacion-de-370-mw-durante-pico-nocturno-de-este-miercoles/
1777156,2023-04-20,08:23:30,La Unión Eléctrica estima una afectación de 590 MW para el horario pico nocturno,590.0,520.0,2160.0,2680.0,,17:10,False,,,,,,,,,http://www.cubadebate.cu/noticias/2023/04/20/la-union-electrica-estima-una-afectacion-de-590-mw-para-el-horario-pico-nocturno/
1777414,2023-04-21,09:21:39,UNE estima afectación de 345 MW durante pico nocturno de este viernes,345.0,275.0,2445.0,2720.0,,5:20,False,,2280.0,1930.0,,265.0,,,,http://www.cubadebate.cu/noticias/2023/04/21/une-estima-afectacion-de-345-mw-durante-pico-nocturno-de-este-viernes/
1777677,2023-04-22,09:13:45,Unión Eléctrica informa que son bajos los niveles de reserva por lo que pudiera afectarse el servicio eléctrico,0.0,0.0,2693.0,2670.0,,19:40,False,,2373.0,1944.0,,,,,,http://www.cubadebate.cu/noticias/2023/04/22/union-electrica-informa-que-son-bajos-los-niveles-de-reserva-por-lo-que-pudiera-afectarse-el-servicio-electrico/
1777894,2023-04-23,11:10:54,UNE alerta sobre posibles afectaciones este domingo por bajos niveles de reserva,0.0,0.0,2650.0,2600.0,,20:10,False,,,,,,,,,http://www.cubadebate.cu/noticias/2023/04/23/une-alerta-sobre-posibles-afectaciones-este-domingo-por-bajos-niveles-de-reserva/
1778145,2023-04-24,08:27:38,Unión Eléctrica pronostica afectación de 310 MW en el horario pico nocturno,310.0,240.0,2460.0,2700.0,,20:20,False,,2280.0,2035.0,,,,,,http://www.cubadebate.cu/noticias/2023/04/24/union-electrica-pronostica-afectacion-de-310-mw-en-el-horario-pico-nocturno/
1778389,2023-04-25,08:32:35,Unión Eléctrica pronostica afectación de 320 MW en el pico nocturno,320.0,250.0,2500.0,2750.0,,20:30,False,,2200.0,2090.0,,,,,,http://www.cubadebate.cu/noticias/2023/04/25/union-electrica-pronostica-afectacion-de-320-mw-en-el-pico-nocturno/
1778693,2023-04-26,09:02:20,Unión Eléctrica estima una afectación de 303 MW para el horario pico nocturno de este 26 de abril,303.0,233.0,2487.0,2720.0,,18:20,False,,2377.0,2140.0,,,,,,http://www.cubadebate.cu/noticias/2023/04/26/union-electrica-estima-una-afectacion-de-303-mw-para-el-horario-pico-nocturno-de-este-26-de-abril/
1778916,2023-04-27,08:40:08,La Unión Eléctrica estima una afectación de 727 MW para el horario pico nocturno de este jueves,727.0,657.0,2223.0,2880.0,,20:20,True,,,,,,,,,http://www.cubadebate.cu/noticias/2023/04/27/la-union-electrica-estima-una-afectacion-de-727-mw-para-el-horario-pico-nocturno-de-este-jueves/
1779163,2023-04-28,08:34:59,La Unión Eléctrica pronostica una afectación de 755 MW para el horario pico nocturno de este viernes,755.0,685.0,2200.0,2885.0,,17:30,True,,2100.0,2240.0,,,,,,http://www.cubadebate.cu/noticias/2023/04/28/la-union-electrica-pronostica-una-afectacion-de-755-mw-para-el-horario-pico-nocturno-de-este-viernes/
1779553,2023-04-29,08:39:47,La Unión Eléctrica pronostica para el horario pico nocturno una afectación de 528 MW,528.0,458.0,2462.0,2920.0,,20:30,True,,,,,,,,,http://www.cubadebate.cu/noticias/2023/04/29/la-union-electrica-pronostica-para-el-horario-pico-nocturno-una-afectacion-de-528-mw/
1779787,2023-04-30,09:10:22,Unión Eléctrica prevé afectaciones de 180 MW en el horario pico,0.0,0.0,,,,20:40,False,,2360.0,2250.0,,,,,,http://www.cubadebate.cu/noticias/2023/04/30/union-electrica-preve-afectaciones-de-180-mw-en-el-horario-pico/
1779973,2023-05-01,09:06:41,La Unión Eléctrica pronostica una afectación de 220 MW para el horario pico nocturno,0.0,0.0,,,,20:20,False,,,,,,,,,http://www.cubadebate.cu/noticias/2023/05/01/la-union-electrica-pronostica-una-afectacion-de-220-mw-para-el-horario-pico-nocturno/
1780197,2023-05-02,08:16:19,La Unión Eléctrica estima una afectación de 205 MW para el horario pico nocturno,0.0,0.0,,,0.0,,False,,2550.0,2070.0,,,,,,http://www.cubadebate.cu/noticias/2023/05/02/la-union-electrica-estima-una-afectacion-de-205-mw-para-el-horario-pico-nocturno/
1780402,2023-05-03,08:34:25,La Unión Eléctrica estima una afectación de 314 MW para el horario pico nocturno,0.0,0.0,,,,20:30,False,,2260.0,2190.0,,,,,,http://www.cubadebate.cu/noticias/2023/05/03/la-union-electrica-estima-una-afectacion-de-314-mw-para-el-horario-pico-nocturno/
1780588,2023-05-04,08:43:15,UNE pronostica afectación de 204 MW durante hora pico nocturna de este jueves,0.0,0.0,,,,10:40,False,,,,,,,,,http://www.cubadebate.cu/noticias/2023/05/04/une-pronostica-afectacion-de-204-mw-durante-hora-pico-nocturna-de-este-jueves/
1780809,2023-05-05,08:35:49,"No se esperan afectaciones en servicio eléctrico durante el día por déficit, afectación de 410 MW en hora pico este viernes",410.0,340.0,2440.0,2780.0,675.0,20:30,False,,,,,,,,,http://www.cubadebate.cu/noticias/2023/05/05/no-se-esperan-afectaciones-en-servicio-electrico-durante-el-dia-por-deficit-afectacion-de-410-mw-en-hora-pico-este-viernes/
1781066,2023-05-06,09:09:39,UNE pronostica afectación de 196 MW durante horario pico nocturno de este sábado,0.0,0.0,,,,20:30,False,,,,,,,,,http://www.cubadebate.cu/noticias/2023/05/06/une-pronostica-afectacion-de-196-mw-durante-horario-pico-nocturno-de-este-sabado/
1781235,2023-05-07,09:56:09,La Unión Eléctrica pronostica una afectación de 214 MW en el horario pico nocturno de este domingo,0.0,0.0,,,,20:30,False,,,,,,,,,http://www.cubadebate.cu/noticias/2023/05/07/la-union-electrica-pronostica-una-afectacion-de-214-mw-en-el-horario-pico-nocturno-de-este-domingo/
1781537,2023-05-08,10:44:13,Unión Eléctrica pronostica afectación de 235 MW para el horario pico nocturno,0.0,0.0,,,,22:40,False,,2470.0,2215.0,,,,,,http://www.cubadebate.cu/noticias/2023/05/08/union-electrica-pronostica-afectacion-de-235-mw-para-el-horario-pico-nocturno/
1781808,2023-05-09,09:09:11,La Unión Eléctrica pronostica una afectación de 93 MW en el horario pico nocturno de este martes,0.0,0.0,,,0.0,,False,,,,,,,,,http://www.cubadebate.cu/noticias/2023/05/09/la-union-electrica-pronostica-una-afectacion-de-93-mw-en-el-horario-pico-nocturno-de-este-martes/
1782013,2023-05-10,08:36:09,La UNE pronostica una afectación de 185 MW en el horario pico nocturno de este miércoles,0.0,0.0,,,,22:50,False,,2420.0,2230.0,,,,,,http://www.cubadebate.cu/noticias/2023/05/10/la-une-pronostica-una-afectacion-de-185-mw-en-el-horario-pico-nocturno-de-este-miercoles/
1782231,2023-05-11,08:50:12,Unión Eléctrica estima afectación de 184 MW en horario pico nocturno de este jueves,0.0,0.0,,,,22:40,False,,2300.0,2250.0,,,,,,http://www.cubadebate.cu/noticias/2023/05/11/union-electrica-estima-afectacion-de-184-mw-en-horario-pico-nocturno-de-este-jueves/
1782488,2023-05-12,09:26:07,UNE pronostica afectación de 180 MW durante hora pico nocturna de este viernes,0.0,0.0,,,,,False,,2464.0,2100.0,,,,,,http://www.cubadebate.cu/noticias/2023/05/12/une-pronostica-afectacion-de-180-mw-durante-hora-pico-nocturna-de-este-viernes/
1782746,2023-05-13,08:58:48,Unión Eléctrica informa que no se pronostican afectaciones en el pico nocturno,0.0,0.0,,,0.0,,False,,2624.0,2000.0,,,,,,http://www.cubadebate.cu/noticias/2023/05/13/union-electrica-informa-que-no-se-pronostican-afectaciones-en-el-pico-nocturno/
1782995,2023-05-14,08:48:05,Unión Eléctrica no pronostica déficit de generación durante todo el día,0.0,0.0,,,,20:20,False,,2818.0,1978.0,,,,,,http://www.cubadebate.cu/noticias/2023/05/14/union-electrica-no-pronostica-deficit-de-generacion-durante-todo-el-dia/
1783128,2023-05-15,09:02:22,UNE prevé jornada diurna y horario pico sin afectaciones por déficit de generación este lunes,0.0,0.0,,,,,False,,,,,,,,,http://www.cubadebate.cu/noticias/2023/05/15/une-preve-jornada-diurna-y-horario-pico-sin-afectaciones-por-deficit-de-generacion-este-lunes/
1783267,2023-05-16,09:34:02,UNE no pronostica afectaciones durante el pico nocturno de este martes,0.0,0.0,,,0.0,,False,,,,,,,,,http://www.cubadebate.cu/noticias/2023/05/16/une-no-pronostica-afectaciones-durante-el-pico-nocturno-de-este-martes/
1783451,2023-05-17,09:01:14,UNE no pronostica afectaciones durante el pico nocturno de este miércoles,0.0,0.0,,,0.0,,False,,2494.0,2150.0,,,,,,http://www.cubadebate.cu/noticias/2023/05/17/une-no-pronostica-afectaciones-durante-el-pico-nocturno-de-este-miercoles-2/
1783643,2023-05-18,08:54:43,La Unión Eléctrica pronostica una afectación de 154 MW para el horario pico nocturno,154.0,84.0,2566.0,2650.0,,,False,,,,,,,,,http://www.cubadebate.cu/noticias/2023/05/18/la-union-electrica-pronostica-una-afectacion-de-154-mw-para-el-horario-pico-nocturno/
1783837,2023-05-19,09:57:07,La Unión Eléctrica no pronostica afectación para el horario pico nocturno de este viernes,0.0,0.0,,,,20:30,False,,2600.0,2150.0,,,,,,http://www.cubadebate.cu/noticias/2023/05/19/la-union-electrica-no-pronostica-afectacion-para-el-horario-pico-nocturno-de-este-viernes/
1784042,2023-05-20,09:07:47,UNE prevé jornada diurna sin afectaciones por déficit y afectación de 90 MW en el pico nocturno este sábado,0.0,0.0,,,,,False,,,,,,,,,http://www.cubadebate.cu/noticias/2023/05/20/une-preve-jornada-diurna-sin-afectaciones-por-deficit-y-afectacion-de-90-mw-en-el-pico-nocturno-este-sabado/
1784230,2023-05-21,10:03:32,Unión Eléctrica estima que no ocurran afectaciones por déficit de capacidad de generación,0.0,0.0,,,,,False,,,,,,,,,http://www.cubadebate.cu/noticias/2023/05/21/union-electrica-estima-que-no-ocurran-afectaciones-por-deficit-de-capacidad-de-generacion/
1784391,2023-05-22,08:33:10,Unión Eléctrica pronostica afectación de 616 MW en el horario pico nocturno de este lunes,616.0,546.0,2304.0,2850.0,,20:30,False,,,,,,,,,http://www.cubadebate.cu/noticias/2023/05/22/union-electrica-pronostica-afectacion-de-616-mw-en-el-horario-pico-nocturno-de-este-lunes/
1784557,2023-05-23,08:37:22,UNE pronostica una afectación de 470 MW en el pico nocturno,470.0,400.0,2450.0,2850.0,,20:30,False,,2400.0,2300.0,,,,,,http://www.cubadebate.cu/noticias/2023/05/23/une-pronostica-una-afectacion-de-470-mw-en-el-pico-nocturno/
1784807,2023-05-24,08:48:54,Unión Eléctrica pronostica una afectación al servicio de 595 MW para horario pico nocturno de este miércoles,595.0,525.0,2325.0,2850.0,,23:00,False,,2180.0,2370.0,180.0,,,,,http://www.cubadebate.cu/noticias/2023/05/24/union-electrica-pronostica-una-afectacion-al-servicio-de-595-mw-para-horario-pico-nocturno-de-este-miercoles/
1785030,2023-05-25,09:03:07,Unión Eléctrica pronostica una afectación al servicio de 390 MW para horario pico nocturno de este jueves,390.0,320.0,2430.0,2750.0,,18:00,False,,2380.0,2150.0,,,,,,http://www.cubadebate.cu/noticias/2023/05/25/union-electrica-pronostica-una-afectacion-al-servicio-de-390-mw-para-horario-pico-nocturno-de-este-jueves/
1785259,2023-05-26,08:09:26,Unión Eléctrica pronostica una afectación al servicio de 430 MW para horario pico nocturno de este viernes,430.0,360.0,2340.0,2700.0,,20:30,False,,2290.0,2150.0,,,,,,http://www.cubadebate.cu/noticias/2023/05/26/union-electrica-pronostica-una-afectacion-al-servicio-de-430-mw-para-horario-pico-nocturno-de-este-viernes/
1785500,2023-05-27,10:57:37,Unión Eléctrica pronostica una afectación al servicio de 563 MW para horario pico nocturno de este sábado,563.0,493.0,2307.0,2800.0,,20:40,False,,2107.0,2100.0,,,,,,http://www.cubadebate.cu/noticias/2023/05/27/union-electrica-pronostica-una-afectacion-al-servicio-de-563-mw-para-horario-pico-nocturno-de-este-sabado/
1785632,2023-05-28,09:05:09,UNE pronostica afectaciones durante todo el día por déficit de capacidad,305.0,305.0,2345.0,2650.0,,20:30,False,,2100.0,2110.0,30.0,,36.0,,,http://www.cubadebate.cu/noticias/2023/05/28/une-pronostica-afectaciones-durante-todo-el-dia-por-deficit-de-capacidad/
1785776,2023-05-29,08:23:52,UNE pronostica una afectación al servicio de 645 MW en el horario pico nocturno de este lunes,645.0,575.0,2325.0,2900.0,,20:30,False,,,,,,,,,http://www.cubadebate.cu/noticias/2023/05/29/une-pronostica-una-afectacion-al-servicio-de-645-mw-en-el-horario-pico-nocturno-de-este-lunes/
1786048,2023-05-30,08:21:35,Unión Eléctrica pronostica afectación de 575 MW en horario pico nocturno,575.0,500.0,2400.0,2900.0,,17:45,False,,2200.0,2200.0,,,,,,http://www.cubadebate.cu/noticias/2023/05/30/union-electrica-pronostica-afectacion-de-575-mw-en-horario-pico-nocturno/
1786286,2023-05-31,08:50:46,La UNE estima una afectación de 344 MW durante el pico nocturno de este miércoles,344.0,274.0,2426.0,2700.0,,6:20,False,,,,,,,,,http://www.cubadebate.cu/noticias/2023/05/31/la-une-estima-una-afectacion-de-344-mw-durante-el-pico-nocturno-de-este-miercoles/
1786447,2023-06-01,09:07:33,UNE prevé horario diurno sin afectaciones por déficit y afectación de 150 MW en pico nocturno este jueves,150.0,88.0,2562.0,2650.0,171.0,18:00,False,,,,,,,,,http://www.cubadebate.cu/noticias/2023/06/01/une-preve-horario-diurno-sin-afectaciones-por-deficit-y-afectacion-de-150-mw-en-pico-nocturno-este-jueves/
1786632,2023-06-02,08:25:18,La Unión Eléctrica pronostica una afectación de 140 MW para el horario pico nocturno,140.0,70.0,2580.0,2650.0,,18:30,False,,,,,,,,,http://www.cubadebate.cu/noticias/2023/06/02/la-union-electrica-pronostica-una-afectacion-de-140-mw-para-el-horario-pico-nocturno/
1786851,2023-06-03,09:38:49,La UNE estima una afectación de 75 MW durante el pico nocturno de este sábado,0.0,0.0,2655.0,2650.0,,20:40,False,,,,,,,,,http://www.cubadebate.cu/noticias/2023/06/03/la-une-estima-una-afectacion-de-75-mw-durante-el-pico-nocturno-de-este-sabado/
1787070,2023-06-04,09:10:34,UNE no prevé afectaciones por déficit de generación este domingo,0.0,0.0,2825.0,2600.0,,,False,,,,,,,,,http://www.cubadebate.cu/noticias/2023/06/04/une-no-preve-afectaciones-por-deficit-de-generacion-este-domingo/
1787227,2023-06-05,08:30:49,UNE estima una afectación de 50 MW durante el pico nocturno de este lunes,0.0,0.0,2735.0,2700.0,,,False,,2650.0,2120.0,,,,,,http://www.cubadebate.cu/noticias/2023/06/05/une-estima-una-afectacion-de-50-mw-durante-el-pico-nocturno-de-este-lunes/
1787400,2023-06-06,08:48:06,UNE estima afectación de 145 MW durante pico nocturno de este martes,145.0,76.0,2674.0,2750.0,,8:50,False,,,,,,,,,http://www.cubadebate.cu/noticias/2023/06/06/une-estima-afectacion-de-145-mw-durante-pico-nocturno-de-este-martes/
1787561,2023-06-07,08:28:22,Unión Eléctrica estima una afectación al servicio de 151 MW en el horario pico nocturno de este miércoles,151.0,81.0,2619.0,2700.0,,22:00,False,,,,,,,,,http://www.cubadebate.cu/noticias/2023/06/07/union-electrica-estima-una-afectacion-al-servicio-de-151-mw-en-el-horario-pico-nocturno-de-este-miercoles/
1787801,2023-06-08,09:24:15,Unión Eléctrica estima una afectación al servicio de 53 MW en el horario pico nocturno de este jueves,0.0,0.0,2747.0,2730.0,,19:40,False,,2630.0,2080.0,,,,,,http://www.cubadebate.cu/noticias/2023/06/08/union-electrica-estima-una-afectacion-al-servicio-de-53-mw-en-el-horario-pico-nocturno-de-este-jueves/
1787987,2023-06-09,08:53:21,UNE: Se pronostica afectación del servicio eléctrico durante hora pico,96.0,96.0,2554.0,2650.0,0.0,,False,,2540.0,2050.0,,,,,,http://www.cubadebate.cu/noticias/2023/06/09/une-se-pronostica-afectacion-del-servicio-electrico-durante-hora-pico/
1788277,2023-06-10,09:23:29,La Unión Eléctrica pronostica una afectación de 21 MW para la hora pico nocturna de este sábado,0.0,0.0,2609.0,2560.0,,12:30,False,,,,,,,,,http://www.cubadebate.cu/noticias/2023/06/10/la-union-electrica-pronostica-una-afectacion-de-21-mw-para-la-hora-pico-nocturna-de-este-sabado/
1788474,2023-06-11,09:24:00,Unión Eléctrica prevé afectaciones al servicio en horas del mediodía y en el pico nocturno,386.0,316.0,2434.0,2750.0,200.0,23:38,False,,2434.0,2020.0,,,,,,http://www.cubadebate.cu/noticias/2023/06/11/union-electrica-preve-afectaciones-al-servicio-en-horas-del-mediodia-y-en-el-pico-nocturno/
1788678,2023-06-12,09:09:45,Unión Eléctrica pronostica una afectación de 296 MW para el pico nocturno de este lunes,296.0,226.0,2524.0,2750.0,,23:55,False,,,,,,,,,http://www.cubadebate.cu/noticias/2023/06/12/union-electrica-pronostica-una-afectacion-de-296-mw-para-el-pico-nocturno-de-este-lunes/
1788966,2023-06-13,08:30:51,UNE estima afectación de 317 MW durante pico nocturno de este martes,317.0,247.0,2553.0,2800.0,,6:30,False,,,,,197.0,,,,http://www.cubadebate.cu/noticias/2023/06/13/une-estima-afectacion-de-317-mw-durante-pico-nocturno-de-este-martes/
1789289,2023-06-14,09:08:58,UNE prevé para este miércoles afectaciones al servicio por déficit de capacidad de generación superiores a los 630 MW,630.0,561.0,2439.0,3000.0,,19:24,False,,,,,,,,,http://www.cubadebate.cu/noticias/2023/06/14/une-preve-para-este-miercoles-afectaciones-al-servicio-por-deficit-de-capacidad-de-generacion-superiores-a-los-630-mw/
1789545,2023-06-15,08:55:09,UNE estima déficit de 702 MW durante pico nocturno de este jueves,702.0,632.0,2488.0,3120.0,,,False,,,,,223.0,,,,http://www.cubadebate.cu/noticias/2023/06/15/une-estima-deficit-de-702-mw-durante-pico-nocturno-de-este-jueves/
1789763,2023-06-16,09:30:29,Unión Eléctrica estima déficit de 735 MW durante pico nocturno de este viernes,735.0,665.0,2485.0,3150.0,,19:40,False,,2140.0,2560.0,,,165.0,,,http://www.cubadebate.cu/noticias/2023/06/16/union-electrica-estima-deficit-de-735-mw-durante-pico-nocturno-de-este-viernes/
1789980,2023-06-17,09:14:22,La Unión Eléctrica estima una afectación de 539 MW para el horario pico nocturno,539.0,469.0,2681.0,3150.0,,19:30,False,,,,,,,,,http://www.cubadebate.cu/noticias/2023/06/17/la-union-electrica-estima-una-afectacion-de-539-mw-para-el-horario-pico-nocturno/
1790215,2023-06-18,10:00:39,UNE no prevé afectaciones por déficit en horario diurno y estima posible afectación de 50 MW en pico nocturno,0.0,0.0,,,163.0,12:03,False,,,,,,,,,http://www.cubadebate.cu/noticias/2023/06/18/une-no-preve-afectaciones-por-deficit-en-horario-diurno-y-estima-posible-afectacion-de-50-mw-en-pico-nocturno/
1790318,2023-06-19,09:03:31,La Unión Eléctrica estima una afectación de 390 MW para el horario pico nocturno,390.0,320.0,2780.0,3100.0,0.0,,False,,2650.0,2120.0,,,160.0,,,http://www.cubadebate.cu/noticias/2023/06/19/la-union-electrica-estima-una-afectacion-de-390-mw-para-el-horario-pico-nocturno/
1790543,2023-06-20,09:04:53,UNE estima afectación de 90 MW durante pico nocturno de este martes,90.0,20.0,2980.0,3000.0,,9:40,False,,,,,309.0,160.0,,,http://www.cubadebate.cu/noticias/2023/06/20/une-estima-afectacion-de-90-mw-durante-pico-nocturno-de-este-martes/
1790721,2023-06-21,08:55:50,Unión Eléctrica estima afectaciones en el entorno de los 540 MW para el horario pico nocturno,540.0,470.0,2580.0,3050.0,,19:20,False,,2350.0,2430.0,,,,,,http://www.cubadebate.cu/noticias/2023/06/21/union-electrica-estima-afectaciones-en-el-entorno-de-los-540-mw-para-el-horario-pico-nocturno/
1790914,2023-06-22,09:53:28,UNE estima afectación de 278 MW durante pico nocturno de este jueves,278.0,208.0,2792.0,3000.0,,,False,,,,,,,,,http://www.cubadebate.cu/noticias/2023/06/22/une-estima-afectacion-de-278-mw-durante-pico-nocturno-de-este-jueves/
1791140,2023-06-23,08:34:46,UNE estima afectación de 400 MW durante pico nocturno de este viernes,400.0,330.0,2720.0,3050.0,,19:10,False,,2424.0,2400.0,,,,,,http://www.cubadebate.cu/noticias/2023/06/23/une-estima-afectacion-de-400-mw-durante-pico-nocturno-de-este-viernes/
1791380,2023-06-24,08:27:09,Unión Eléctrica estima afectaciones en el entorno de los 254 MW para el horario pico nocturno,254.0,184.0,2816.0,3000.0,,20:15,False,,2380.0,2360.0,,,,,,http://www.cubadebate.cu/noticias/2023/06/24/union-electrica-estima-afectaciones-en-el-entorno-de-los-254-mw-para-el-horario-pico-nocturno/
1791675,2023-06-25,08:56:11,La Unión Eléctrica pronostica una afectación de 170 MW para el horario pico nocturno,0.0,0.0,,,,17:10,False,,,,,,,,,http://www.cubadebate.cu/noticias/2023/06/25/la-union-electrica-pronostica-una-afectacion-de-170-mw-para-el-horario-pico-nocturno/
1791947,2023-06-26,09:43:44,La Unión Eléctrica pronostica una afectación de 70 MW  para el horario pico nocturno,0.0,0.0,2950.0,2950.0,0.0,,False,,2650.0,2350.0,,,,,,http://www.cubadebate.cu/noticias/2023/06/26/la-union-electrica-pronostica-una-afectacion-de-70-mw-para-el-horario-pico-nocturno/
1792279,2023-06-27,08:35:41,Unión eléctrica no prevé apagones para esta jornada,0.0,0.0,,,0.0,,False,,2710.0,2350.0,,,,,,http://www.cubadebate.cu/noticias/2023/06/27/union-electrica-no-preve-apagones-para-esta-jornada/
1792532,2023-06-28,09:21:38,La UNE no prevee apagones en esta jornada,0.0,0.0,,,,,False,,,,,,,,,http://www.cubadebate.cu/noticias/2023/06/28/la-une-informa-situacion-del-sen-para-el-28-de-junio-de-2023/
1792881,2023-06-29,09:59:51,UNE estima una reserva de 94 MW para pico nocturno de este jueves,0.0,0.0,,,0.0,,False,,,,,,,,,http://www.cubadebate.cu/noticias/2023/06/29/une-estima-una-reserva-de-94-mw-para-pico-nocturno-de-este-jueves/
1793104,2023-06-30,09:19:37,La UNE no prevé afectaciones durante el horario diurno,0.0,0.0,,,0.0,,False,,,,,,,,,http://www.cubadebate.cu/noticias/2023/06/30/la-une-no-preve-afectaciones-durante-el-horario-diurno/
1793353,2023-07-01,09:57:28,La UNE no prevé afectaciones por déficit de capacidad de generación para este sábado,0.0,0.0,,,0.0,,False,,2981.0,2280.0,,,,,,http://www.cubadebate.cu/noticias/2023/07/01/la-une-no-preve-afectaciones-por-deficit-de-capacidad-de-generacion-para-este-sabado/
1793615,2023-07-02,09:21:54,UNE anuncia reserva de 293 MW para horario pico nocturno de este domingo,0.0,0.0,,,0.0,,False,,2560.0,2230.0,,,,,,http://www.cubadebate.cu/noticias/2023/07/02/une-anuncia-reserva-de-293-mw-para-horario-pico-nocturno-de-este-domingo/
1793810,2023-07-03,08:38:05,UNE estima déficit de 50 MW durante pico nocturno de este lunes,0.0,0.0,2920.0,2900.0,304.0,10:20,False,,,,,,142.0,,,http://www.cubadebate.cu/noticias/2023/07/03/une-estima-deficit-de-50-mw-durante-pico-nocturno-de-este-lunes/
1794063,2023-07-04,09:34:41,Unión Eléctrica no prevé afectaciones para el día de hoy: Pronostica sincronización de tres unidades,0.0,0.0,3050.0,2900.0,0.0,,False,,2750.0,2450.0,,,,,,http://www.cubadebate.cu/noticias/2023/07/04/union-electrica-no-preve-afectaciones-para-el-dia-de-hoy-pronostica-sincronizacion-de-tres-unidades/
1794311,2023-07-05,09:24:30,La Unión Eléctrica anuncia reserva de 73 MW para horario pico nocturno,0.0,0.0,2973.0,2900.0,0.0,,False,,2730.0,2400.0,,,,,,http://www.cubadebate.cu/noticias/2023/07/05/la-union-electrica-anuncia-reserva-de-73-mw-para-horario-pico-nocturno/
1794581,2023-07-06,09:56:08,Unión Eléctrica estima afectación al servicio de 260 MW en horario nocturno de este jueves,260.0,190.0,2760.0,2950.0,,20:50,False,,2601.0,2400.0,,,,,,http://www.cubadebate.cu/noticias/2023/07/06/union-electrica-estima-afectacion-al-servicio-de-260-mw-en-horario-nocturno-de-este-jueves/
1794808,2023-07-07,09:22:46,Unión Eléctrica no prevé afectaciones por déficit de generación este viernes,0.0,0.0,,,0.0,,False,,2800.0,2250.0,,,,,,http://www.cubadebate.cu/noticias/2023/07/07/union-electrica-no-preve-afectaciones-por-deficit-de-generacion-este-viernes/
1794993,2023-07-08,08:28:50,UNE: No se prevén afectaciones al servicio eléctrico en el horario pico,0.0,0.0,,,0.0,,False,,2800.0,2365.0,,,,,,http://www.cubadebate.cu/noticias/2023/07/08/une-no-se-preven-afectaciones-al-servicio-electrico-en-el-horario-pico/
1795200,2023-07-09,09:34:16,Unión Eléctrica no pronostica afectaciones este domingo por déficit de generación,0.0,0.0,2954.0,2830.0,0.0,,False,,2770.0,2280.0,,,,,,http://www.cubadebate.cu/noticias/2023/07/09/union-electrica-no-pronostica-afectaciones-este-domingo-por-deficit-de-generacion/
1795304,2023-07-10,09:30:10,La Unión Eléctrica no estima afectaciones al servicio hoy por déficit de capacidad de generación,0.0,0.0,,,,,False,,,,,,,,,http://www.cubadebate.cu/noticias/2023/07/10/la-union-electrica-no-estima-afectaciones-al-servicio-por-deficit-de-capacidad-de-generacion/
1795511,2023-07-11,09:08:00,Unión Eléctrica no prevé afectaciones por déficit de generación este martes,0.0,0.0,,,0.0,,False,,,,,,,,,http://www.cubadebate.cu/noticias/2023/07/11/union-electrica-no-preve-afectaciones-por-deficit-de-generacion-este-martes/
1795744,2023-07-12,08:37:46,Unión Eléctrica informa que no se estiman afectaciones el servicio en el horario diurno,0.0,0.0,,,0.0,,False,,2890.0,2470.0,,,150.0,,,http://www.cubadebate.cu/noticias/2023/07/12/union-electrica-informa-que-no-se-estiman-afectaciones-el-servicio-en-el-horario-diurno/
1795995,2023-07-13,09:16:54,Unión Eléctrica estima una afectación al servicio de 216 MW en el pico nocturno,216.0,146.0,2854.0,3000.0,,23:40,False,,,,,,,,,http://www.cubadebate.cu/noticias/2023/07/13/union-electrica-estima-una-afectacion-al-servicio-de-216-mw-en-el-pico-nocturno/
1796250,2023-07-14,10:13:59,Unión Eléctrica informa que existe probabilidad de afectación en el horario pico,0.0,0.0,3024.0,3000.0,0.0,,False,,2710.0,2460.0,,,,,,http://www.cubadebate.cu/noticias/2023/07/14/union-electrica-informa-que-existe-probabilidad-de-afectacion-en-el-horario-pico/
1796417,2023-07-15,09:10:49,UNE no prevé afectaciones durante el pico nocturno de este sábado,0.0,0.0,3072.0,2950.0,,,False,,,,,,,,,http://www.cubadebate.cu/noticias/2023/07/15/une-no-preve-afectaciones-durante-el-pico-nocturno-de-este-sabado/
1796616,2023-07-16,10:25:08,La Unión Eléctrica no pronostica afectaciones al servicio este domingo por déficit de capacidad de generación,0.0,0.0,,,,,False,0.0,,,,,,,,http://www.cubadebate.cu/noticias/2023/07/16/la-union-electrica-no-pronostica-afectaciones-al-servicio-este-domingo-por-deficit-de-capacidad-de-generacion/
1796762,2023-07-17,10:21:18,Reserva de energía en el SEN permite prever un horario pico nocturno estable para este lunes,0.0,0.0,3078.0,3000.0,0.0,,False,,2850.0,2460.0,,,,,,http://www.cubadebate.cu/noticias/2023/07/17/reserva-de-energia-en-el-sen-permite-prever-un-horario-pico-nocturno-estable-para-este-lunes/
1797011,2023-07-18,13:14:59,UNE no prevé afectaciones durante el pico nocturno de este martes,0.0,0.0,3128.0,3040.0,,,False,,,,,,,,,http://www.cubadebate.cu/noticias/2023/07/18/une-no-preve-afectaciones-durante-el-pico-nocturno-de-este-martes/
1797165,2023-07-19,08:21:16,La Unión Eléctrica estima una afectación de 152 MW para el horario pico nocturno,152.0,82.0,2768.0,2850.0,,,False,,,,,,154.0,,,http://www.cubadebate.cu/noticias/2023/07/19/la-union-electrica-estima-una-afectacion-de-152-mw-para-el-horario-pico-nocturno/
1797449,2023-07-20,09:38:22,Unión Eléctrica pronostica una afectación al servicio de 64 MW en el pico nocturno,0.0,0.0,2906.0,2900.0,0.0,,False,,2550.0,2420.0,,,,,,http://www.cubadebate.cu/noticias/2023/07/20/union-electrica-pronostica-una-afectacion-al-servicio-de-64-mw-en-el-pico-nocturno/
1797651,2023-07-21,09:07:38,Unión Eléctrica pronostica una afectación al servicio de 139 MW en el pico nocturno,139.0,69.0,2931.0,3000.0,,22:30,False,,2640.0,2360.0,,,,,,http://www.cubadebate.cu/noticias/2023/07/21/union-electrica-pronostica-una-afectacion-al-servicio-de-139-mw-en-el-pico-nocturno/
1797857,2023-07-22,09:12:31,UNE no prevé afectaciones durante pico nocturno de este sábado,0.0,0.0,3097.0,2985.0,,,False,,,,,,,,,http://www.cubadebate.cu/noticias/2023/07/22/une-no-preve-afectaciones-durante-pico-nocturno-de-este-sabado/
1798027,2023-07-23,08:56:57,No se pronostican afectaciones por déficit de capacidad de generación para este domingo,0.0,0.0,3113.0,3000.0,0.0,,False,,2713.0,2430.0,,,,,,http://www.cubadebate.cu/noticias/2023/07/23/no-se-pronostican-afectaciones-por-deficit-de-capacidad-de-generacion-para-este-domingo/
1798139,2023-07-24,08:55:34,Unión Eléctrica informa de posibles afectaciones en el pico nocturno por bajos niveles de reserva,0.0,0.0,3129.0,3080.0,0.0,,False,,2890.0,2520.0,,,,,,http://www.cubadebate.cu/noticias/2023/07/24/union-electrica-informa-de-posibles-afectaciones-en-el-pico-nocturno-por-bajos-niveles-de-reserva/
1798312,2023-07-25,09:11:10,UNE no prevé afectaciones al servicio por déficit de capacidad de generación durante este martes,0.0,0.0,,,0.0,,False,,,,,,,,,http://www.cubadebate.cu/noticias/2023/07/25/une-no-preve-afectaciones-al-servicio-por-deficit-de-capacidad-de-generacion-durante-este-martes/
1798612,2023-07-26,09:16:00,UNE no prevé afectaciones al servicio por déficit de capacidad de generación para este miércoles,0.0,0.0,3213.0,2900.0,0.0,,False,,3033.0,2380.0,,,,,,http://www.cubadebate.cu/noticias/2023/07/26/une-no-preve-afectaciones-al-servicio-por-deficit-de-capacidad-de-generacion-para-este-miercoles/
1798735,2023-07-27,08:59:01,Unión Eléctrica no prevé afectaciones al servicio por déficit de capacidad de generación durante este jueves,0.0,0.0,3045.0,2900.0,,,False,,2780.0,2250.0,,,,,,http://www.cubadebate.cu/noticias/2023/07/27/union-electrica-no-preve-afectaciones-al-servicio-por-deficit-de-capacidad-de-generacion-durante-este-jueves/
1798938,2023-07-28,08:44:04,UNE no prevé afectaciones en el servicio eléctrico por déficit de generación este viernes,0.0,0.0,2886.0,2800.0,,,False,,,,,,,,,http://www.cubadebate.cu/noticias/2023/07/28/une-no-preve-afectaciones-en-el-servicio-electrico-por-deficit-de-generacion-este-viernes/
1799036,2023-07-29,08:47:55,UNE no pronostica afectaciones en el servicio eléctrico por déficit de generación este sábado,0.0,0.0,3069.0,2950.0,0.0,,False,,,,,,,,,http://www.cubadebate.cu/noticias/2023/07/29/une-no-pronostica-afectaciones-en-el-servicio-electrico-por-deficit-de-generacion-este-sabado/
1799192,2023-07-30,09:56:22,Unión Eléctrica estima una reserva de 227 MW para este domingo,0.0,0.0,3067.0,2840.0,0.0,,False,,2750.0,2320.0,,,,,,http://www.cubadebate.cu/noticias/2023/07/30/union-electrica-estima-una-reserva-de-227-mw-para-este-domingo/
1799313,2023-07-31,09:09:58,Unión Eléctrica no prevé afectaciones al servicio por déficit de capacidad de generación este lunes,0.0,0.0,2998.0,2900.0,0.0,,False,,,,,,,,,http://www.cubadebate.cu/noticias/2023/07/31/union-electrica-no-preve-afectaciones-al-servicio-por-deficit-de-capacidad-de-generacion-este-lunes/
1799498,2023-08-01,08:57:09,La Unión Eléctrica no pronostica afectaciones al servicio por déficit de capacidad de generación,0.0,0.0,2974.0,2900.0,,,False,,,,,,170.0,,,http://www.cubadebate.cu/noticias/2023/08/01/la-union-electrica-no-pronostica-afectaciones-al-servicio-hoy-por-deficit-de-capacidad-de-generacion/
1799614,2023-08-02,08:35:02,Unión Eléctrica estima una afectación al servicio de 179 MW en el horario de máxima demanda,179.0,109.0,2891.0,3000.0,,22:50,False,,2660.0,2360.0,,,,,,http://www.cubadebate.cu/noticias/2023/08/02/union-electrica-estima-una-afectacion-al-servicio-de-179-mw-en-el-horario-de-maxima-demanda/
1799767,2023-08-03,08:25:14,Unión Eléctrica pronostica afectación de 106 MW por déficit de generación en el pico nocturno de este jueves,106.0,36.0,2894.0,2930.0,0.0,,False,,,,,,,,,http://www.cubadebate.cu/noticias/2023/08/03/union-electrica-pronostica-afectacion-de-106-mw-por-deficit-de-generacion-en-el-pico-nocturno-de-este-jueves/
1799895,2023-08-04,08:51:24,La Unión Eléctrica no pronostica afectaciones al servicio por déficit de capacidad de generación,0.0,0.0,3071.0,2950.0,,22:50,False,,,,,,,,,http://www.cubadebate.cu/noticias/2023/08/04/la-union-electrica-no-pronostica-afectaciones-al-servicio-por-deficit-de-capacidad-de-generacion/
1800241,2023-08-06,08:48:45,UNE no pronostica afectaciones durante el pico nocturno de este domingo,0.0,0.0,2953.0,2900.0,,,False,,,,,,,,,http://www.cubadebate.cu/noticias/2023/08/06/une-no-pronostica-afectaciones-durante-el-pico-nocturno-de-este-domingo/
1800332,2023-08-07,08:43:22,Unión Eléctrica prevé día sin afectaciones por déficit de generación y afectación de 70 MW en el pico nocturno,70.0,2.0,2998.0,3000.0,0.0,,False,,,,,,,,,http://www.cubadebate.cu/noticias/2023/08/07/union-electrica-preve-dia-sin-afectaciones-por-deficit-de-generacion-y-afectacion-de-70-mw-en-el-pico-nocturno/
1800590,2023-08-08,09:08:21,Unión Eléctrica informa afectaciones para esta jornada,351.0,281.0,2719.0,3000.0,,22:40,False,,2370.0,2550.0,,,,,,http://www.cubadebate.cu/noticias/2023/08/08/union-electrica-informa-afectaciones-para-esta-jornada-2/
1800719,2023-08-09,08:46:21,Unión Eléctrica prevé afectaciones durante todo el día: Déficit podría alcanzar los 500 MW en el pico nocturno,500.0,430.0,2650.0,3080.0,,22:30,True,,2520.0,2460.0,,,70.0,,,http://www.cubadebate.cu/noticias/2023/08/09/union-electrica-preve-afectaciones-durante-todo-el-dia-deficit-podria-alcanzar-los-500-mw-en-el-pico-nocturno/
1800912,2023-08-10,09:14:04,UNE pronostica afectación de 478 MW durante pico nocturno de este jueves,478.0,408.0,2742.0,3150.0,,10:50,False,,,,,,14.0,,,http://www.cubadebate.cu/noticias/2023/08/10/une-pronostica-afectacion-de-478-mw-durante-pico-nocturno-de-este-jueves/
1801044,2023-08-11,09:09:50,UNE pronostica afectación de 111 MW durante pico nocturno,111.0,41.0,3059.0,3100.0,,22:50,False,,2620.0,2550.0,,,14.0,,,http://www.cubadebate.cu/noticias/2023/08/11/une-pronostica-afectacion-de-111-mw-durante-pico-nocturno/
1801146,2023-08-12,11:14:42,"Unión Eléctrica no pronostica afectaciones por déficit de generación, pero la reserva en horario nocturno es de solo 66 MW",0.0,0.0,3016.0,2950.0,0.0,,False,,2740.0,2450.0,,,,,,http://www.cubadebate.cu/noticias/2023/08/12/union-electrica-no-pronostica-afectaciones-por-deficit-de-generacion-pero-la-reserva-en-horario-nocturno-es-de-solo-66-mw/
1801329,2023-08-13,08:50:12,Unión Eléctrica estima una reserva de 115 MW para este domingo,0.0,0.0,,,,,False,,2770.0,2270.0,,,,,,http://www.cubadebate.cu/noticias/2023/08/13/union-electrica-estima-una-reserva-de-115-mw-para-este-domingo/
1801435,2023-08-14,08:08:24,UNE pronostica afectación de 135 MW durante pico nocturno de este lunes,135.0,65.0,2935.0,3000.0,0.0,,False,,2680.0,2440.0,,,14.0,,,http://www.cubadebate.cu/noticias/2023/08/14/une-pronostica-afectacion-de-135-mw-durante-pico-nocturno-de-este-lunes/
1801535,2023-08-15,08:43:46,UNE prevé jornada diurna sin afectación por déficit y afectación de 213 MW en pico este martes,213.0,143.0,2857.0,3000.0,,22:50,False,,,,,,,,,http://www.cubadebate.cu/noticias/2023/08/15/une-preve-jornada-diurna-sin-afectacion-por-deficit-y-afectacion-de-213-mw-en-pico-este-martes/
1801736,2023-08-16,09:02:42,La Unión Eléctrica pronostica una afectación de 185 MW para el horario pico nocturno,185.0,115.0,2835.0,2950.0,,,False,,,,,,,,,http://www.cubadebate.cu/noticias/2023/08/16/la-union-electrica-pronostica-una-afectacion-de-185-mw-para-el-horario-pico-nocturno/
1801897,2023-08-17,10:05:43,UNE estima afectación de 200 MW durante pico nocturno de este jueves,200.0,130.0,2820.0,2950.0,0.0,,False,,,,,,,,,http://www.cubadebate.cu/noticias/2023/08/17/une-estima-afectacion-de-200-mw-durante-pico-nocturno-de-este-jueves/
1802010,2023-08-18,11:21:56,UNE estima afectación de 185 MW durante pico nocturno de este viernes,185.0,115.0,2835.0,2950.0,,22:40,False,,2620.0,2380.0,,,,,,http://www.cubadebate.cu/noticias/2023/08/18/une-estima-afectacion-de-185-mw-durante-pico-nocturno-de-este-viernes/
1802073,2023-08-19,08:01:50,UNE estima afectación de 153 megawatts durante el pico nocturno de este sábado,153.0,83.0,2767.0,2850.0,0.0,,False,,,,,,,,,http://www.cubadebate.cu/noticias/2023/08/19/une-estima-afectacion-de-153-megawatts-durante-el-pico-nocturno-de-este-sabado/
1802211,2023-08-20,09:10:26,UNE no prevé afectaciones por déficit de capacidad de generación este domingo,0.0,0.0,,,,,False,,,,,,,,,http://www.cubadebate.cu/noticias/2023/08/20/une-no-preve-afectaciones-por-deficit-de-capacidad-de-generacion-este-domingo-2/
1802324,2023-08-21,10:03:44,UNE estima afectación de 76 megawatts durante el pico nocturno de este lunes,0.0,0.0,,,,,False,,,,,,,,,http://www.cubadebate.cu/noticias/2023/08/21/une-estima-afectacion-de-76-megawatts-durante-el-pico-nocturno-de-este-lunes/
1802448,2023-08-22,08:51:35,Unión Eléctrica estima afectación de 127 megawatts durante el pico nocturno de este martes,0.0,0.0,,,0.0,,False,,2600.0,2361.0,,,,,,http://www.cubadebate.cu/noticias/2023/08/22/union-electrica-estima-afectacion-de-127-megawatts-durante-el-pico-nocturno-de-este-lunes/
1802575,2023-08-23,08:49:21,UNE no pronostica afectaciones durante pico nocturno de este miércoles,0.0,0.0,,,0.0,,False,,,,,,,,,http://www.cubadebate.cu/noticias/2023/08/23/une-no-pronostica-afectaciones-durante-pico-nocturno-de-este-miercoles/
1802766,2023-08-24,10:34:54,Unión Eléctrica estima afectación de 80 MW durante el pico nocturno de este jueves,0.0,0.0,,,0.0,,False,,,,,,,,,http://www.cubadebate.cu/noticias/2023/08/24/union-electrica-estima-afectacion-de-80-mw-durante-el-pico-nocturno-de-este-jueves/
1802991,2023-08-25,08:54:58,UNE no estima afectación por déficit de generación,0.0,0.0,,,,,False,,2411.0,2320.0,,,,,,http://www.cubadebate.cu/noticias/2023/08/25/une-no-estima-afectacion-por-deficit-de-generacion/
1803134,2023-08-26,08:09:12,Unión Eléctrica pronostica una afectación de 276 MW para el horario pico de este sábado,0.0,0.0,,,215.0,20:20,False,,2410.0,2280.0,,,,,,http://www.cubadebate.cu/noticias/2023/08/26/union-electrica-pronostica-una-afectacion-de-276-mw-para-el-horario-pico-de-este-sabado/
1803335,2023-08-27,08:01:43,UNE pronostica más de 300 MW de reserva para la jornada de este domingo,0.0,0.0,3002.0,2700.0,0.0,,False,,,,,,,,,http://www.cubadebate.cu/noticias/2023/08/27/une-pronostica-mas-de-300-mw-de-reserva-para-la-jornada-de-este-domingo/
1803474,2023-08-28,09:07:30,UNE prevé jornada diurna sin afectaciones y afectación de 56 MW en el horario pico este lunes,0.0,0.0,,,,,False,,,,,,,,,http://www.cubadebate.cu/noticias/2023/08/28/une-preve-jornada-diurna-sin-afectaciones-y-afectacion-de-56-mw-en-el-horario-pico-este-lunes/
1803791,2023-08-29,09:40:50,UNE prevé 158 megawatts de reserva para este martes,0.0,0.0,,,,20:38,False,,,,,,,,,http://www.cubadebate.cu/noticias/2023/08/29/une-preve-158-megawatts-de-reserva-para-este-martes/
1803984,2023-08-30,10:14:17,Unión Eléctrica prevé afectación de 62 MW en el horario pico de este miércoles,0.0,0.0,,,0.0,,False,,2410.0,2240.0,,,,,,http://www.cubadebate.cu/noticias/2023/08/30/union-electrica-preve-afectacion-de-62-mw-en-el-horario-pico-de-este-miercoles/
1804134,2023-08-31,09:00:41,La Unión Eléctrica no prevé afectaciones al servicio por déficit de capacidad de generación este jueves,0.0,0.0,,,238.0,21:00,False,,,,,,,,,http://www.cubadebate.cu/noticias/2023/08/31/la-union-electrica-no-preve-afectaciones-al-servicio-por-deficit-de-capacidad-de-generacion-este-jueves/
1804440,2023-09-01,08:58:54,La Unión Eléctrica pronostica una afectación de 269 MW para el horario pico nocturno,269.0,199.0,2751.0,2950.0,391.0,21:01,False,,,,,,,,,http://www.cubadebate.cu/noticias/2023/09/01/la-union-electrica-pronostica-una-afectacion-de-269-mw-para-el-horario-pico-nocturno/
1804588,2023-09-02,09:14:17,UNE estima afectación de 205 MW durante pico nocturno de este sábado,0.0,0.0,,,294.0,8:30,False,,,,,,,,,http://www.cubadebate.cu/noticias/2023/09/02/une-estima-afectacion-de-205-mw-durante-pico-nocturno-de-este-sabado/
1804776,2023-09-03,09:59:53,Unión Eléctrica no pronostica afectaciones al servicio este domingo por déficit de generación,0.0,0.0,,,0.0,,False,,,,,,,,,http://www.cubadebate.cu/noticias/2023/09/03/union-electrica-no-pronostica-afectaciones-al-servicio-este-domingo-por-deficit-de-generacion/
1804874,2023-09-04,09:15:13,Unión Eléctrica estima una afectación de 123 MW en el horario pico nocturno este lunes,123.0,53.0,140.0,2850.0,0.0,,False,,,,,,,,,http://www.cubadebate.cu/noticias/2023/09/04/union-electrica-estima-afectacion-de-123-mw-en-el-horario-pico-nocturno-de-este-lunes/
1805127,2023-09-05,09:18:02,Unión Eléctrica estima una afectación de 297 MW en el horario pico nocturno este martes,297.0,227.0,2573.0,2800.0,,,False,,,,,,,,,http://www.cubadebate.cu/noticias/2023/09/05/union-electrica-estima-una-afectacion-de-297-mw-en-el-horario-pico-nocturno-este-martes/
1805311,2023-09-06,08:50:51,Unión Eléctrica estima una afectación de 259 MW en el horario pico nocturno,259.0,189.0,2661.0,2850.0,140.0,19:50,False,,,,,,45.0,,,http://www.cubadebate.cu/noticias/2023/09/06/union-electrica-estima-una-afectacion-de-259-mw-en-el-horario-pico-nocturno/
1805515,2023-09-07,09:25:16,Unión Eléctrica estima déficit de 201 MW en horario pico nocturno,201.0,131.0,2719.0,2850.0,511.0,19:20,False,,,,,,,,,http://www.cubadebate.cu/noticias/2023/09/07/union-electrica-estima-deficit-de-131mw-en-horario-pico-nocturno/
1805741,2023-09-08,10:07:58,Unión Eléctrica pronostica afectación de 55 MW durante pico nocturno de este viernes,0.0,0.0,2765.0,2750.0,96.0,18:30,False,,,,,,,,,http://www.cubadebate.cu/noticias/2023/09/08/union-electrica-pronostica-afectacion-de-55-mw-durante-pico-nocturno-de-este-viernes/
1806057,2023-09-09,10:05:23,Unión Eléctrica estima déficit de 65 MW en horario pico nocturno de este sábado,0.0,0.0,2705.0,2700.0,100.0,20:50,False,,2364.0,2175.0,,,,,,http://www.cubadebate.cu/noticias/2023/09/09/union-electrica-estima-deficit-de-65-mw-en-horario-pico-nocturno-de-este-sabado/
1806196,2023-09-10,08:42:21,Unión eléctrica pronostica una afectación de 268 MW en pico nocturno,268.0,198.0,2502.0,2700.0,348.0,20:20,False,250.0,2170.0,2090.0,,,,,,http://www.cubadebate.cu/noticias/2023/09/10/union-electrica-pronostica-una-afectacion-de-268-mw-en-pico-nocturno/
1806490,2023-09-11,08:46:45,La Unión Eléctrica pronostica una afectación de 399 MW para el horario pico nocturno,399.0,329.0,2521.0,2850.0,505.0,18:30,False,180.0,,,,,,,,http://www.cubadebate.cu/noticias/2023/09/11/la-union-electrica-pronostica-una-afectacion-de-399-mw-para-el-horario-pico-nocturno/
1806765,2023-09-12,09:36:39,UNE estima déficit de 780 MW durante pico nocturno de este martes,780.0,710.0,2470.0,3180.0,947.0,8:40,True,,2080.0,2600.0,555.0,,,,,http://www.cubadebate.cu/noticias/2023/09/12/une-estima-deficit-de-780-mw-durante-pico-nocturno-de-este-martes/
1807008,2023-09-13,08:51:30,UNE prevé afectaciones este miércoles por déficit de capacidad de generación,680.0,610.0,2540.0,3150.0,784.0,22:00,True,,,,,,,,,http://www.cubadebate.cu/noticias/2023/09/13/une-preve-afectaciones-este-miercoles-por-deficit-de-capacidad-de-generacion/
1807176,2023-09-14,09:23:53,UNE prevé una afectación de 354 MW en el horario pico para este jueves,354.0,284.0,2766.0,3050.0,1021.0,23:00,True,,2050.0,2750.0,787.0,,,,,http://www.cubadebate.cu/noticias/2023/09/14/une-preve-una-afectacion-de-354-mw-en-el-horario-pico-para-este-jueves/
1807366,2023-09-15,08:41:40,La Unión Eléctrica pronostica una afectación de 277 MW para el horario pico nocturno,277.0,207.0,2743.0,2950.0,570.0,20:30,True,,,,,,,,,http://www.cubadebate.cu/noticias/2023/09/15/la-union-electrica-pronostica-una-afectacion-de-277-mw-para-el-horario-pico-nocturno/
1807683,2023-09-16,08:21:44,La Unión Eléctrica pronostica una afectación de 142 MW para el horario pico nocturno,142.0,72.0,2878.0,2950.0,163.0,22:00,False,,2414.0,2320.0,,,,,,http://www.cubadebate.cu/noticias/2023/09/16/la-union-electrica-pronostica-una-afectacion-de-142-mw-para-el-horario-pico-nocturno/
1808083,2023-09-17,08:49:11,UNE: No se pronostican afectaciones en el servicio para esta jornada,0.0,0.0,,,0.0,,False,,2680.0,2280.0,,,,,,http://www.cubadebate.cu/noticias/2023/09/17/une-no-se-pronostican-afectaciones-en-el-servicio-para-esta-jornada/
1808254,2023-09-18,08:50:46,UNE: Se estima una afectación de 525 MW en horario pico nocturno de este lunes,525.0,455.0,2585.0,3040.0,274.0,22:30,False,,2360.0,2320.0,,,,,,http://www.cubadebate.cu/noticias/2023/09/18/une-se-estima-una-afectacion-de-525-mw-en-horario-pico-nocturno-de-este-lunes/
1808433,2023-09-19,09:12:05,"Habrá afectaciones por déficit de generación durante toda la jornada de este martes, informa la UNE",767.0,697.0,2353.0,3050.0,740.0,21:00,True,,,,,,,,,http://www.cubadebate.cu/noticias/2023/09/19/habra-afectaciones-por-deficit-de-generacion-durante-toda-la-jornada-de-este-martes-informa-la-une/
1808617,2023-09-20,10:21:44,SEN pronostica una afectación de 856 MW para el horario pico,856.0,786.0,2364.0,3150.0,746.0,20:30,True,,2150.0,2410.0,,,,,,http://www.cubadebate.cu/noticias/2023/09/20/sen-pronostica-una-afectacion-de-856-mw-para-el-horario-pico/
1808872,2023-09-21,09:21:42,UNE pronostica afectación de 562 MW durante pico nocturno de este jueves,562.0,492.0,2558.0,3050.0,476.0,7:40,True,,,,,,,,,http://www.cubadebate.cu/noticias/2023/09/21/une-pronostica-afectacion-de-562-mw-durante-pico-nocturno-de-este-jueves/
1809107,2023-09-22,09:38:57,La UNE pronostica una afectación de 505 MW en pico nocturno de este viernes,505.0,431.0,2469.0,2900.0,491.0,20:40,False,,2280.0,2160.0,,,,,,http://www.cubadebate.cu/noticias/2023/09/22/la-une-pronostica-una-afectacion-de-505-mw-en-pico-nocturno-de-este-viernes/
1809335,2023-09-23,10:01:02,UNE pronostica afectación de 698 MW para el pico nocturno de este sábado,698.0,628.0,2272.0,2900.0,692.0,20:20,True,,,,,,,,,http://www.cubadebate.cu/noticias/2023/09/23/une-pronostica-afectacion-de-698-mw-para-el-pico-nocturno-de-este-sabado/
1809544,2023-09-24,09:27:31,Unión Eléctrica pronostica afectación de 688 MW en pico nocturno,688.0,618.0,2282.0,2900.0,768.0,20:20,True,,1950.0,2000.0,,,,,,http://www.cubadebate.cu/noticias/2023/09/24/union-electrica-pronostica-afectacion-de-688-mw-en-pico-nocturno/
1809701,2023-09-25,08:48:21,Unión Eléctrica pronostica afectación de 525 MW para el pico nocturno de este lunes,525.0,455.0,2495.0,2950.0,750.0,18:50,True,,2080.0,2000.0,,,,,,http://www.cubadebate.cu/noticias/2023/09/25/union-electrica-pronostica-afectacion-de-525-mw-para-el-pico-nocturno-de-este-lunes/
1809864,2023-09-26,08:43:06,La Unión Eléctrica pronostica una afectación de 688 MW en el horario pico nocturno de este martes,688.0,618.0,2282.0,2900.0,531.0,18:50,True,,,,,,,,,http://www.cubadebate.cu/noticias/2023/09/26/la-union-electrica-pronostica-una-afectacion-de-688-mw-en-el-horario-pico-nocturno-de-este-martes/
1810011,2023-09-27,08:29:46,La Unión Eléctrica pronostica una afectación de 510 MW en el horario pico nocturno de este miércoles,510.0,440.0,2460.0,2900.0,706.0,20:30,True,,,,,,,,,http://www.cubadebate.cu/noticias/2023/09/27/la-union-electrica-pronostica-una-afectacion-de-510-mw-en-el-horario-pico-nocturno-de-este-miercoles/
1810310,2023-09-28,09:16:46,UNE prevé afectaciones por déficit de capacidad de generación durante toda la jornada este jueves,590.0,520.0,2430.0,2950.0,603.0,19:50,True,,,,,,,,,http://www.cubadebate.cu/noticias/2023/09/28/une-preve-afectaciones-por-deficit-de-capacidad-de-generacion-durante-toda-la-jornada-este-jueves/
1810498,2023-09-29,09:46:27,UNE estima afectaciones durante toda la jornada y un déficit de 550 MW en horario pico nocturno,550.0,480.0,2370.0,2850.0,326.0,18:40,True,,2200.0,2280.0,,,,,,http://www.cubadebate.cu/noticias/2023/09/29/une-estima-afectaciones-durante-toda-la-jornada-y-un-deficit-de-550-mw-en-horario-pico-nocturno/
1810670,2023-09-30,09:45:07,UNE: Pronostican afectación de 414 MW durante el horario pico de este sábado,414.0,344.0,2456.0,2800.0,,,False,,,,,,,,,http://www.cubadebate.cu/noticias/2023/09/30/une-pronostican-afectacion-de-414-mw-durante-el-horario-pico-de-este-sabado/
1810856,2023-10-01,08:41:41,La Unión Eléctrica pronostica una afectación de 585 MW en el horario pico nocturno de este domingo,585.0,515.0,2285.0,2800.0,353.0,20:10,True,,,,,,,,,http://www.cubadebate.cu/noticias/2023/10/01/la-union-electrica-pronostica-una-afectacion-de-585-mw-en-el-horario-pico-nocturno-de-este-domingo/
1811046,2023-10-02,08:46:19,La Unión Eléctrica pronostica una afectación de 890 MW para el horario pico nocturno,890.0,820.0,2180.0,3000.0,755.0,20:00,True,,,,,,,,,http://www.cubadebate.cu/noticias/2023/10/02/la-union-electrica-pronostica-una-afectacion-de-890-mw-para-el-horario-pico-nocturno/
1811409,2023-10-03,08:41:09,Unión Eléctrica pronostica 646 MW de déficit para el horario pico nocturno de este martes,646.0,576.0,2424.0,3000.0,972.0,18:40,True,,2150.0,2390.0,,,,,,http://www.cubadebate.cu/noticias/2023/10/03/union-electrica-pronostica-646-mw-de-deeficit-para-el-horario-pico-nocturno-de-este-martes/
1811722,2023-10-04,09:14:04,Unión Eléctrica pronostica 490 MW de déficit para el horario pico nocturno de este miércoles,490.0,420.0,2430.0,2850.0,360.0,20:20,True,,,,,,,,,http://www.cubadebate.cu/noticias/2023/10/04/union-electrica-pronostica-490-mw-de-deficit-para-el-horario-pico-nocturno-de-este-miercoles/
1811956,2023-10-05,08:38:30,Pronostica Unión Eléctrica afectación de 350 MW durante el horario pico nocturno de este jueves,350.0,280.0,2570.0,2850.0,373.0,19:40,False,,,,,,,,,http://www.cubadebate.cu/noticias/2023/10/05/pronostica-union-electrica-afectacion-de-350-mw-durante-el-horario-pico-nocturno-de-este-jueves/
1812225,2023-10-06,08:46:31,UNE pronostica afectación de 410 MW en horario pico,410.0,340.0,2560.0,2900.0,523.0,19:40,False,,,,,,,,,http://www.cubadebate.cu/noticias/2023/10/06/une-pronostica-afectacion-de-410-mw-en-horario-pico/
1812467,2023-10-07,10:15:50,Unión Eléctrica pronostica afectación de 460 MW para pico nocturno de este sábado,460.0,390.0,2510.0,2900.0,609.0,19:40,False,,2260.0,2120.0,,,,,,http://www.cubadebate.cu/noticias/2023/10/07/union-electrica-pronostica-afectacion-de-460-mw-para-pico-nocturno-de-este-sabado/
1812627,2023-10-08,08:27:19,Unión Eléctrica pronostica en horario pico nocturno un déficit de 530 MW,530.0,460.0,2400.0,2860.0,599.0,19:30,False,,2250.0,2115.0,,,,,,http://www.cubadebate.cu/noticias/2023/10/08/union-electrica-pronostica-en-horario-pico-nocturno-un-deficit-de-530-mw/
1812837,2023-10-09,08:37:37,La Unión Eléctrica estima una afectación de 810 MW para el horario pico nocturno,810.0,740.0,2260.0,3000.0,718.0,,True,,,,,,,,,http://www.cubadebate.cu/noticias/2023/10/09/la-union-electrica-estima-una-afectacion-de-810-mw-para-el-horario-pico-nocturno/
1813105,2023-10-10,08:55:08,UNE: Se prevén afectaciones para esta jornada por déficit de capacidad de generación,794.0,724.0,2226.0,2950.0,807.0,20:20,True,,2000.0,2270.0,,,,,,http://www.cubadebate.cu/noticias/2023/10/10/une-se-preven-afectaciones-para-esta-jornada-por-deficit-de-capacidad-de-generacion/
1813261,2023-10-11,10:07:52,Unión Eléctrica pronostica afectación de 973 MW para pico nocturno de este miércoles,973.0,903.0,2097.0,3000.0,932.0,20:10,True,,,,,,130.0,,,http://www.cubadebate.cu/noticias/2023/10/11/union-electrica-pronostica-afectacion-de-973-mw-para-pico-nocturno-de-este-miercoles/
1813509,2023-10-12,08:58:02,Unión Eléctrica pronostica afectación de 465 MW para pico nocturno,465.0,395.0,2585.0,2980.0,972.0,19:00,True,,2150.0,2365.0,,,,,,http://www.cubadebate.cu/noticias/2023/10/12/union-electrica-pronostica-afectacion-de-465-mw-para-pico-nocturno/
1813735,2023-10-13,09:26:22,UNE prevé afectaciones por déficit de capacidad de generación,443.0,373.0,2627.0,3000.0,490.0,19:40,True,,,,,,,,,http://www.cubadebate.cu/noticias/2023/10/13/une-preve-afectaciones-por-deficit-de-capacidad-de-generacion/
1813907,2023-10-14,09:27:27,Unión Eléctrica estima déficit de 243 MW horario pico nocturno de este 14 de octubre,243.0,173.0,2727.0,2900.0,310.0,19:50,False,,2500.0,2320.0,,,,,,http://www.cubadebate.cu/noticias/2023/10/14/union-electrica-estima-deficit-de-243-mw-horario-pico-nocturno-de-este-14-de-octubre/
1814258,2023-10-15,08:43:05,La Unión Eléctrica pronostica una afectación de 184 MW para el horario pico nocturno,0.0,0.0,,,171.0,19:40,False,,,,,,,,,http://www.cubadebate.cu/noticias/2023/10/15/la-union-electrica-pronostica-una-afectacion-de-184-mw-para-el-horario-pico-nocturno/
1814959,2023-10-18,08:25:36,La Unión Eléctrica estima una reserva de 38 MW para la hora pico nocturna,0.0,0.0,,,,,False,,,,,,,,,http://www.cubadebate.cu/noticias/2023/10/18/la-union-electrica-estima-una-reserva-de-38-mw-para-la-hora-pico-nocturna/
1815156,2023-10-19,08:58:06,UNE prevé jornada diurna sin afectación y baja reserva en el sistema para el horario pico,0.0,0.0,,,63.0,,False,,,,,,,,,http://www.cubadebate.cu/noticias/2023/10/19/une-preve-jornada-diurna-sin-afectacion-y-baja-reserva-en-el-sistema-para-el-horario-pico/
1815426,2023-10-20,10:10:41,La Unión Eléctrica prevé una afectación de 137 MW para pico nocturno de este viernes,0.0,0.0,,,124.0,19:10,False,,2400.0,2015.0,,,,,,http://www.cubadebate.cu/noticias/2023/10/20/la-union-electrica-preve-una-afectacion-de-137-mw-para-pico-nocturno-de-este-viernes/
1816041,2023-10-22,08:12:27,Unión Eléctrica no prevé afectaciones por déficit de capacidad de generación este domingo,0.0,0.0,,,,,False,,2450.0,1800.0,,,,,,http://www.cubadebate.cu/noticias/2023/10/22/union-electrica-no-preve-afectaciones-por-deficit-de-capacidad-de-generacion-este-domingo/
1816473,2023-10-23,08:26:13,La UNE no prevé afectación al servicio durante el horario diurno,0.0,0.0,,,,,False,,,,,,,,,http://www.cubadebate.cu/noticias/2023/10/23/la-une-no-preve-afectacion-al-servicio-durante-el-horario-diurno/
1816835,2023-10-24,08:40:24,La Unión Eléctrica no pronostica afectaciones al servicio por déficit de capacidad de generación este martes,0.0,0.0,,,0.0,,False,,,,,,,,,http://www.cubadebate.cu/noticias/2023/10/24/la-union-electrica-no-pronostica-afectaciones-al-servicio-por-deficit-de-capacidad-de-generacion-este-martes/
1817239,2023-10-25,08:06:11,Unión Eléctrica no pronostica afectaciones al servicio por déficit de capacidad de generación este miércoles,0.0,0.0,,,0.0,,False,,2440.0,2040.0,,,,,,http://www.cubadebate.cu/noticias/2023/10/25/union-electrica-no-pronostica-afectaciones-al-servicio-por-deficit-de-capacidad-de-generacion-este-miercoles/
1817640,2023-10-26,08:56:09,Unión Eléctrica: No se pronostican afectaciones al servicio por déficit de capacidad de generación este jueves,0.0,0.0,,,158.0,19:20,False,,,,,,,,,http://www.cubadebate.cu/noticias/2023/10/26/union-electrica-no-se-pronostican-afectaciones-al-servicio-por-deficit-de-capacidad-de-generacion-este-jueves/
1817999,2023-10-27,09:14:27,La Unión Eléctrica no pronostica afectaciones durante el pico nocturno de este viernes,0.0,0.0,,,0.0,,False,,,,,,,,,http://www.cubadebate.cu/noticias/2023/10/27/la-union-electrica-no-pronostica-afectaciones-durante-el-pico-nocturno-de-este-viernes/
1818368,2023-10-28,08:24:10,Unión Eléctrica pronostica una reserva de 263 MW durante pico nocturno,0.0,0.0,,,,,False,,2660.0,1895.0,,,,,,http://www.cubadebate.cu/noticias/2023/10/28/union-electrica-pronostica-una-reserva-de-263-mw-durante-pico-nocturno/
1818662,2023-10-29,09:37:21,Unión Eléctrica no pronostica afectaciones por déficit de generación en la jornada de hoy,0.0,0.0,,,0.0,,False,,2410.0,1815.0,,,,,,http://www.cubadebate.cu/noticias/2023/10/29/union-electrica-no-pronostica-afectaciones-por-deficit-de-generacion-en-la-jornada-de-hoy/
1818960,2023-10-30,09:04:47,Unión Eléctrica no pronostica afectaciones por déficit de generación para este lunes,0.0,0.0,,,0.0,,False,,2500.0,2020.0,,,,,,http://www.cubadebate.cu/noticias/2023/10/30/union-electrica-no-pronostica-afectaciones-por-deficit-de-generacion-para-este-lunes-2/
1819291,2023-10-31,09:28:06,Unión Eléctrica no pronostica afectaciones durante el pico nocturno de este martes,0.0,0.0,,,,,False,,,,,,,,,http://www.cubadebate.cu/noticias/2023/10/31/union-electrica-no-pronostica-afectaciones-durante-el-pico-nocturno-de-este-martes/
1819612,2023-11-01,09:48:50,UNE prevé día sin afectaciones y afectación de 230 MW en pico nocturno este miércoles,0.0,0.0,,,0.0,,False,,,,,,,,,http://www.cubadebate.cu/noticias/2023/11/01/une-preve-dia-sin-afectaciones-y-afectacion-de-230-mw-en-pico-nocturno-este-miercoles/
1820416,2023-11-03,08:37:43,UNE no prevé afectaciones por déficit en horario diurno y pronostica afectación de 159 MW en pico nocturno este viernes,159.0,89.0,2531.0,2620.0,180.0,19:10,False,,,,,,,,,http://www.cubadebate.cu/noticias/2023/11/03/une-no-preve-afectaciones-por-deficit-en-horario-diurno-y-pronostica-afectacion-de-159-mw-en-pico-nocturno-este-viernes/
1820730,2023-11-04,08:23:59,La Unión Eléctrica estima una afectación de 385 MW para el horario pico nocturno,385.0,315.0,2315.0,2630.0,361.0,19:10,False,,,,,,,,,http://www.cubadebate.cu/noticias/2023/11/04/la-union-electrica-estima-una-afectacion-de-385-mw-para-el-horario-pico-nocturno/
1821123,2023-11-05,08:47:45,Unión Eléctrica estima afectación de 544 MW en horario pico nocturno,544.0,474.0,2226.0,2700.0,914.0,22:50,True,,1810.0,2100.0,,,,,,http://www.cubadebate.cu/noticias/2023/11/05/union-electrica-estima-afectacion-de-544-mw-en-horario-pico-nocturno/
1821452,2023-11-06,08:43:59,La UNE pronostica una afectación de 270 MW en el pico nocturno de este lunes,270.0,200.0,2500.0,2700.0,801.0,17:20,False,,2100.0,1980.0,,,,,,http://www.cubadebate.cu/noticias/2023/11/06/la-une-pronostica-una-afectacion-de-270-mw-en-el-pico-nocturno-de-este-lunes/
1821654,2023-11-07,08:58:42,UNE: Pronostican afectación de 260 MW durante el horario pico nocturno,260.0,190.0,2560.0,2750.0,472.0,18:20,False,,,,,,,,,http://www.cubadebate.cu/noticias/2023/11/07/une-pronostican-afectacion-de-260-mw-durante-el-horario-pico-nocturno/
1821948,2023-11-08,09:21:12,UNE pronostica afectación de 424 MW durante el horario pico nocturno,424.0,354.0,2416.0,2770.0,307.0,18:10,False,,2140.0,1985.0,,,,,,http://www.cubadebate.cu/noticias/2023/11/08/une-pronostica-afectacion-de-424-mw-durante-el-horario-pico-nocturno/
1822139,2023-11-09,09:29:22,Unión Eléctrica pronostica afectación de 494 MW durante pico nocturno de este jueves,494.0,424.0,2376.0,2800.0,561.0,6:20,False,,,,,,,,,http://www.cubadebate.cu/noticias/2023/11/09/union-electrica-pronostica-afectacion-de-494-mw-durante-pico-nocturno-de-este-jueves/
1822343,2023-11-10,10:17:51,Unión Eléctrica estima afectación de 934 MW durante pico nocturno de este viernes,934.0,864.0,2136.0,3000.0,857.0,18:20,False,,1900.0,2210.0,,,,,,http://www.cubadebate.cu/noticias/2023/11/10/union-electrica-estima-afectacion-de-934-mw-durante-pico-nocturno-de-este-viernes/
1822569,2023-11-11,08:26:14,La Unión Eléctrica estima una afectación de 925 MW para el horario pico nocturno,925.0,855.0,2245.0,3100.0,1108.0,18:30,False,,,,,,,,,http://www.cubadebate.cu/noticias/2023/11/11/la-union-electrica-estima-una-afectacion-de-925-mw-para-el-horario-pico-nocturno/
1822926,2023-11-12,08:52:49,Unión Eléctrica prevé elevado déficit para este domingo: 1070 MW en el horario pico nocturno,1070.0,1000.0,2100.0,3100.0,1168.0,18:30,True,,2000.0,2150.0,150.0,,,,,http://www.cubadebate.cu/noticias/2023/11/12/union-electrica-preve-elevado-deficit-para-este-domingo-1070-mw-en-el-horario-pico-nocturno/
1823113,2023-11-13,09:11:43,Unión Eléctrica prevé déficit para este lunes: 785 MW en el horario pico nocturno,785.0,715.0,2285.0,3000.0,581.0,11:35,True,,2000.0,2200.0,230.0,,75.0,,,http://www.cubadebate.cu/noticias/2023/11/13/union-electrica-preve-deficit-para-este-lunes-785-mw-en-el-horario-pico-nocturno/
1823297,2023-11-14,09:27:29,UNE estima afectación de 462 MW durante pico nocturno de este martes,462.0,392.0,2658.0,3050.0,692.0,6:30,True,,,,,,60.0,,,http://www.cubadebate.cu/noticias/2023/11/14/une-estima-afectacion-de-462-mw-durante-pico-nocturno-de-este-martes/
1823509,2023-11-15,08:37:28,UNE: Pronostican afectación de 369 MW en horario pico de este miércoles,369.0,299.0,2601.0,2900.0,257.0,18:10,False,,,,,,,,,http://www.cubadebate.cu/noticias/2023/11/15/une-pronostican-afectacion-de-369-mw-en-horario-pico-de-este-miercoles/
1823747,2023-11-16,08:42:50,Unión Eléctrica prevé disminución del déficit por capacidad de generación: 155 MW en el horario pico,0.0,0.0,,,268.0,18:00,False,,2340.0,2020.0,,,,,,http://www.cubadebate.cu/noticias/2023/11/16/union-electrica-preve-disminucion-del-deficit-por-capacidad-de-generacion-155-mw-en-el-horario-pico/
1824032,2023-11-17,09:27:29,UNE no pronostica afectaciones en horario diurno,0.0,0.0,,,185.0,18:00,False,,2400.0,1920.0,,,,,,http://www.cubadebate.cu/noticias/2023/11/17/une-no-pronostica-afectaciones-en-horario-diurno/
1824187,2023-11-18,08:21:26,Unión Eléctrica: No se pronostican afectaciones al servicio,0.0,0.0,,,,,False,,,,,,,,,http://www.cubadebate.cu/noticias/2023/11/18/union-electrica-no-se-pronostican-afectaciones-al-servicio/
1824424,2023-11-19,08:55:01,No se pronostican afectaciones al servicio eléctrico por déficit de capacidad de generación,0.0,0.0,,,,,False,,,,,,,,,http://www.cubadebate.cu/noticias/2023/11/19/no-se-pronostican-afectaciones-al-servicio-electrico-por-deficit-de-capacidad-de-generacion/
1824671,2023-11-20,09:32:35,UNE pronostica afectación de 84 MW en el pico nocturno tras salida de Felton por mantenimiento,0.0,0.0,,,0.0,,False,,,,,,,,,http://www.cubadebate.cu/noticias/2023/11/20/une-pronostica-afectacion-de-84-mw-en-el-pico-nocturno-tras-salida-de-felton-por-mantenimiento/
1824852,2023-11-21,09:49:59,UNE estima una afectación de 280 MW en horario nocturno de este martes,0.0,0.0,,,122.0,18:10,False,,2380.0,1900.0,,,,,,http://www.cubadebate.cu/noticias/2023/11/21/une-estima-una-afectacion-de-280-mw-en-horario-nocturno-de-este-martes/
1825089,2023-11-22,09:08:43,UNE estima afectación de 253 MW en horario pico de este miércoles,0.0,0.0,,,170.0,18:10,False,,2380.0,1950.0,,,,,,http://www.cubadebate.cu/noticias/2023/11/22/une-estima-afectacion-de-253-mw-en-horario-pico-de-este-miercoles/
1825282,2023-11-23,08:59:16,Unión Eléctrica estima afectación de 269 MW en horario pico de este jueves,269.0,199.0,2651.0,2850.0,176.0,18:20,False,,2300.0,1970.0,,,,,,http://www.cubadebate.cu/noticias/2023/11/23/union-electrica-estima-afectacion-de-269-mw-en-horario-pico-de-este-jueves/
1825492,2023-11-24,08:49:51,Unión Eléctrica estima una afectación de 213 MW en el horario pico nocturno de este viernes,213.0,143.0,2707.0,2850.0,263.0,18:10,False,,,,,,,,,http://www.cubadebate.cu/noticias/2023/11/24/union-electrica-estima-una-afectacion-de-213-mw-en-el-horario-pico-nocturno-de-este-viernes/
1825781,2023-11-25,09:41:15,UNE: Se prevén afectaciones en el horario pico para esta jornada,0.0,0.0,,,111.0,18:10,False,,2500.0,1850.0,,,,,,http://www.cubadebate.cu/noticias/2023/11/25/une-se-preven-afectaciones-en-el-horario-pico-para-esta-jornada/
1825944,2023-11-26,08:50:43,UNE no pronostica afectaciones al servicio por déficit de generación este domingo,0.0,0.0,,,0.0,,False,,,,,,,,,http://www.cubadebate.cu/noticias/2023/11/26/une-no-pronostica-afectaciones-al-servicio-por-deficit-de-generacion-este-domingo/
1826163,2023-11-27,08:30:10,UNE no prevé afectaciones por déficit en horario diurno y estima afectación de 337 MW en pico este lunes,337.0,267.0,2633.0,2900.0,154.0,18:00,False,,,,,,,,,http://www.cubadebate.cu/noticias/2023/11/27/une-no-preve-afectaciones-por-deficit-en-horario-diurno-y-estima-afectacion-de-337-mw-en-pico-este-lunes/
1826356,2023-11-28,08:23:09,Unión Eléctrica pronostica una afectación de 333 MW en el horario pico nocturno de este martes,0.0,0.0,,,286.0,18:10,False,,,,,,,,,http://www.cubadebate.cu/noticias/2023/11/28/union-electrica-pronostica-una-afectacion-de-333-mw-en-el-horario-pico-nocturno-de-este-martes/
1826612,2023-11-29,09:50:36,Unión Eléctrica pronostica una afectación de 354 MW en el horario pico nocturno,0.0,0.0,,,369.0,18:00,False,,,,,,,,,http://www.cubadebate.cu/noticias/2023/11/29/union-electrica-pronostica-una-afectacion-de-354-mw-en-el-horario-pico-nocturno/
1826940,2023-11-30,09:22:02,UNE pronostica afectación de 231 MW durante pico nocturno de este jueves,0.0,0.0,,,298.0,6:10,False,,,,,,,,,http://www.cubadebate.cu/noticias/2023/11/30/une-pronostica-afectacion-de-231-mw-durante-pico-nocturno-de-este-jueves/
1827085,2023-12-01,10:38:05,UNE: Pronostican afectación de 260 MW durante el horario pico nocturno de este viernes,0.0,0.0,,,314.0,18:10,False,,,,,,,,,http://www.cubadebate.cu/noticias/2023/12/01/une-pronostican-afectacion-de-260-mw-durante-el-horario-pico-nocturno-de-este-viernes/
1827291,2023-12-02,08:01:27,UNE pronostica afectación de 175 MW durante el horario pico nocturno de este sábado,0.0,0.0,,,494.0,18:20,False,,,,,,60.0,,,http://www.cubadebate.cu/noticias/2023/12/02/une-pronostica-afectacion-de-175-mw-durante-el-horario-pico-nocturno-de-este-sabado/
1827581,2023-12-03,09:15:12,Unión Eléctrica no pronostica afectaciones por déficit de generación este domingo,0.0,0.0,,,115.0,18:10,False,,2600.0,2000.0,,,50.0,,,http://www.cubadebate.cu/noticias/2023/12/03/union-electrica-no-pronostica-afectaciones-por-deficit-de-generacion-este-domingo-2/
1827738,2023-12-04,09:30:11,UNE prevé jornada diurna sin afectaciones por déficit y afectación de 144 MW en el pico este lunes,0.0,0.0,,,92.0,,False,,,,,,85.0,,,http://www.cubadebate.cu/noticias/2023/12/04/une-preve-jornada-diurna-sin-afectaciones-por-deficit-y-afectacion-de-144-mw-en-el-pico-este-lunes/
1827902,2023-12-05,08:35:16,Unión Eléctrica estima afectación de 327 MW en el pico nocturno de este martes,0.0,0.0,,,170.0,18:10,False,,2300.0,2060.0,,,100.0,,,http://www.cubadebate.cu/noticias/2023/12/05/union-electrica-estima-afectacion-de-327-mw-en-el-pico-nocturno-de-este-martes/
1828085,2023-12-06,09:55:45,Unión Eléctrica estima afectación de 395 MW en el pico nocturno de este miércoles,0.0,0.0,,,354.0,18:20,False,,2280.0,2000.0,,,50.0,,,http://www.cubadebate.cu/noticias/2023/12/06/union-electrica-estima-afectacion-de-395-mw-en-el-pico-nocturno-de-este-miercoles/
1828209,2023-12-07,09:35:06,La Unión Eléctrica estima una afectación de 315 MW para el horario pico nocturno,0.0,0.0,,,534.0,,False,,,,,,,,,http://www.cubadebate.cu/noticias/2023/12/07/la-union-electrica-estima-una-afectacion-de-315-mw-para-el-horario-pico-nocturno/
1828397,2023-12-08,10:14:30,Unión Eléctrica no pronostica afectaciones por déficit de generación este viernes,0.0,0.0,,,195.0,18:00,False,,2600.0,1800.0,,,,,,http://www.cubadebate.cu/noticias/2023/12/08/union-electrica-no-pronostica-afectaciones-por-deficit-de-generacion-este-viernes/
1828603,2023-12-09,10:04:33,Unión Eléctrica no estima afectación por déficit de generación en el horario diurno este sábado,0.0,0.0,,,0.0,,False,,,,,,,,,http://www.cubadebate.cu/noticias/2023/12/09/union-electrica-no-estima-afectacion-por-deficit-de-generacion-en-el-horario-diurno-este-sabado/
1828776,2023-12-10,09:04:05,Unión Eléctrica no pronostica afectaciones por déficit de capacidad de generación,0.0,0.0,,,0.0,,False,,2600.0,1850.0,,,,,,http://www.cubadebate.cu/noticias/2023/12/10/union-electrica-no-pronostica-afectaciones-por-deficit-de-capacidad-de-generacion/
1828899,2023-12-11,09:31:59,UNE: Prevén afectación de 300 MW durante el horario pico nocturno de este lunes,0.0,0.0,,,,,False,,,,,,,,,http://www.cubadebate.cu/noticias/2023/12/11/une-preven-afectacion-de-300-mw-durante-el-horario-pico-nocturno-de-este-lunes/
1829228,2023-12-12,08:30:02,UNE: Se pronostica una afectación de 385 MW en el horario pico,0.0,0.0,,,616.0,18:00,False,,2300.0,2000.0,,,,,,http://www.cubadebate.cu/noticias/2023/12/12/une-se-pronostica-una-afectacion-de-385-mw-en-el-horario-pico/
1829450,2023-12-13,12:11:23,UNE pronostica una afectación de 270 MW para el horario pico,0.0,0.0,,,314.0,18:00,False,,2270.0,2000.0,,,,,,http://www.cubadebate.cu/noticias/2023/12/13/une-pronostica-una-afectacion-de-270-mw-para-el-horario-pico/
1830106,2023-12-14,09:19:25,UNE alerta sobre posibles afectaciones al servicio en el horario diurno,0.0,0.0,,,345.0,18:00,False,,2170.0,1900.0,,,,,,http://www.cubadebate.cu/noticias/2023/12/14/une-alerta-sobre-posibles-afectaciones-al-servicio-en-el-horario-diurno/
1830435,2023-12-15,12:27:47,La UNE pronostica afectación de 173 MW durante el pico nocturno de este viernes,173.0,103.0,2597.0,2700.0,288.0,,False,,,,,291.0,,,,http://www.cubadebate.cu/noticias/2023/12/15/la-une-pronostica-afectacion-de-173-mw-durante-el-pico-nocturno-de-este-viernes/
1830511,2023-12-16,10:11:14,UNE no pronostica afectaciones al servicio por capacidad de generación este sábado,0.0,0.0,,,0.0,,False,,2690.0,1800.0,,,,,,http://www.cubadebate.cu/noticias/2023/12/16/une-no-pronostica-afectaciones-al-servicio-por-capacidad-de-generacion-este-sabado/
1830732,2023-12-17,10:24:04,Unión Eléctrica no estima afectaciones en el servicio para este domingo,0.0,0.0,,,0.0,,False,,2487.0,1630.0,,,,,,http://www.cubadebate.cu/noticias/2023/12/17/union-electrica-no-estima-afectaciones-en-el-servicio-para-este-domingo/
1830953,2023-12-18,09:36:22,UNE no prevé afectaciones por déficit durante jornada diurna y riesgo de afectación en el pico nocturno este lunes,0.0,0.0,,,,,False,,,,,,,,,http://www.cubadebate.cu/noticias/2023/12/18/une-no-preve-afectaciones-por-deficit-durante-jornada-diurna-y-riesgo-de-afectacion-en-el-pico-nocturno-este-lunes/
1831170,2023-12-19,10:08:18,UNE pronostica afectación de 165 MW en el pico nocturno de este martes,0.0,0.0,,,73.0,18:10,False,,,,,,,,,http://www.cubadebate.cu/noticias/2023/12/19/une-pronostica-afectacion-de-165-mw-en-el-pico-nocturno-de-este-martes/
1831373,2023-12-20,09:19:54,UNE no pronostica afectaciones al servicio por capacidad de generación este miércoles,0.0,0.0,,,0.0,,False,,2430.0,1620.0,,,,,,http://www.cubadebate.cu/noticias/2023/12/20/une-no-pronostica-afectaciones-al-servicio-por-capacidad-de-generacion-este-miercoles/
1831543,2023-12-21,09:17:21,UNE no prevé afectaciones durante el pico nocturno de este jueves,0.0,0.0,,,220.0,6:20,False,,,,,,,,,http://www.cubadebate.cu/noticias/2023/12/21/une-no-preve-afectaciones-durante-el-pico-nocturno-de-este-jueves/
1831702,2023-12-22,09:08:17,UNE no pronostica afectaciones durante el pico nocturno de este viernes,0.0,0.0,,,,,False,,,,,,,,,http://www.cubadebate.cu/noticias/2023/12/22/une-no-pronostica-afectaciones-durante-el-pico-nocturno-de-este-viernes/
1831904,2023-12-23,09:18:18,UNE prevé una jornada sin afectaciones por déficit de generación este sábado,0.0,0.0,,,,,False,,,,,,,,,http://www.cubadebate.cu/noticias/2023/12/23/une-preve-una-jornada-sin-afectaciones-por-deficit-de-generacion-este-sabado/
1832023,2023-12-24,09:35:30,UNE no pronostica afectaciones durante la jornada de este domingo,0.0,0.0,,,,,False,,,,,,,,,http://www.cubadebate.cu/noticias/2023/12/24/une-no-pronostica-afectaciones-durante-la-jornada-de-este-domingo/
1832084,2023-12-25,09:10:11,La Unión Eléctrica no pronostica afectaciones al servicio por déficit de capacidades de generación este lunes,0.0,0.0,,,0.0,,False,,,,,,,,,http://www.cubadebate.cu/noticias/2023/12/25/la-union-electrica-no-pronostica-afectaciones-al-servicio-por-deficit-de-capacidades-de-generacion-este-lunes/
1832180,2023-12-26,08:41:08,La Unión Eléctrica no pronostica afectaciones al servicio por déficit de capacidades de generación este martes,0.0,0.0,,,0.0,,False,,2740.0,1700.0,,,,,,http://www.cubadebate.cu/noticias/2023/12/26/la-union-electrica-no-pronostica-afectaciones-al-servicio-por-deficit-de-capacidades-de-generacion-este-martes/
1832379,2023-12-27,11:06:30,UNE no pronostica afectaciones al servicio por déficit de generación este miércoles,0.0,0.0,,,0.0,,False,,,,,,,,,http://www.cubadebate.cu/noticias/2023/12/27/une-no-pronostica-afectaciones-al-servicio-por-deficit-de-generacion-este-miercoles/
1832500,2023-12-28,09:30:29,UNE no pronostica afectaciones durante el pico nocturno de este jueves,0.0,0.0,,,,,False,,,,,485.0,,,,http://www.cubadebate.cu/noticias/2023/12/28/une-no-pronostica-afectaciones-durante-el-pico-nocturno-de-este-jueves/
1832725,2023-12-29,10:05:43,UNE no pronostica afectaciones al servicio por déficit de generación este viernes,0.0,0.0,,,0.0,,False,,2570.0,1580.0,,,,,,http://www.cubadebate.cu/noticias/2023/12/29/une-no-pronostica-afectaciones-al-servicio-por-deficit-de-generacion-este-viernes/
1832907,2023-12-30,09:14:47,No se pronostican afectaciones al servicio eléctrico por déficit de capacidades de generación,0.0,0.0,,,0.0,,False,,2720.0,1525.0,,,,,,http://www.cubadebate.cu/noticias/2023/12/30/no-se-pronostican-afectaciones-al-servicio-electrico-por-deficit-de-capacidades-de-generacion/
1833038,2023-12-31,09:10:26,La Unión Eléctrica no pronostica afectaciones al servicio por déficit de generación este 31 de diciembre,0.0,0.0,,,0.0,,False,,,,,,,,,http://www.cubadebate.cu/noticias/2023/12/31/la-union-electrica-no-pronostica-afectaciones-al-servicio-por-deficit-de-generacion-este-31-de-diciembre/
1833165,2024-01-01,09:06:23,La UNE no prevé afectaciones durante pico nocturno de este lunes,0.0,0.0,2779.0,2350.0,0.0,,False,,,,,451.0,,,,http://www.cubadebate.cu/noticias/2024/01/01/la-une-no-preve-afectaciones-durante-pico-nocturno-de-este-lunes/
1833528,2024-01-03,10:04:42,La Unión Eléctrica no prevé afectaciones al servicio por déficit de capacidad de generación este miércoles,0.0,0.0,,,0.0,,False,,,,,,,,,http://www.cubadebate.cu/noticias/2024/01/03/la-union-electrica-no-preve-afectaciones-al-servicio-por-deficit-de-capacidad-de-generacion-este-miercoles/
1833721,2024-01-04,09:28:31,UNE no prevé afectaciones al servicio por déficit de capacidades de generación este jueves,0.0,0.0,,,,,False,,2775.0,1500.0,,,,,,http://www.cubadebate.cu/noticias/2024/01/04/une-no-preve-afectaciones-al-servicio-por-deficit-de-capacidades-de-generacion-este-jueves/
1833854,2024-01-05,08:41:19,Sistema Eléctrico mantiene estabilidad: 475 MW de reserva para el horario pico de este viernes,0.0,0.0,,,0.0,,False,,2880.0,1600.0,,,,,,http://www.cubadebate.cu/noticias/2024/01/05/sistema-electrico-mantiene-estabilidad-475-mw-de-reserva-para-el-horario-pico-de-este-viernes/
1834086,2024-01-06,11:03:38,La UNE no prevé afectaciones al servicio este sábado,0.0,0.0,,,0.0,,False,,2720.0,1580.0,,,,,,http://www.cubadebate.cu/noticias/2024/01/06/la-une-no-preve-afectaciones-al-servicio-este-sabado/
1834213,2024-01-07,14:26:16,Continúa Cuba sin afectaciones eléctricas por déficit de generación,0.0,0.0,,,,,False,,2574.0,1730.0,,,,,,http://www.cubadebate.cu/noticias/2024/01/07/continua-cuba-sin-afectaciones-electricas-por-deficit-de-generacion/
1834357,2024-01-08,09:17:26,La Unión Eléctrica no estima afectaciones por déficit de capacidad de generación,0.0,0.0,,,,,False,,,,,,123.0,,,http://www.cubadebate.cu/noticias/2024/01/08/la-union-electrica-no-estima-afectaciones-por-deficit-de-capacidad-de-generacion/
1834635,2024-01-09,09:10:39,UNE prevé jornada diurna sin afectaciones y afectación de 222 MW en el pico nocturno este martes,0.0,0.0,,,,,False,,,,,,,,,http://www.cubadebate.cu/noticias/2024/01/09/une-preve-jornada-diurna-sin-afectaciones-y-afectacion-de-222-mw-en-el-pico-nocturno-este-martes/
1834820,2024-01-10,09:18:09,UNE pronostica una afectación de 65 MW en horario pico este miércoles,0.0,0.0,,,215.0,18:30,False,,2450.0,1930.0,,,,,,http://www.cubadebate.cu/noticias/2024/01/10/une-pronostica-una-afectacion-de-65-mw-en-horario-pico-este-miercoles/
1835189,2024-01-12,09:56:48,Situación del SEN para el 12 de enero de 2024,0.0,0.0,,,96.0,18:30,False,,2321.0,1910.0,,,,,,http://www.cubadebate.cu/noticias/2024/01/12/situacion-del-sen-para-el-12-de-enero-de-2024/
1835469,2024-01-13,10:07:20,UNE prevé afectaciones en jornada diurna y un déficit de 821 MW en el pico nocturno este sábado,0.0,0.0,,,319.0,18:30,False,,1800.0,1800.0,,,,,,http://www.cubadebate.cu/noticias/2024/01/13/une-preve-afectaciones-en-jornada-diurna-y-un-deficit-de-821-mw-en-el-pico-nocturno-este-sabado/
1835723,2024-01-14,10:44:58,UNE pronostica afectación de 227 MW en horario pico nocturno de este domingo,0.0,0.0,,,736.0,18:30,False,,,,,,,,,http://www.cubadebate.cu/noticias/2024/01/14/une-pronostica-afectacion-de-227-mw-en-horario-pico-nocturno-de-este-domingo/
1835871,2024-01-15,10:04:52,UNE no prevé afectaciones en horario diurno y afectación de 210 MW en el pico este lunes,0.0,0.0,,,124.0,,False,,,,,,,,,http://www.cubadebate.cu/noticias/2024/01/15/une-no-preve-afectaciones-en-horario-diurno-y-afectacion-de-210-mw-en-el-pico-este-lunes/
1836048,2024-01-16,09:09:16,UNE estima afectación de 140 MW durante pico nocturno de este martes,0.0,0.0,,,57.0,6:30,False,,2400.0,2000.0,,430.0,,,,http://www.cubadebate.cu/noticias/2024/01/16/une-estima-afectacion-de-140-mw-durante-pico-nocturno-de-este-martes/
1836223,2024-01-17,09:01:54,Unión Eléctrica prevé afectaciones durante todo el día: 750 MW para el horario pico,750.0,680.0,2220.0,2900.0,416.0,18:30,False,,1980.0,2040.0,,,450.0,,,http://www.cubadebate.cu/noticias/2024/01/17/union-electrica-preve-afectaciones-durante-todo-el-dia-750-mw-para-el-horario-pico/
1836589,2024-01-19,09:41:30,UNE: Pronostican afectación de 196 MW durante el horario pico nocturno,0.0,0.0,,,,,False,,2550.0,1940.0,,,,,,http://www.cubadebate.cu/noticias/2024/01/19/une-pronostican-afectacion-de-196-mw-durante-el-horario-pico-nocturno/
1836761,2024-01-20,09:31:12,La Unión Eléctrica estima una afectación de 35 MW para el horario pico nocturno,0.0,0.0,,,,,False,,,,,396.0,,,,http://www.cubadebate.cu/noticias/2024/01/20/la-union-electrica-estima-una-afectacion-de-35-mw-para-el-horario-pico-nocturno/
1837066,2024-01-21,08:10:17,La Unión Eléctrica estima una afectación de 135 MW para el horario pico nocturno,0.0,0.0,,,0.0,,False,,2440.0,1700.0,,,,,,http://www.cubadebate.cu/noticias/2024/01/21/la-union-electrica-estima-una-afectacion-de-135-mw-para-el-horario-pico-nocturno/
1837297,2024-01-22,11:36:11,UNE pronostica en horario nocturno afectaciones en la zona centro-oriental debido a altas transferencias de energía,0.0,0.0,,,120.0,18:30,False,,2314.0,1800.0,,,,,,http://www.cubadebate.cu/noticias/2024/01/22/une-pronostica-en-horario-nocturno-afectaciones-en-la-zona-centro-oriental-debido-a-altas-transferencias-de-energia/
1837488,2024-01-23,08:22:52,UNE informa sobre posibles afectaciones en esta jornada durante el horario pico,0.0,0.0,,,153.0,18:50,False,,2300.0,1870.0,,,,,,http://www.cubadebate.cu/noticias/2024/01/23/une-informa-sobre-posibles-afectaciones-en-esta-jornada-durante-el-horario-pico/
1837644,2024-01-24,08:36:00,UNE pronostica una afectación de 320 MW en horario pico nocturno,0.0,0.0,,,77.0,18:20,False,,2250.0,1870.0,,,,,,http://www.cubadebate.cu/noticias/2024/01/24/une-pronostica-una-afectacion-de-320-mw-en-horario-pico-nocturno/
1837789,2024-01-25,09:45:55,UNE pronostica una afectación de 615 MW en el horario pico nocturno,0.0,0.0,,,865.0,18:30,False,,2100.0,1950.0,,,,,,http://www.cubadebate.cu/noticias/2024/01/25/une-pronostica-una-afectacion-de-615-mw-en-el-horario-pico-nocturno/
1837940,2024-01-26,09:32:36,UNE pronostica afectación de 1 010 MW durante pico nocturno de este viernes,1010.0,940.0,2060.0,3000.0,482.0,6:40,False,,,,,318.0,,,,http://www.cubadebate.cu/noticias/2024/01/26/une-pronostica-afectacion-de-1-010-mw-durante-pico-nocturno-de-este-viernes/
1838103,2024-01-27,08:24:37,Unión Eléctrica prevé afectaciones durante todo el día: 890 MW en el pico nocturno,890.0,820.0,2180.0,3000.0,1032.0,18:40,False,,1760.0,1950.0,,,,,,http://www.cubadebate.cu/noticias/2024/01/27/union-electrica-preve-afectaciones-durante-todo-el-dia-890-mw-en-el-pico-nocturno/
1838362,2024-01-28,11:21:32,Pronostican afectación de 952 MW durante el horario pico nocturno de este domingo,952.0,882.0,2118.0,3000.0,,18:40,False,,,,,,,,,http://www.cubadebate.cu/noticias/2024/01/28/pronostican-afectacion-de-952-mw-durante-el-horario-pico-nocturno-de-este-domingo/
1838585,2024-01-29,14:26:32,Pronostican afectación de 991 MW durante el horario pico nocturno de este lunes,991.0,921.0,2129.0,3050.0,975.0,18:30,False,,2055.0,1900.0,,,,,,http://www.cubadebate.cu/noticias/2024/01/29/pronostican-afectacion-de-991-mw-durante-el-horario-pico-nocturno-de-este-lunes/
1838735,2024-01-30,13:36:55,Unión Eléctrica informa afectación de 975 MW para el horario pico nocturno,975.0,905.0,1975.0,2880.0,1111.0,18:40,False,,1850.0,1780.0,,,,,,http://www.cubadebate.cu/noticias/2024/01/30/union-electrica-informa-afectacion-de-975-mw-en-el-horario-pico-nocturno/
1838882,2024-01-31,11:17:24,Unión Eléctrica informa afectación de 590 MW para el horario pico nocturno,590.0,520.0,2180.0,2700.0,555.0,18:30,False,,,,,,,,,http://www.cubadebate.cu/noticias/2024/01/31/union-electrica-informa-afectacion-de-590-mw-para-el-horario-pico-nocturno/
1839004,2024-02-01,10:47:28,UNE informa sobre afectaciones en el horario pico para esta jornada,578.0,508.0,2192.0,2700.0,603.0,18:30,False,,1934.0,1770.0,,,,,,http://www.cubadebate.cu/noticias/2024/02/01/une-informa-sobre-afectaciones-en-el-horario-pico-para-esta-jornada/
1839152,2024-02-02,09:08:19,La Unión Eléctrica estima una afectación de 562 MW para el horario pico nocturno,562.0,492.0,2208.0,2700.0,603.0,18:30,False,,,,,413.0,,,,http://www.cubadebate.cu/noticias/2024/02/02/la-union-electrica-estima-una-afectacion-de-562-mw-para-el-horario-pico-nocturno/
1839295,2024-02-03,08:34:50,Unión Eléctrica prevé este sábado afectación de 800 MW en horario pico nocturno,800.0,730.0,1970.0,2700.0,608.0,18:30,False,,,,,263.0,,,,http://www.cubadebate.cu/noticias/2024/02/03/union-electrica-preve-este-sabado-afectacion-de-800-mw-en-horario-pico-nocturno/
1839497,2024-02-04,09:51:50,Unión Eléctrica pronostica un déficit de 940 MW en pico nocturno,940.0,865.0,1935.0,2800.0,975.0,18:40,False,,1650.0,1700.0,,,,,,http://www.cubadebate.cu/noticias/2024/02/04/union-electrica-pronostica-un-deficit-de-940-mw-en-pico-nocturno/
1839607,2024-02-05,09:09:53,UNE pronostica afectación de 945 MW durante pico nocturno de este lunes,945.0,875.0,1975.0,2850.0,1109.0,6:30,False,,,,,283.0,,,,http://www.cubadebate.cu/noticias/2024/02/05/une-pronostica-afectacion-de-945-mw-durante-pico-nocturno-de-este-lunes/
1839856,2024-02-06,09:09:53,UNE: Prevén afectación de 855 MW durante horario pico nocturno de este martes,0.0,0.0,,,954.0,18:30,False,,,,,,,,,http://www.cubadebate.cu/noticias/2024/02/06/une-preven-afectacion-de-855-mw-durante-horario-pico-nocturno-de-este-martes/
1840184,2024-02-07,13:09:26,UNE prevé afectación de 860 MW durante horario pico nocturno,0.0,0.0,,,698.0,18:30,False,,1760.0,1620.0,,,,,,http://www.cubadebate.cu/noticias/2024/02/07/une-preve-afectacion-de-860-mw-durante-horario-pico-nocturno/
1840428,2024-02-08,09:24:36,Unión Eléctrica informa afectación de 750 MW para el horario pico nocturno,0.0,0.0,,,847.0,18:30,False,,1840.0,1620.0,,,,,,http://www.cubadebate.cu/noticias/2024/02/08/union-electrica-informa-afectacion-de-750-mw-para-el-horario-pico-nocturno/
1840678,2024-02-09,10:44:34,Situación del SEN para este viernes 9 de febrero,0.0,0.0,,,892.0,18:40,False,,1780.0,1650.0,,,,,,http://www.cubadebate.cu/noticias/2024/02/09/situacion-del-sen-para-este-viernes-9-de-febrero/
1840845,2024-02-10,09:56:24,UNE pronostica afectación de 755 MW durante pico nocturno de este sábado,0.0,0.0,,,732.0,6:40,False,,,,,486.0,,,,http://www.cubadebate.cu/noticias/2024/02/10/une-pronostica-afectacion-de-755-mw-durante-pico-nocturno-de-este-viernes/
1840967,2024-02-11,09:41:28,La Unión Eléctrica pronostica una afectación de 715 MW para el horario pico nocturno,0.0,0.0,,,404.0,18:40,False,,,,,,,,,http://www.cubadebate.cu/noticias/2024/02/11/la-union-electrica-pronostica-una-afectacion-de-715-mw-para-el-horario-pico-nocturno/
1841354,2024-02-12,09:22:11,Unión Eléctrica pronostica una afectación de 1033 MW para el horario pico nocturno,0.0,0.0,,,888.0,18:30,False,,,,,,,,,http://www.cubadebate.cu/noticias/2024/02/12/union-electrica-pronostica-una-afectacion-de-1033-mw-para-el-horario-pico-nocturno/
1841514,2024-02-13,09:13:03,UNE pronostica afectación de 1 378 MW durante pico nocturno de este martes,1378.0,1308.0,1742.0,3050.0,1183.0,,False,,,,,338.0,,,,http://www.cubadebate.cu/noticias/2024/02/13/une-pronostica-afectacion-de-1-378-mw-durante-pico-nocturno-de-este-martes/
1841670,2024-02-14,08:31:56,UNE pronostica afectación de casi 1000 MW durante pico nocturno de este miércoles,997.0,927.0,2173.0,3100.0,1381.0,18:30,True,,1850.0,1995.0,,,,,,http://www.cubadebate.cu/noticias/2024/02/14/une-pronostica-afectacion-de-casi-1000-mw-durante-pico-nocturno-de-este-miercoles/
1841857,2024-02-15,09:13:03,UNE pronostica afectación de 803 MW durante pico nocturno de este jueves,803.0,733.0,2117.0,2850.0,815.0,18:40,False,,,,,,,,,http://www.cubadebate.cu/noticias/2024/02/15/une-pronostica-afectacion-de-803-mw-durante-pico-nocturno-de-este-jueves/
1842118,2024-02-16,10:35:59,UNE: Se pronostica una afectación de 925 MW para el horario pico,925.0,855.0,2045.0,2900.0,827.0,18:40,False,,1900.0,1980.0,,,,,,http://www.cubadebate.cu/noticias/2024/02/16/une-se-pronostica-una-afectacion-de-925-mw-para-el-horario-pico/
1842243,2024-02-17,09:51:13,UNE pronostica déficit de 980 MW durante pico nocturno de este sábado,980.0,910.0,2190.0,3100.0,924.0,18:50,False,,1807.0,2000.0,,,65.0,,,http://www.cubadebate.cu/noticias/2024/02/17/une-pronostica-deficit-de-980-mw-durante-pico-nocturno-de-este-sabado/
1842431,2024-02-18,09:46:38,Unión Eléctrica pronostica un déficit de 957 MW para pico nocturno,957.0,887.0,2063.0,2950.0,1085.0,18:50,False,,1963.0,2011.0,,,,,,http://www.cubadebate.cu/noticias/2024/02/18/union-electrica-pronostica-un-deficit-de-957-mw-para-pico-nocturno/
1842553,2024-02-19,10:37:13,Unión Eléctrica estima una afectación diurna de 450 MW,805.0,735.0,2115.0,2850.0,760.0,18:50,False,,2020.0,1920.0,,,,,,http://www.cubadebate.cu/noticias/2024/02/19/union-electrica-estima-una-afectacion-diurna-de-450-mw/
1842744,2024-02-20,08:52:51,La Unión Eléctrica pronostica una afectación de 669 MW para el horario pico nocturno,669.0,599.0,2121.0,2720.0,653.0,,False,,,,,382.0,,,,http://www.cubadebate.cu/noticias/2024/02/20/la-union-electrica-pronostica-una-afectacion-de-669-mw-para-el-horario-pico-nocturno/
1842985,2024-02-21,09:03:29,UNE pronostica afectación de 720 MW durante pico nocturno de este miércoles,720.0,650.0,2050.0,2700.0,598.0,,False,,,,,456.0,,,,http://www.cubadebate.cu/noticias/2024/02/21/une-pronostica-afectacion-de-720-mw-durante-pico-nocturno-de-este-miercoles/
1843195,2024-02-22,09:20:28,UNE pronostica afectación de 873 MW durante pico nocturno de este jueves,873.0,803.0,1997.0,2800.0,770.0,18:40,False,,,,,,,,,http://www.cubadebate.cu/noticias/2024/02/22/une-pronostica-afectacion-de-873-mw-durante-pico-nocturno-de-este-jueves/
1843321,2024-02-23,09:10:03,UNE: Se pronostica una afectación de 884 MW en el horario pico,884.0,814.0,1946.0,2760.0,768.0,18:40,False,,1830.0,1750.0,,,,,,http://www.cubadebate.cu/noticias/2024/02/23/une-se-pronostica-una-afectacion-de-884-mw-en-el-horario-pico/
1843498,2024-02-24,09:05:20,UNE pronostica una afectación de 905 MW en el horario pico,905.0,835.0,1915.0,2750.0,817.0,18:40,False,,1820.0,1780.0,,,,,,http://www.cubadebate.cu/noticias/2024/02/24/une-pronostica-una-afectacion-de-905-mw-en-el-horario-pico/
1843603,2024-02-25,09:59:38,Unión Eléctrica estima déficit de 925 MW en horario nocturno de este domingo,925.0,855.0,1945.0,2800.0,949.0,18:20,False,,1900.0,1600.0,,,,,,http://www.cubadebate.cu/noticias/2024/02/25/union-electrica-estima-deficit-de-925-mw-en-horario-nocturno-de-este-domingo/
1843758,2024-02-26,09:05:47,UNE: Prevén afectación de 938 MW en horario nocturno de este lunes,938.0,868.0,1952.0,2820.0,759.0,18:50,False,,,,,,,,,http://www.cubadebate.cu/noticias/2024/02/26/une-preven-afectacion-de-938-mw-en-horario-nocturno-de-este-lunes/
1843991,2024-02-27,09:25:04,UNE: Prevén afectación de más de 1000 MW en horario pico nocturno de este martes,1000.0,1003.0,1947.0,2950.0,926.0,18:40,False,,1837.0,1880.0,,,,,,http://www.cubadebate.cu/noticias/2024/02/27/une-preven-afectacion-de-mas-de-1000-mw-en-horario-pico-nocturno-de-este-martes/
1844150,2024-02-28,09:02:07,UNE pronostica afectación de 1 255 MW durante pico nocturno de este miércoles,1255.0,1185.0,1865.0,3050.0,1147.0,6:50,False,,,,,392.0,,,,http://www.cubadebate.cu/noticias/2024/02/28/une-pronostica-afectacion-de-1-255-mw-durante-pico-nocturno-de-este-miercoles/
1844374,2024-02-29,08:59:07,Pronostica Unión Eléctrica afectación de 1260 MW en el horario pico de este jueves,1260.0,1190.0,1960.0,3150.0,1246.0,18:40,False,,2110.0,2050.0,,,,,,http://www.cubadebate.cu/noticias/2024/02/29/pronostica-union-electrica-afectacion-de-1260-mw-en-el-horario-pico-de-este-jueves/
1844742,2024-03-01,08:56:31,Pronostica Unión Eléctrica afectación de 1230 MW en el horario pico de este viernes,1230.0,1160.0,1940.0,3100.0,1086.0,18:40,False,,1840.0,2150.0,,,,,,http://www.cubadebate.cu/noticias/2024/03/01/pronostica-union-electrica-afectacion-de-1230-mw-en-el-horario-pico-de-este-viernes/
1845233,2024-03-02,09:23:18,Pronostica Unión Eléctrica afectación de 1060 MW en el horario pico de este sábado,1060.0,990.0,2160.0,3150.0,1090.0,18:50,False,,1940.0,2080.0,,,,,,http://www.cubadebate.cu/noticias/2024/03/02/pronostica-union-electrica-afectacion-de-1060-mw-en-el-horario-pico-de-este-sabado/
1845508,2024-03-03,09:14:38,Unión Eléctrica estima déficit de 905 MW para pico nocturno,905.0,905.0,2095.0,3000.0,938.0,18:50,False,,1990.0,2000.0,,,,,,http://www.cubadebate.cu/noticias/2024/03/03/union-electrica-estima-deficit-de-905-mw-para-pico-nocturno/
1845609,2024-03-04,09:37:19,UNE pronostica afectación de 1 195 MW durante pico nocturno de este lunes,1195.0,1125.0,1995.0,3120.0,843.0,6:50,False,,,,,335.0,,,,http://www.cubadebate.cu/noticias/2024/03/04/une-pronostica-afectacion-de-1-195-mw-durante-pico-nocturno-de-este-lunes/
1845976,2024-03-06,09:09:38,La Unión Eléctrica estima una afectación de 1 215 MW para el horario pico nocturno,1215.0,1145.0,2045.0,3190.0,1173.0,19:00,False,,,,,363.0,,,,http://www.cubadebate.cu/noticias/2024/03/06/la-union-electrica-estima-una-afectacion-de-1-215-mw-para-el-horario-pico-nocturno/
1846256,2024-03-07,11:04:56,Unión Eléctrica informa afectación de 1280 MW en el horario pico nocturno,1280.0,1210.0,1940.0,3150.0,1111.0,18:10,False,,1750.0,2400.0,,,,,,http://www.cubadebate.cu/noticias/2024/03/07/union-electrica-informa-afectacion-de-1280-mw-en-el-horario-pico-nocturno/
1846490,2024-03-08,10:41:29,Pronostica Unión Eléctrica un déficit de 1416 MW en horario pico de este viernes,1416.0,1346.0,1854.0,3200.0,1367.0,18:00,False,,1615.0,2640.0,,,,,,http://www.cubadebate.cu/noticias/2024/03/08/pronostica-union-electrica-un-deficit-de-1416-mw-en-horario-pico-de-este-viernes/
1846687,2024-03-09,08:56:16,Unión Eléctrica prevé déficit de 1258 MW en horario pico sabatino,1258.0,1188.0,2112.0,3300.0,1566.0,18:50,True,,1600.0,2550.0,,,82.0,,,http://www.cubadebate.cu/noticias/2024/03/09/union-electrica-preve-deficit-de-1258-mw-en-horario-pico-sabatino/
1846830,2024-03-10,09:35:49,Unión Eléctrica pronostica déficit de 1 115 MW para pico nocturno de este domingo y de 1 100 MW en el día,1115.0,1045.0,2055.0,3100.0,1483.0,19:00,True,,1920.0,2300.0,,,,,,http://www.cubadebate.cu/noticias/2024/03/10/union-electrica-pronostica-deficit-de-1-115-mw-para-pico-nocturno-de-este-domingo-y-de-1-100-mw-en-el-dia/
1847020,2024-03-11,09:24:01,Unión Eléctrica pronostica afectación de 1295 MW para hora pico de este lunes,1295.0,1225.0,1975.0,3200.0,1120.0,20:10,True,,1840.0,2450.0,,,,,,http://www.cubadebate.cu/noticias/2024/03/11/union-electrica-pronostica-afectacion-de-1295-mw-para-hora-pico-de-este-lunes/
1847370,2024-03-12,09:05:22,Unión Eléctrica: Se pronostica una afectación de 1105 MW en el horario pico,1105.0,1035.0,2165.0,3200.0,1282.0,20:20,True,,2000.0,2420.0,,,,,,http://www.cubadebate.cu/noticias/2024/03/12/union-electrica-se-pronostica-una-afectacion-de-1105-mw-en-el-horario-pico/
1847669,2024-03-13,08:50:07,Unión Eléctrica pronostica afectación de 1270 MW para hora pico,1270.0,1200.0,2000.0,3200.0,1284.0,20:20,True,,2000.0,2400.0,,,,,,http://www.cubadebate.cu/noticias/2024/03/13/union-electrica-pronostica-afectacion-de-1270-mw-para-hora-pico/
1847841,2024-03-14,09:01:44,Unión Eléctrica pronostica una afectación de 1340 MW para el horario pico,1340.0,1270.0,2000.0,3270.0,1316.0,19:50,True,,1960.0,2440.0,,,,,,http://www.cubadebate.cu/noticias/2024/03/14/union-electrica-pronostica-una-afectacion-de-1340-mw-para-el-horario-pico/
1848120,2024-03-15,08:31:35,UNE pronostica afectación de 1 345 MW durante pico nocturno de este viernes,1345.0,1275.0,1975.0,3250.0,1312.0,8:10,True,,,,,426.0,30.0,,,http://www.cubadebate.cu/noticias/2024/03/15/une-pronostica-afectacion-de-1-345-mw-durante-pico-nocturno-de-este-viernes/
1848290,2024-03-16,09:50:16,La Unión Eléctrica pronostica una afectación de 1 459 MW para el horario pico nocturno,1459.0,1389.0,1911.0,3300.0,1331.0,20:00,True,,,,,370.0,,,,http://www.cubadebate.cu/noticias/2024/03/16/la-union-electrica-pronostica-una-afectacion-de-1-459-mw-para-el-horario-pico-nocturno/
1848496,2024-03-17,09:14:27,Unión Eléctrica pronostica una afectación de 1265 MW para el horario pico nocturno,1265.0,1195.0,2105.0,3300.0,1508.0,19:40,True,,1850.0,2650.0,,,200.0,,,http://www.cubadebate.cu/noticias/2024/03/17/union-electrica-pronostica-una-afectacion-de-1265-mw-para-el-horario-pico-nocturno/
1848601,2024-03-18,10:06:24,Unión Eléctrica pronostica una afectación de 1021 MW durante el pico nocturno de este lunes,1021.0,951.0,2299.0,3250.0,1314.0,19:00,True,,1750.0,2810.0,,,104.0,,,http://www.cubadebate.cu/noticias/2024/03/18/union-electrica-pronostica-una-afectacion-de-1021-mw-durante-el-pico-nocturno-de-este-lunes/
1848865,2024-03-19,09:54:56,Unión Eléctrica pronostica déficit de más de 1 000 MW durante toda la jornada,1000.0,1039.0,2261.0,3300.0,1403.0,20:30,True,,1869.0,2740.0,,,,,,http://www.cubadebate.cu/noticias/2024/03/19/union-electrica-pronostica-deficit-de-mas-de-1-000-mw-durante-toda-la-jornada/
1849118,2024-03-20,09:37:33,UNE prevé afectación de 600 MW en la jornada y de hasta 940 MW en pico nocturno este miércoles,940.0,870.0,2180.0,3050.0,600.0,20:10,True,,,,,457.0,,,,http://www.cubadebate.cu/noticias/2024/03/20/une-preve-afectacion-de-600-mw-en-la-jornada-y-de-hasta-940-mw-en-pico-nocturno-este-miercoles/
1849434,2024-03-21,09:43:32,La Unión Eléctrica pronostica una afectación de 570 MW para el horario pico nocturno,570.0,510.0,2340.0,2850.0,600.0,20:00,False,,,,,476.0,,,,http://www.cubadebate.cu/noticias/2024/03/21/la-union-electrica-pronostica-una-afectacion-de-570-mw-para-el-horario-pico-nocturno/
1849692,2024-03-22,09:32:59,UNE pronostica afectación de 766 MW durante pico nocturno de este viernes,766.0,696.0,2154.0,2850.0,500.0,8:20,False,,,,,443.0,,,,http://www.cubadebate.cu/noticias/2024/03/22/une-pronostica-afectacion-de-766-mw-durante-pico-nocturno-de-este-viernes/
1850023,2024-03-23,08:41:15,La Unión Eléctrica pronostica una afectación de 375 MW para el horario pico,375.0,305.0,2395.0,2700.0,572.0,20:20,False,,1900.0,1760.0,,,,,,http://www.cubadebate.cu/noticias/2024/03/23/la-union-electrica-pronostica-una-afectacion-de-375-mw-para-el-horario-pico/
1850379,2024-03-24,09:10:59,Unión Eléctrica pronostica un déficit de 265 MW para pico nocturno,265.0,195.0,2405.0,2600.0,337.0,20:00,False,,2108.0,1730.0,,,,,,http://www.cubadebate.cu/noticias/2024/03/24/union-electrica-pronostica-un-deficit-de-265-mw-para-pico-nocturno/
1850517,2024-03-25,09:12:06,UNE pronostica afectación de 270 MW durante pico nocturno de este lunes,270.0,200.0,2500.0,2700.0,200.0,10:50,False,,,,,365.0,,,,http://www.cubadebate.cu/noticias/2024/03/25/une-pronostica-afectacion-de-270-mw-durante-pico-nocturno-de-este-lunes/
1850744,2024-03-26,10:14:56,UNE pronostica afectación de 175 MW durante pico nocturno de este martes,175.0,105.0,2555.0,2660.0,,,False,,2437.0,1950.0,,,,,,http://www.cubadebate.cu/noticias/2024/03/26/une-pronostica-afectacion-de-175-mw-durante-pico-nocturno-de-este-martes/
1850995,2024-03-27,09:52:34,Unión Eléctrica pronostica afectación de 230 MW durante pico nocturno,230.0,160.0,2540.0,2700.0,165.0,20:20,False,,2300.0,2050.0,,,,,,http://www.cubadebate.cu/noticias/2024/03/27/union-electrica-pronostica-afectacion-de-230-mw-durante-pico-nocturno/
1851144,2024-03-28,09:36:22,Unión Eléctrica pronostica afectación de 630 MW durante pico nocturno,630.0,560.0,2140.0,2700.0,587.0,20:40,False,,2080.0,2050.0,,,,,,http://www.cubadebate.cu/noticias/2024/03/28/union-electrica-pronostica-afectacion-de-630-mw-durante-pico-nocturno/
1851320,2024-03-29,08:15:23,UNE: Estiman afectación de 357 MW durante horario pico nocturno de este viernes,357.0,287.0,2413.0,2700.0,900.0,17:50,False,,,,,,,,,http://www.cubadebate.cu/noticias/2024/03/29/une-estiman-afectacion-de-357-mw-durante-horario-pico-nocturno-de-este-viernes/
1851543,2024-03-30,08:59:27,UNE pronostica afectación de 172 MW durante pico nocturno de este sábado,172.0,102.0,2448.0,2550.0,276.0,8:10,False,,,,,349.0,,,,http://www.cubadebate.cu/noticias/2024/03/30/une-pronostica-afectacion-de-172-mw-durante-pico-nocturno-de-este-sabado/
1851687,2024-03-31,09:44:31,Unión Eléctrica no pronostica apagones este domingo por déficit de generación,0.0,0.0,2553.0,2450.0,,,False,,2365.0,1700.0,,,,,,http://www.cubadebate.cu/noticias/2024/03/31/union-electrica-no-pronostica-apagones-este-domingo-por-deficit-de-generacion/
1851962,2024-04-01,09:09:24,UNE prevé jornada diurna sin afectaciones por déficit de generación y afectación de 135 MW en pico nocturno,135.0,65.0,2535.0,2600.0,0.0,,False,,,,,,517.0,,,http://www.cubadebate.cu/noticias/2024/04/01/une-preve-jornada-diurna-sin-afectaciones-por-deficit-de-generacion-y-afectacion-de-135-mw-en-pico-nocturno/
1852149,2024-04-02,08:55:45,UNE pronostica afectación de 295 MW durante pico nocturno de este martes,295.0,225.0,2475.0,2700.0,274.0,8:10,False,,,,,426.0,,,,http://www.cubadebate.cu/noticias/2024/04/02/une-pronostica-afectacion-de-295-mw-durante-pico-nocturno-de-este-martes/
1852347,2024-04-03,09:03:01,UNE pronostica déficit de 584 MW durante pico nocturno de este miércoles,584.0,514.0,2306.0,2820.0,489.0,20:10,False,,2140.0,2160.0,,,,,,http://www.cubadebate.cu/noticias/2024/04/03/une-pronostica-deficit-de-584-mw-durante-pico-nocturno-de-este-miercoles/
1852540,2024-04-04,08:07:53,Unión Eléctrica pronostica afectación de 220 MW durante hora pico de este jueves,220.0,150.0,2600.0,2750.0,,20:20,False,,2250.0,2180.0,,,100.0,,,http://www.cubadebate.cu/noticias/2024/04/04/union-electrica-pronostica-afectacion-de-220-mw-durante-hora-pico-de-este-jueves/
1852864,2024-04-05,08:42:23,Unión Eléctrica: No se pronostican afectaciones al servicio este viernes,0.0,0.0,2655.0,2600.0,,20:00,False,,2250.0,1980.0,,,80.0,,,http://www.cubadebate.cu/noticias/2024/04/05/union-electrica-no-se-pronostican-afectaciones-al-servicio-este-viernes/
1853258,2024-04-06,11:53:03,UNE: No se pronostican afectaciones durante pico nocturno de este sábado,0.0,0.0,2790.0,2600.0,0.0,,False,,,,,481.0,,,,http://www.cubadebate.cu/noticias/2024/04/06/une-no-se-pronostican-afectaciones-durante-pico-nocturno-de-este-sabado/
1853554,2024-04-07,09:29:57,UNE: no se pronostican para el horario pico afectaciones al servicio por déficit de capacidad de generación,0.0,0.0,2822.0,2550.0,0.0,,False,,2440.0,1700.0,,,,,,http://www.cubadebate.cu/noticias/2024/04/07/une-no-se-pronostican-para-el-horario-pico-afectaciones-al-servicio-por-deficit-de-capacidad-de-generacion/
1853789,2024-04-08,09:09:24,Unión Eléctrica informa afectación de 250 MW para el horario pico nocturno,250.0,180.0,2470.0,2650.0,0.0,,False,,2460.0,1880.0,,551.0,,,,http://www.cubadebate.cu/noticias/2024/04/08/union-electrica-informa-afectacion-de-250-mw-para-el-horario-pico-nocturno/
1854017,2024-04-09,09:05:02,La Unión Eléctrica pronostica una afectación de 194 MW para el horario pico nocturno,194.0,124.0,2426.0,2550.0,,,False,,,,,367.0,,,,http://www.cubadebate.cu/noticias/2024/04/09/la-union-electrica-pronostica-una-afectacion-de-194-mw-para-el-horario-pico-nocturno/
1854250,2024-04-10,09:17:02,Unión Eléctrica pronostica una afectación de 394 MW para el horario pico nocturno,394.0,324.0,2396.0,2720.0,420.0,20:20,False,,2150.0,2020.0,,,130.0,,,http://www.cubadebate.cu/noticias/2024/04/10/union-electrica-pronostica-una-afectacion-de-394-mw-para-el-horario-pico-nocturno/
1854727,2024-04-12,07:56:19,UNE prevé afectaciones por déficit de generación durante horario diurno y en pico nocturno este viernes,475.0,405.0,2495.0,2900.0,550.0,20:40,False,,,,,,,,,http://www.cubadebate.cu/noticias/2024/04/12/une-preve-afectaciones-por-deficit-de-generacion-durante-horario-diurno-y-en-pico-nocturno-este-viernes/
1854909,2024-04-13,10:37:12,UNE  no prevé afectaciones por déficit de generación eléctrica en horario pico,0.0,0.0,,,705.0,11:30,False,,2365.0,2050.0,,,,,,http://www.cubadebate.cu/noticias/2024/04/13/une-no-preve-afectaciones-por-deficit-de-generacion-electrica-en-horario-pico/
1855152,2024-04-14,09:01:57,UNE no pronostica afectaciones por déficit de generación este domingo,0.0,0.0,,,,,False,,2500.0,1850.0,,502.0,,,,http://www.cubadebate.cu/noticias/2024/04/14/une-no-pronostica-afectaciones-por-deficit-de-generacion-este-domingo/
1855330,2024-04-15,09:14:45,UNE no prevé afectaciones durante el pico nocturno de este lunes,0.0,0.0,,,0.0,,False,,,,,497.0,,,,http://www.cubadebate.cu/noticias/2024/04/15/une-no-preve-afectaciones-durante-el-pico-nocturno-de-este-lunes/
1855566,2024-04-16,09:57:34,Unión Eléctrica no prevé afectaciones durante el pico nocturno de este martes,0.0,0.0,,,0.0,,False,,2478.0,1900.0,,454.0,,,,http://www.cubadebate.cu/noticias/2024/04/16/union-electrica-no-preve-afectaciones-durante-el-pico-nocturno-de-este-martes/
1856144,2024-04-18,12:10:31,La Unión Eléctrica pronostica una afectación de 282 MW en el horario pico,0.0,0.0,,,,20:10,False,,2168.0,1950.0,,439.0,,,,http://www.cubadebate.cu/noticias/2024/04/18/la-union-electrica-pronostica-una-afectacion-de-282-mw-en-el-horario-pico/
1856312,2024-04-19,08:21:05,UNE: Se pronostica una afectación de 355 MW durante horario pico nocturno de este viernes,355.0,285.0,2315.0,2600.0,,20:10,False,,,,,345.0,,,,http://www.cubadebate.cu/noticias/2024/04/19/une-se-pronostica-una-afectacion-de-355-mw-durante-horario-pico-nocturno-de-este-viernes/
1856690,2024-04-20,09:33:12,Unión Eléctrica estima una afectación de 360 MW en horario pico de este sábado,360.0,290.0,2460.0,2750.0,,20:20,False,,,,,356.0,110.0,,,http://www.cubadebate.cu/noticias/2024/04/20/union-electrica-estima-una-afectacion-de-360-mw-en-horario-pico-de-este-sabado/
1857316,2024-04-22,09:20:46,UNE prevé afectación por déficit de generación durante toda la jornada de este lunes,482.0,412.0,2388.0,2800.0,,18:50,False,,,,,,,,,http://www.cubadebate.cu/noticias/2024/04/22/une-preve-afectacion-por-deficit-de-generacion-durante-toda-la-jornada-de-este-lunes/
1857537,2024-04-23,09:18:07,UNE pronostica un deficit de 446 MW en pico nocturno,446.0,446.0,2374.0,2820.0,523.0,20:10,False,,2085.0,2250.0,,346.0,100.0,,,http://www.cubadebate.cu/noticias/2024/04/23/une-pronostica-afectaciones-al-servicio-por-deficit-de-generacion/
1857808,2024-04-24,09:12:09,UNE pronostica un deficit de 490 MW en pico nocturno de este miércoles,490.0,420.0,2420.0,2840.0,,,False,,2150.0,2250.0,,396.0,50.0,,,http://www.cubadebate.cu/noticias/2024/04/24/une-pronostica-un-deficit-de-490-mw-en-pico-nocturno-de-este-miercoles/
1858035,2024-04-25,09:20:03,La UNE pronostica una afectación de 354 MW para el horario pico,354.0,284.0,2466.0,2750.0,,11:40,False,250.0,2270.0,2110.0,,438.0,50.0,,,http://www.cubadebate.cu/noticias/2024/04/25/la-une-pronostica-una-afectacion-de-354-mw-para-el-horario-pico/
1858251,2024-04-26,11:34:50,Unión Eléctrica estima déficit de 337 MW en horario pico nocturno de este 26 de abril,337.0,267.0,2333.0,2600.0,,20:30,False,250.0,2137.0,2080.0,,427.0,50.0,,,http://www.cubadebate.cu/noticias/2024/04/26/union-electrica-estima-deficit-de-337-mw-en-horario-pico-nocturno-de-este-26-de-abril/
1858390,2024-04-27,08:06:27,UNE pronostica afectación de 394 MW durante pico nocturno de este sábado,394.0,324.0,2326.0,2650.0,250.0,8:30,False,,,,,425.0,80.0,,,http://www.cubadebate.cu/noticias/2024/04/27/une-pronostica-afectacion-de-394-mw-durante-pico-nocturno-de-este-sabado/
1858614,2024-04-28,08:43:30,Unión Eléctrica estima una afectación de 290 MW en pico nocturno,290.0,220.0,2400.0,2620.0,200.0,20:20,False,,2180.0,2000.0,,427.0,80.0,,,http://www.cubadebate.cu/noticias/2024/04/28/union-electrica-estima-una-afectacion-de-290-mw-en-pico-nocturno/
1858747,2024-04-29,09:10:00,La Unión Eléctrica estima una afectación de 330 MW para el horario pico nocturno,330.0,260.0,2420.0,2680.0,,20:10,False,,,,,430.0,,,,http://www.cubadebate.cu/noticias/2024/04/29/la-union-electrica-estima-una-afectacion-de-330-mw-para-el-horario-pico-nocturno/
1859024,2024-04-30,10:44:56,Unión Eléctrica estima déficit de 385 MW en horario pico nocturno de este martes,385.0,315.0,2385.0,2700.0,200.0,20:20,False,,2150.0,2120.0,,434.0,100.0,,,http://www.cubadebate.cu/noticias/2024/04/30/union-electrica-estima-deficit-de-385-mw-en-horario-pico-nocturno-de-este-martes/
1859307,2024-05-01,08:07:14,Unión Eléctrica estima déficit de 453 MW en horario pico nocturno de este miércoles,453.0,383.0,2367.0,2750.0,200.0,20:40,False,,1985.0,1890.0,,414.0,100.0,,,http://www.cubadebate.cu/noticias/2024/05/01/union-electrica-estima-deficit-de-453-mw-en-horario-pico-nocturno-de-este-miercoles/
1859539,2024-05-02,08:32:02,Unión Eléctrica estima un déficit de 525 MW en horario pico nocturno de este 2 de mayo,525.0,525.0,2225.0,2750.0,350.0,20:30,False,,2075.0,2120.0,,482.0,150.0,,,http://www.cubadebate.cu/noticias/2024/05/02/union-electrica-estima-un-deficit-de-525-mw-en-horario-pico-nocturno-de-este-2-de-mayo/
1859762,2024-05-03,09:02:32,UNE prevé afectaciones por déficit de generación durante toda la jornada de este viernes,710.0,640.0,2260.0,2900.0,400.0,20:30,False,,,,,462.0,100.0,,,http://www.cubadebate.cu/noticias/2024/05/03/une-preve-afectaciones-por-deficit-de-generacion-durante-toda-la-jornada-de-este-viernes/
1860072,2024-05-04,09:28:39,UNE prevé déficit de 450 MW en horario pico este sábado,450.0,380.0,,2750.0,300.0,20:20,False,,2015.0,2100.0,,421.0,100.0,,,http://www.cubadebate.cu/noticias/2024/05/04/une-preve-deficit-de-450-mw-en-horario-pico-este-sabado/
1860330,2024-05-05,14:20:41,Unión Eléctrica prevé déficit de 630 MW en pico nocturno de este domingo,630.0,630.0,2220.0,2850.0,400.0,20:40,False,,2025.0,2100.0,,409.0,80.0,,,http://www.cubadebate.cu/noticias/2024/05/05/union-electrica-preve-deficit-de-630-mw-en-pico-nocturno-de-este-domingo/
1860464,2024-05-06,08:56:34,UNE pronostica afectación de 881 MW durante pico nocturno de este lunes,881.0,811.0,2139.0,2950.0,450.0,8:30,False,,,,,442.0,100.0,,,http://www.cubadebate.cu/noticias/2024/05/06/une-pronostica-afectacion-de-881-mw-durante-pico-nocturno-de-este-lunes/
1860621,2024-05-07,11:00:02,Unión Eléctrica estima afectación de 880 MW para el horario pico noctuno,880.0,810.0,2190.0,3000.0,700.0,20:40,True,,1900.0,2350.0,470.0,367.0,100.0,,,http://www.cubadebate.cu/noticias/2024/05/07/union-electrica-estima-afectacion-de-880-mw-para-el-horario-pico-noctuno/
1860805,2024-05-08,10:04:05,Unión Eléctrica estima afectación de 810 MW para el horario pico noctuno,810.0,740.0,2310.0,3050.0,700.0,20:40,True,,2067.0,2370.0,385.0,403.0,100.0,,,http://www.cubadebate.cu/noticias/2024/05/08/union-electrica-estima-afectacion-de-810-mw-para-el-horario-pico-noctuno/
1861005,2024-05-09,09:41:19,"Déficit de más de 1000 MW en horario pico nocturno de este jueves, informa la Unión Eléctrica",1000.0,940.0,2210.0,3150.0,750.0,20:50,True,,1970.0,2450.0,500.0,413.0,80.0,,,http://www.cubadebate.cu/noticias/2024/05/09/deficit-de-mas-de-1000-mw-en-horario-pico-nocturno-de-este-jueves-informa-la-union-electrica/
1861183,2024-05-10,09:12:06,UNE prevé afectaciones por déficit de capacidad de generación durante toda la jornada este viernes,1095.0,1025.0,2175.0,3200.0,1161.0,20:40,True,,,,,320.0,408.0,,,http://www.cubadebate.cu/noticias/2024/05/10/une-preve-afectaciones-por-deficit-de-capacidad-de-generacion-durante-toda-la-jornada-este-viernes/
1861360,2024-05-11,08:00:27,UNE: Prevén afectación de 739 MW durante el horario pico nocturno de este sábado,739.0,669.0,2481.0,3150.0,850.0,20:10,True,,,,,382.0,100.0,,,http://www.cubadebate.cu/noticias/2024/05/11/une-preven-afectacion-de-739-mw-durante-el-horario-pico-nocturno-de-este-sabado/
1861561,2024-05-12,10:05:08,Unión Eléctrica pronostica una afectación de 660 MW en pico nocturno,660.0,590.0,2510.0,3100.0,,20:30,True,,2430.0,2410.0,,412.0,80.0,,,http://www.cubadebate.cu/noticias/2024/05/12/union-electrica-pronostica-una-afectacion-de-660-mw-en-pico-nocturno/
1861705,2024-05-13,09:47:32,UNE prevé afectaciones por déficit de capacidad de generación durante toda la jornada este lunes,750.0,680.0,2420.0,3100.0,829.0,23:00,False,,,,,363.0,,,,http://www.cubadebate.cu/noticias/2024/05/13/une-preve-afectaciones-por-deficit-de-capacidad-de-generacion-durante-toda-la-jornada-este-lunes/
1861855,2024-05-14,09:05:44,UNE pronostica afectación de 945 MW durante pico nocturno de este martes,945.0,875.0,2275.0,3150.0,750.0,8:50,False,,,,,308.0,80.0,,,http://www.cubadebate.cu/noticias/2024/05/14/une-pronostica-afectacion-de-945-mw-durante-pico-nocturno-de-este-martes/
1862068,2024-05-15,10:26:03,Se pronostica una afectación de 980 MW en el horario pico de este miércoles,980.0,910.0,2340.0,3250.0,850.0,22:40,True,,1960.0,2610.0,688.0,313.0,80.0,,,http://www.cubadebate.cu/noticias/2024/05/15/se-pronostica-una-afectacion-de-980-mw-en-el-horario-pico-de-este-miercoles/
1862340,2024-05-16,12:05:10,Unión Eléctrica estima una afectación de más de 900 MW en toda la jornada de este 16 de mayo,900.0,911.0,2489.0,3400.0,900.0,20:40,True,,2240.0,2720.0,583.0,483.0,150.0,,,http://www.cubadebate.cu/noticias/2024/05/16/union-electrica-estima-una-afectacion-de-mas-de-900-mw-en-toda-la-jornada-de-este-16-de-mayo/
1862568,2024-05-17,10:26:59,UNE prevé afectaciones por déficit de capacidad de generación durante toda la jornada este viernes,1300.0,1230.0,2150.0,3380.0,1100.0,20:50,True,,,,,333.0,80.0,,,http://www.cubadebate.cu/noticias/2024/05/17/une-preve-afectaciones-por-deficit-de-capacidad-de-generacion-durante-toda-la-jornada-este-viernes-2/
1862765,2024-05-18,09:49:19,La Unión Eléctrica pronostica una afectación de 1 170 MW para el horario pico nocturno,1170.0,1100.0,2200.0,3300.0,1000.0,20:40,True,,,,,463.0,,,,http://www.cubadebate.cu/noticias/2024/05/18/la-union-electrica-pronostica-una-afectacion-de-1-170-mw-para-el-horario-pico-nocturno/
1862936,2024-05-19,09:24:04,UNE prevé afectación máxima de 900 MW en horario diurno y de 985 MW en pico nocturno este domingo,900.0,910.0,2440.0,3350.0,1045.0,20:50,True,,,,,378.0,150.0,,,http://www.cubadebate.cu/noticias/2024/05/19/une-preve-afectacion-maxima-de-900-mw-en-horario-diurno-y-de-985-mw-en-pico-nocturno-este-domingo/
1863090,2024-05-20,08:40:52,Unión Eléctrica estima afectación de 975 MW durante el horario pico nocturno de este lunes,975.0,905.0,2445.0,3350.0,1094.0,20:50,True,,,,,413.0,150.0,,,http://www.cubadebate.cu/noticias/2024/05/20/union-electrica-estima-afectacion-de-975-mw-durante-el-horario-pico-nocturno-de-este-lunes/
1863275,2024-05-21,09:54:46,Unión Eléctrica pronostica afectación de 930 MW para el pico nocturno,930.0,860.0,2320.0,3180.0,750.0,20:40,True,,1990.0,2510.0,550.0,410.0,200.0,,,http://www.cubadebate.cu/noticias/2024/05/21/union-electrica-pronostica-afectacion-de-930-mw-para-el-pico-nocturno/
1863519,2024-05-22,08:44:38,Unión Eléctrica pronostica afectación de 650 MW para el pico nocturno,650.0,580.0,2320.0,2900.0,350.0,12:18,True,,2200.0,2150.0,,435.0,120.0,,,http://www.cubadebate.cu/noticias/2024/05/22/union-electrica-pronostica-afectacion-de-650-mw-para-el-pico-nocturno/
1863762,2024-05-23,08:54:50,UNE pronostica afectación de 930 MW durante pico nocturno de este jueves,930.0,860.0,2240.0,3100.0,,8:40,False,,,,,402.0,150.0,,,http://www.cubadebate.cu/noticias/2024/05/23/une-pronostica-afectacion-de-930-mw-durante-pico-nocturno-de-este-jueves/
1864246,2024-05-25,08:05:12,UNE pronostica afectación de 880 MW durante pico nocturno de este sábado,880.0,810.0,2320.0,3130.0,800.0,22:50,True,,2085.0,2400.0,,267.0,100.0,,,http://www.cubadebate.cu/noticias/2024/05/25/une-pronostica-afectacion-de-880-mw-durante-pico-nocturno-de-este-sabado/
1864460,2024-05-26,09:00:37,Unión Eléctrica pronostica alto déficit en horario pico nocturno este domingo,1055.0,985.0,2235.0,3220.0,850.0,,True,,2155.0,2450.0,,380.0,80.0,,,http://www.cubadebate.cu/noticias/2024/05/26/union-electrica-pronostica-alto-deficit-en-horario-pico-nocturno-este-domingo/
1864552,2024-05-27,09:02:53,La Unión Eléctrica estima una afectación de 1 040 MW para el horario pico nocturno,1040.0,970.0,2330.0,3300.0,900.0,20:50,True,,,,,388.0,150.0,,,http://www.cubadebate.cu/noticias/2024/05/27/la-union-electrica-estima-una-afectacion-de-1-040-mw-para-el-horario-pico-nocturno/
1864761,2024-05-28,08:35:55,UNE prevé afectación de 1 440 MW durante horario pico nocturno este martes,1440.0,1370.0,1980.0,3350.0,1356.0,21:00,True,,,,,375.0,392.0,,,http://www.cubadebate.cu/noticias/2024/05/28/une-preven-afectacion-de-1440-mw-durante-horario-pico-nocturno-de-este-martes/
1864969,2024-05-29,08:40:02,"UNE pronostica afectación durante todo el día, con déficit de más de 1000 MW en horario pico nocturno",1000.0,1041.0,2319.0,3360.0,950.0,20:50,True,,2100.0,2820.0,748.0,394.0,80.0,,,http://www.cubadebate.cu/noticias/2024/05/29/une-pronostica-afectacion-durante-todo-el-dia-con-deficit-de-mas-de-1000-mw-en-horario-pico-nocturno/
1865278,2024-05-30,08:46:16,Unión Eléctrica estima un déficit de 1011 MW en hora pico de este 30 de mayo,1011.0,1011.0,2389.0,3400.0,950.0,21:10,True,,2089.0,2780.0,,425.0,80.0,,,http://www.cubadebate.cu/noticias/2024/05/30/union-electrica-estima-un-deficit-de-1011-mw-en-hora-pico-de-este-30-de-mayo/
1865848,2024-06-02,10:36:29,La Unión Eléctrica pronostica una afectación de 610 MW para el horario pico nocturno,610.0,540.0,2610.0,3150.0,400.0,21:00,False,,,,,369.0,,,,http://www.cubadebate.cu/noticias/2024/06/02/la-union-electrica-pronostica-una-afectacion-de-610-mw-para-el-horario-pico-nocturno/
1866056,2024-06-03,09:12:21,UNE prevé afectación de 400 MW al mediodía y de 680 MW en pico nocturno este lunes,680.0,610.0,2590.0,3200.0,825.0,20:40,True,400.0,,,,414.0,,,,http://www.cubadebate.cu/noticias/2024/06/03/une-preve-afectacion-de-400-mw-al-mediodia-y-de-680-mw-en-pico-nocturno-este-lunes/
1866236,2024-06-04,08:38:27,UNE prevé afectación de 462 MW en pico nocturno este martes,462.0,392.0,2608.0,3000.0,,20:40,False,400.0,2320.0,2300.0,65.0,397.0,100.0,,,http://www.cubadebate.cu/noticias/2024/06/04/une-preve-afectacion-de-462-mw-en-pico-nocturno-este-martes/
1866506,2024-06-05,09:01:09,Unión Eléctrica pronostica afectación de 760 MW para el horario pico-nocturno,760.0,690.0,2360.0,3050.0,,20:40,False,400.0,2260.0,2330.0,100.0,362.0,100.0,,,http://www.cubadebate.cu/noticias/2024/06/05/union-electrica-pronostica-afectacion-de-760-mw-para-el-horario-pico-nocturno/
1866799,2024-06-06,09:03:49,UNE: Prevén afectación de 550 MW durante el mediodía y 885 MW en pico nocturno de este jueves,885.0,815.0,2335.0,3150.0,,20:40,False,550.0,,,,361.0,80.0,,,http://www.cubadebate.cu/noticias/2024/06/06/une-preven-afectacion-de-550-mw-durante-el-mediodia-y-885-mw-en-pico-nocturno-de-este-jueves/
1866991,2024-06-07,09:52:08,Unión Eléctrica prevé déficit de 460 MW en horario pico nocturno de este viernes,460.0,390.0,2610.0,3000.0,,19:40,True,300.0,2490.0,2300.0,,359.0,50.0,,,http://www.cubadebate.cu/noticias/2024/06/07/union-electrica-preve-deficit-de-460-mw-en-horario-pico-nocturno-de-este-viernes/
1867162,2024-06-08,07:58:48,Unión Eléctrica estima afectación de 550 MW en hora pico este sábado,550.0,480.0,2370.0,2850.0,400.0,18:00,False,400.0,,,,340.0,40.0,,,http://www.cubadebate.cu/noticias/2024/06/08/union-electrica-estima-afectacion-de-550-mw-en-hora-pico-este-sabado/
1867368,2024-06-09,09:26:08,Unión Eléctrica pronostica un déficit de 390 MW durante pico nocturno,390.0,319.0,2543.0,2850.0,500.0,20:10,False,500.0,2050.0,2203.0,,288.0,40.0,,,http://www.cubadebate.cu/noticias/2024/06/09/union-electrica-pronostica-un-deficit-de-390-mw-durante-pico-nocturno/
1867479,2024-06-10,09:10:12,Unión Eléctrica informa afectación de 530 MW para el horario pico nocturno,530.0,460.0,2540.0,3000.0,450.0,21:00,False,450.0,2340.0,2230.0,,330.0,100.0,,,http://www.cubadebate.cu/noticias/2024/06/10/union-electrica-informa-afectacion-de-530-mw-para-el-horario-pico-nocturno/
1867744,2024-06-11,08:54:23,Unión Eléctrica pronostica déficit de 575 MW durante el horario pico nocturno,575.0,505.0,2445.0,2950.0,550.0,19:30,False,550.0,2130.0,2340.0,245.0,313.0,100.0,,,http://www.cubadebate.cu/noticias/2024/06/11/union-electrica-pronostica-deficit-de-575-mw-durante-el-horario-pico-nocturno/
1867929,2024-06-12,09:56:56,Unión Eléctrica pronostica déficit de 750 MW durante el horario pico nocturno,750.0,680.0,2320.0,3000.0,550.0,20:20,True,550.0,2220.0,2315.0,141.0,332.0,100.0,,,http://www.cubadebate.cu/noticias/2024/06/12/union-electrica-pronostica-deficit-de-750-mw-durante-el-horario-pico-nocturno/
1868100,2024-06-13,08:06:56,La Felton sale del SEN y la Unión Eléctrica estima un déficit de 1170 MW en horario pico de este 13 de junio,1170.0,1170.0,2030.0,3200.0,800.0,20:50,False,800.0,1980.0,2530.0,589.0,,50.0,,,http://www.cubadebate.cu/noticias/2024/06/13/la-felton-sale-del-sen-y-la-union-electrica-estima-un-deficit-de-1170-mw-en-horario-pico-de-este-13-de-junio/
1868362,2024-06-14,10:08:21,Unión Eléctrica pronostica para hoy una afectación de 972 MW para el horario pico,972.0,902.0,2298.0,3200.0,800.0,21:10,True,800.0,1968.0,2480.0,542.0,,100.0,,,http://www.cubadebate.cu/noticias/2024/06/14/union-electrica-pronostica-para-hoy-una-afectacion-de-972-mw-para-el-horario-pico/
1868619,2024-06-15,09:14:08,Unión Eléctrica estima déficit de 800 MW al mediodía y 510 MW en horario pico nocturno de este 15 de junio,510.0,440.0,2660.0,3100.0,800.0,20:30,True,800.0,2180.0,2450.0,294.0,,100.0,,,http://www.cubadebate.cu/noticias/2024/06/15/union-electrica-estima-deficit-de-800-mw-al-mediodia-y-510-mw-en-horario-pico-nocturno-de-este-15-de-junio/
1868769,2024-06-16,11:01:37,UNE pronostica afectación de 326 MW durante pico nocturno de este domingo,0.0,0.0,,,,,True,,,,,,,,,http://www.cubadebate.cu/noticias/2024/06/16/une-pronostica-afectacion-de-326-mw-durante-pico-nocturno-de-este-domingo/
1868864,2024-06-17,09:12:24,UNE prevé afectación de 410 MW en hora pico nocturna este lunes,410.0,340.0,2560.0,2900.0,,,False,,,,,408.0,,,,http://www.cubadebate.cu/noticias/2024/06/17/une-preve-afectacion-de-410-mw-en-hora-pico-nocturna-este-lunes/
1869270,2024-06-19,09:13:02,La Unión Eléctrica pronostica una afectación de 342 MW para el horario pico nocturno,342.0,272.0,2678.0,2950.0,,20:50,False,250.0,,,,,83.0,,,http://www.cubadebate.cu/noticias/2024/06/19/la-union-electrica-pronostica-una-afectacion-de-342-mw-para-el-horario-pico-nocturno/
1869553,2024-06-20,08:27:14,UNE pronostica afectación de 710 MW durante pico nocturno de este jueves,710.0,640.0,2310.0,2950.0,,8:40,False,400.0,,,,,,,,http://www.cubadebate.cu/noticias/2024/06/20/une-pronostica-afectacion-de-710-mw-durante-pico-nocturno-de-este-jueves/
1869800,2024-06-21,08:33:18,Unión Eléctrica prevé una afectación de 600 MW durante pico nocturno de este viernes,600.0,530.0,2420.0,2950.0,300.0,20:50,False,300.0,,,,,,,,http://www.cubadebate.cu/noticias/2024/06/21/union-electrica-preve-una-afectacion-de-600-mw-durante-pico-nocturno-de-este-viernes/
1870002,2024-06-22,10:04:21,UNE prevé afectación de 450 MW por déficit de generación en pico nocturno este sábado,450.0,380.0,2470.0,2850.0,456.0,,False,,,,,,,,,http://www.cubadebate.cu/noticias/2024/06/22/une-preve-afectacion-de-450-mw-por-deficit-de-generacion-en-pico-nocturno-este-sabado/
1870153,2024-06-23,09:12:58,Unión Eléctrica no pronostica afectaciones en horario diurno,0.0,0.0,,,,19:00,False,,2400.0,2020.0,,,,,,http://www.cubadebate.cu/noticias/2024/06/23/union-electrica-no-pronostica-afectaciones-en-horario-diurno/
1870285,2024-06-24,08:12:40,UNE pronostica afectación de 252 MW durante el pico nocturno de este lunes,252.0,182.0,2568.0,2750.0,299.0,7:10,False,,,,,,,,,http://www.cubadebate.cu/noticias/2024/06/24/une-pronostica-afectacion-de-252-mw-durante-el-pico-nocturno-de-este-lunes/
1870454,2024-06-25,08:40:17,Unión Eléctrica pronostica déficit de 312 MW en el horario pico nocturno,312.0,242.0,2558.0,2800.0,,20:40,False,,2420.0,2150.0,,,,,,http://www.cubadebate.cu/noticias/2024/06/25/union-electrica-pronostica-deficit-de-312-mw-en-el-horario-pico-nocturno/
1870680,2024-06-26,10:19:24,Unión Eléctrica pronostica una afectación de 347 MW para el horario pico nocturno,347.0,277.0,2473.0,2750.0,,20:40,False,,2250.0,2170.0,,,,,,http://www.cubadebate.cu/noticias/2024/06/26/union-electrica-pronostica-una-afectacion-de-347-mw-para-el-horario-pico-nocturno/
1870881,2024-06-27,09:15:11,Termoeléctrica Antonio Guiteras sale de servicio por avería en la caldera: Déficit en horario pico nocturno sobrepasa los 900 MW,900.0,890.0,2010.0,2900.0,550.0,20:40,False,550.0,2150.0,2300.0,,508.0,,,,http://www.cubadebate.cu/noticias/2024/06/27/termoelectrica-antonio-guiteras-sale-de-servicio-por-averia-en-la-caldera-deficit-en-horario-pico-nocturno-sobrepasa-los-900-mw/
1871043,2024-06-28,08:22:57,Se prevé alto déficit de generación para este viernes,1060.0,990.0,2160.0,3150.0,850.0,20:40,True,850.0,1980.0,2350.0,,,130.0,,,http://www.cubadebate.cu/noticias/2024/06/28/se-preve-alto-deficit-de-generacion-para-este-viernes/
1871323,2024-06-29,09:36:05,La Unión Eléctrica estima una afectación de 860 MW para el horario pico nocturno,860.0,790.0,2310.0,3100.0,450.0,20:30,True,,,,,364.0,,,,http://www.cubadebate.cu/noticias/2024/06/29/la-union-electrica-estima-una-afectacion-de-860-mw-para-el-horario-pico-nocturno/
1871744,2024-06-30,09:26:54,Unión Eléctrica pronostica déficit de 545 MW para el pico nocturno de este domingo,545.0,475.0,2475.0,2950.0,300.0,18:30,False,300.0,2340.0,2210.0,,,,,,http://www.cubadebate.cu/noticias/2024/06/30/union-electrica-pronostica-deficit-de-545-mw-para-el-pico-nocturno-de-este-domingo/
1872354,2024-07-03,10:10:17,La Unión Eléctrica pronostica una afectación de 430 MW para el horario pico nocturno,430.0,360.0,2590.0,2950.0,,22:00,False,300.0,,,,,,,,http://www.cubadebate.cu/noticias/2024/07/03/la-union-electrica-pronostica-una-afectacion-de-430-mw-para-el-horario-pico-nocturno/
1872543,2024-07-04,09:48:58,Unión Eléctrica estima déficit de 670 MW en horario pico nocturno de este 4 de julio,670.0,600.0,2500.0,3100.0,,22:30,False,400.0,2400.0,2450.0,,,,,,http://www.cubadebate.cu/noticias/2024/07/04/union-electrica-estima-deficit-de-670-mw-en-horario-pico-nocturno-de-este-4-de-julio/
1872689,2024-07-05,08:28:00,La Unión Eléctrica pronostica una afectación de 482 MW para el horario pico nocturno,482.0,412.0,2688.0,3100.0,,20:50,False,200.0,,,,,88.0,,,http://www.cubadebate.cu/noticias/2024/07/05/la-union-electrica-pronostica-una-afectacion-de-482-mw-para-el-horario-pico-nocturno/
1872855,2024-07-06,09:04:29,UNE: Se pronostica una afectación de 390 MW en el horario pico,390.0,320.0,2730.0,3050.0,,20:50,False,200.0,2540.0,2420.0,,,110.0,,,http://www.cubadebate.cu/noticias/2024/07/06/une-se-pronostica-una-afectacion-de-390-mw-en-el-horario-pico/
1873012,2024-07-07,09:45:13,Unión Eléctrica pronostica afectación de 390 MW solo en pico nocturno,390.0,320.0,2730.0,3050.0,,22:30,False,,2540.0,2400.0,,,110.0,,,http://www.cubadebate.cu/noticias/2024/07/07/union-electrica-pronostica-afectacion-de-390-mw-solo-en-pico-nocturno/
1873117,2024-07-08,09:40:16,UNE prevé afectación de 350 MW en pico nocturno este lunes,350.0,280.0,2760.0,3040.0,166.0,22:20,False,,,,,,,,,http://www.cubadebate.cu/noticias/2024/07/08/une-preve-afectacion-de-350-mw-en-pico-nocturno-este-lunes/
1873270,2024-07-09,09:00:40,Unión Eléctrica pronostica afectación de 290 MW para el horario pico nocturno,290.0,220.0,2830.0,3050.0,,21:20,False,,2630.0,2550.0,,,100.0,,,http://www.cubadebate.cu/noticias/2024/07/09/union-electrica-pronostica-afectacion-de-290-mw-para-el-horario-pico-nocturno/
1873480,2024-07-10,09:10:00,Unión Eléctrica pronostica una afectación de 250 MW al mediodía de este 10 de julio,250.0,300.0,2750.0,3050.0,,23:10,False,,2360.0,2440.0,115.0,,100.0,,,http://www.cubadebate.cu/noticias/2024/07/10/situacion-del-sen-para-el-10-de-julio-de-2024/
1873788,2024-07-11,09:18:15,UNE pronostica afectación de 415 MW durante pico nocturno de este jueves,415.0,345.0,2705.0,3050.0,,9:10,False,,,,,,100.0,,,http://www.cubadebate.cu/noticias/2024/07/11/une-pronostica-afectacion-de-415-mw-durante-pico-nocturno-de-este-jueves/
1873969,2024-07-12,08:54:54,UNE prevé afectación de 630 MW en pico nocturno este viernes,630.0,560.0,2540.0,3100.0,539.0,22:10,False,,,,,,,,,http://www.cubadebate.cu/noticias/2024/07/12/une-preve-afectacion-de-630-mw-en-pico-nocturno-este-viernes/
1874107,2024-07-13,09:31:40,UNE prevé afectación de 673 MW en pico nocturno este sábado,673.0,603.0,2497.0,3100.0,550.0,21:00,True,550.0,2280.0,2500.0,278.0,,80.0,,,http://www.cubadebate.cu/noticias/2024/07/13/une-preve-afectacion-de-673-mw-en-pico-nocturno-este-sabado/
1874278,2024-07-14,09:38:44,La Unión Eléctrica pronostica una afectación de 480 MW para el horario pico nocturno,480.0,410.0,2690.0,3100.0,450.0,21:30,True,450.0,,,,336.0,,,,http://www.cubadebate.cu/noticias/2024/07/14/la-union-electrica-pronostica-una-afectacion-de-480-mw-para-el-horario-pico-nocturno/
1874543,2024-07-15,09:08:30,UNE pronostica afectación de 480 MW durante pico nocturno de este lunes,0.0,0.0,,,,,True,,,,,431.0,120.0,,,http://www.cubadebate.cu/noticias/2024/07/15/une-pronostica-afectacion-de-480-mw-durante-pico-nocturno-de-este-lunes/
1874900,2024-07-16,10:46:01,UNE prevé afectación de 540 MW durante el horario pico nocturno de este martes,0.0,0.0,,,200.0,22:00,False,200.0,,,,450.0,,,,http://www.cubadebate.cu/noticias/2024/07/16/une-preve-afectacion-de-540-mw-durante-el-horario-pico-nocturno-de-este-martes/
1875484,2024-07-17,10:00:54,UNE prevé afectación de 490 MW durante el horario pico nocturno de este miércoles,0.0,0.0,,,200.0,22:30,False,200.0,2400.0,2320.0,,496.0,100.0,,,http://www.cubadebate.cu/noticias/2024/07/17/une-preve-afectacion-de-490-mw-durante-el-horario-pico-nocturno-de-este-miercoles/
1875568,2024-07-18,09:15:13,Unión Eléctrica pronostica déficit de 510 MW para el horario pico nocturno,510.0,440.0,2560.0,3000.0,300.0,21:30,False,300.0,2330.0,2360.0,87.0,396.0,100.0,,,http://www.cubadebate.cu/noticias/2024/07/18/union-electrica-pronostica-deficit-de-510-mw-para-el-horario-pico-nocturno/
1875718,2024-07-19,09:39:37,La Unión Eléctrica estima un déficit de 950 MW en horario pico de este 19 de julio,950.0,950.0,2300.0,3250.0,550.0,21:00,False,550.0,2300.0,2440.0,153.0,410.0,,,,http://www.cubadebate.cu/noticias/2024/07/19/la-union-electrica-estima-un-deficit-de-950-mw-en-horario-pico-de-este-19-de-julio/
1875940,2024-07-20,09:20:06,Unión Eléctrica estima afectación de 830 MW en horario pico este 20 de julio,830.0,760.0,2590.0,3350.0,1065.0,21:50,True,750.0,,,,397.0,320.0,,,http://www.cubadebate.cu/noticias/2024/07/20/union-electrica-estima-afectacion-de-830-mw-en-horario-pico-este-20-de-julio/
1876096,2024-07-21,10:00:21,Unión Eléctrica pronostica 467 MW de afectación en pico nocturno,467.0,397.0,2753.0,3150.0,,21:00,True,,2450.0,2320.0,,464.0,100.0,,,http://www.cubadebate.cu/noticias/2024/07/21/union-electrica-pronostica-467-mw-de-afectacion-en-pico-nocturno/
1876329,2024-07-22,10:00:25,Unión Eléctrica prevé afectación de 390 MW para horario pico de este lunes,390.0,320.0,2570.0,2900.0,381.0,21:00,False,,,,,512.0,50.0,,,http://www.cubadebate.cu/noticias/2024/07/22/union-electrica-preve-afectacion-de-390-mw-para-horario-pico-de-este-lunes/
1876498,2024-07-23,09:53:00,Unión Eléctrica prevé déficit de 582 MW en horario pico nocturno de este martes,582.0,512.0,2588.0,3100.0,,21:00,False,,2380.0,2420.0,91.0,460.0,50.0,,,http://www.cubadebate.cu/noticias/2024/07/23/union-electrica-preve-deficit-de-582-mw-en-horario-pico-nocturno-de-este-martes/
1876714,2024-07-24,10:21:49,UNE prevé afectación de 400 MW en horario pico este miércoles,400.0,330.0,2720.0,3050.0,422.0,21:40,True,,,,,535.0,,,,http://www.cubadebate.cu/noticias/2024/07/24/une-preve-afectacion-de-400-mw-en-horario-pico-este-miercoles/
1877501,2024-07-27,09:31:40,UNE pronostica afectación de 230 MW durante el pico nocturno de este sábado,230.0,160.0,2640.0,2800.0,,9:20,False,,,,,448.0,,,,http://www.cubadebate.cu/noticias/2024/07/27/une-pronostica-afectacion-de-230-mw-durante-el-pico-nocturno-de-este-sabado/
1878037,2024-07-28,08:01:54,UNE pronostica 97 MW de afectación por déficit de generación en el pico nocturno de este domingo,97.0,27.0,2773.0,2800.0,,21:10,False,,,,,493.0,,,,http://www.cubadebate.cu/noticias/2024/07/28/une-pronostica-97-mw-de-afectacion-por-deficit-de-generacion-en-el-pico-nocturno-de-este-domingo/
1878624,2024-07-30,09:25:25,UNE pronostica afectación de 655 MW durante pico nocturno de este martes,655.0,585.0,2565.0,3150.0,450.0,11:40,False,450.0,,,,435.0,,,,http://www.cubadebate.cu/noticias/2024/07/30/une-pronostica-afectacion-de-655-mw-durante-pico-nocturno-de-este-martes/
1879154,2024-08-01,09:43:35,UNE prevé afectación de 715 MW en horario pico nocturno este jueves,715.0,645.0,2555.0,3200.0,758.0,22:10,False,450.0,,,,428.0,,,,http://www.cubadebate.cu/noticias/2024/08/01/une-preve-afectacion-de-715-mw-en-horario-pico-nocturno-este-jueves/
1879481,2024-08-02,09:50:47,UNE pronostica afectación de 610 MW durante pico nocturno de este viernes,610.0,540.0,2640.0,3180.0,350.0,7:40,True,350.0,,,,474.0,,,,http://www.cubadebate.cu/noticias/2024/08/02/une-pronostica-afectacion-de-610-mw-durante-pico-nocturno-de-este-viernes/
1880294,2024-08-05,11:00:39,UNE pronostica 307 MW de afectación en pico nocturno de este lunes,307.0,237.0,2663.0,2900.0,0.0,,False,,,,,468.0,,,,http://www.cubadebate.cu/noticias/2024/08/05/une-pronostica-307-mw-de-afectacion-en-pico-nocturno-de-este-lunes/
1880488,2024-08-06,09:09:09,UNE pronostica 373 MW de afectación en pico nocturno de este martes,373.0,303.0,2647.0,2950.0,,21:00,False,,2426.0,2350.0,,459.0,,,,http://www.cubadebate.cu/noticias/2024/08/06/une-pronostica-373-mw-de-afectacion-en-pico-nocturno-de-este-martes/
1880823,2024-08-07,08:45:12,Unión Eléctrica pronostica afectación de 690 MW para el horario pico nocturno,690.0,620.0,2480.0,3100.0,,21:50,False,,2420.0,2370.0,,558.0,,,,http://www.cubadebate.cu/noticias/2024/08/07/union-electrica-pronostica-afectacion-de-690-mw-para-el-horario-pico-nocturno/
1881062,2024-08-08,10:28:54,UNE pronostica afectación de 744 MW durante pico nocturno de este jueves,744.0,674.0,2476.0,3150.0,,9:50,False,,,,,444.0,,,,http://www.cubadebate.cu/noticias/2024/08/08/une-pronostica-afectacion-de-744-mw-durante-pico-nocturno-de-este-jueves/
1881358,2024-08-09,09:20:56,UNE: Se pronostica una afectación de 783 MW en el horario pico,783.0,713.0,2387.0,3100.0,,21:50,False,,2387.0,2294.0,,348.0,,,,http://www.cubadebate.cu/noticias/2024/08/09/une-se-pronostica-una-afectacion-de-783-mw-en-el-horario-pico/
1881510,2024-08-10,08:44:00,Unión Eléctrica pronostica una afectación de 840 MW este sábado,840.0,770.0,2230.0,3000.0,,20:50,False,,,,,231.0,,,,http://www.cubadebate.cu/noticias/2024/08/10/union-electrica-pronostica-una-afectacion-de-840-mw-este-sabado/
1881747,2024-08-11,09:35:36,UNE pronostica afectación de 650 MW durante pico nocturno de este domingo,650.0,580.0,2520.0,3100.0,,,True,,,,,431.0,,,,http://www.cubadebate.cu/noticias/2024/08/11/une-pronostica-afectacion-de-650-mw-durante-pico-nocturno-de-este-domingo/
1881885,2024-08-12,08:33:51,Unión Eléctrica pronostica afectación de 390 MW durante el horario pico de este lunes,390.0,320.0,2730.0,3050.0,150.0,20:20,False,150.0,,,,424.0,,,,http://www.cubadebate.cu/noticias/2024/08/12/union-electrica-pronostica-afectacion-de-390-mw-durante-el-horario-pico-de-este-lunes/
1882155,2024-08-13,08:57:13,La Unión Eléctrica pronostica una afectación de 605 MW para el horario pico nocturno,605.0,535.0,2615.0,3150.0,550.0,23:50,False,550.0,,,,380.0,,,,http://www.cubadebate.cu/noticias/2024/08/13/la-union-electrica-pronostica-una-afectacion-de-390-mw-para-el-horario-pico-nocturno/
1882275,2024-08-14,09:32:58,Unión Eléctrica pronostica una afectación de 550 MW para el horario pico nocturno,550.0,480.0,2570.0,3050.0,300.0,20:50,True,300.0,2470.0,2270.0,,456.0,,,,http://www.cubadebate.cu/noticias/2024/08/14/union-electrica-pronostica-una-afectacion-de-550-mw-para-el-horario-pico-nocturno/
1882362,2024-08-15,08:23:23,La Unión Eléctrica estima un déficit de 430 MW en horario pico de este 15 de agosto,430.0,430.0,2720.0,3150.0,350.0,21:00,True,350.0,2430.0,2450.0,53.0,453.0,,,,http://www.cubadebate.cu/noticias/2024/08/15/la-union-electrica-estima-un-deficit-de-430-mw-en-horario-pico-de-este-15-de-agosto/
1882487,2024-08-16,10:23:54,UNE pronostica déficit de 665 MW en pico nocturno de este viernes,0.0,0.0,,,200.0,21:00,True,200.0,,,,664.0,,,,http://www.cubadebate.cu/noticias/2024/08/16/une-pronostica-deficit-de-595-mw-en-pico-nocturno-de-este-viernes/
1882637,2024-08-17,09:53:56,UNE pronostica déficit de 820 MW en pico nocturno de este sábado,820.0,750.0,2470.0,3220.0,350.0,21:00,False,350.0,,,,449.0,,,,http://www.cubadebate.cu/noticias/2024/08/17/une-pronostica-deficit-de-820-mw-en-pico-nocturno-de-este-sabado/
1882733,2024-08-18,09:41:41,Unión Eléctrica pronostica un déficit de 620 MW en pico nocturno,620.0,550.0,2550.0,3100.0,150.0,19:30,True,150.0,2440.0,2300.0,,492.0,,,,http://www.cubadebate.cu/noticias/2024/08/18/union-electrica-pronostica-un-deficit-de-620-mw-en-pico-nocturno/
1882816,2024-08-19,09:10:46,Pronostica la UNE un déficit de 540 MW en horario de máxima demanda,540.0,470.0,2580.0,3050.0,200.0,20:40,False,200.0,2480.0,2340.0,,528.0,,,,http://www.cubadebate.cu/noticias/2024/08/19/pronostica-la-une-un-deficit-de-540-mw-en-horario-de-maxima-demanda/
1882962,2024-08-20,09:10:28,UNE pronostica déficit de 870 MW en pico nocturno,870.0,870.0,2280.0,3150.0,400.0,20:40,False,400.0,,,,398.0,,,,http://www.cubadebate.cu/noticias/2024/08/20/une-pronostica-deficit-de-870-mw-en-pico-nocturno/
1883183,2024-08-21,13:37:42,Unión Eléctrica pronostica déficit de 1150 MW para el horario pico nocturno,1150.0,1080.0,2170.0,3250.0,650.0,20:40,True,650.0,2240.0,2500.0,,403.0,,,,http://www.cubadebate.cu/noticias/2024/08/21/union-electrica-pronostica-deficit-de-1150-mw-para-el-horario-pico-nocturno/
1883317,2024-08-22,09:11:20,UNE prevé afectaciones por déficit de generación durante toda la jornada de este jueves,1305.0,1235.0,2115.0,3350.0,1186.0,20:50,True,,,,,357.0,,,,http://www.cubadebate.cu/noticias/2024/08/22/une-preve-afectaciones-por-deficit-de-generacion-durante-toda-la-jornada-de-este-jueves/
1883455,2024-08-23,09:39:12,La Unión Eléctrica pronostica una afectación de 1 245 MW para el horario pico nocturno,1245.0,1175.0,2175.0,3350.0,750.0,20:50,True,750.0,,,,312.0,,,,http://www.cubadebate.cu/noticias/2024/08/23/la-union-electrica-pronostica-una-afectacion-de-1-245-mw-para-el-horario-pico-nocturno/
1883607,2024-08-24,09:54:57,Unión Eléctrica pronostica una afectación de 620 MW en el pico nocturno,0.0,0.0,,,100.0,20:20,True,,2530.0,2350.0,,536.0,,,,http://www.cubadebate.cu/noticias/2024/08/24/union-electrica-pronostica-una-afectacion-de-620-mw-en-el-pico-nocturno/
1883724,2024-08-25,11:09:54,Unión Eléctrica prevé 471 MW de déficit  en horario nocturno de máxima demanda,471.0,401.0,2499.0,2900.0,100.0,20:40,False,100.0,2400.0,2285.0,,432.0,,,,http://www.cubadebate.cu/noticias/2024/08/25/union-electrica-preve-471-mw-de-deficit-en-horario-nocturno-de-maxima-demanda/
1883820,2024-08-26,09:08:28,UNE prevé afectación de 529 MW en horario pico nocturno este lunes,529.0,459.0,2541.0,3000.0,373.0,20:50,False,,,,,441.0,,,,http://www.cubadebate.cu/noticias/2024/08/26/une-preve-afectacion-de-529-mw-en-horario-pico-nocturno-este-lunes/
1884034,2024-08-27,08:14:58,Unión Eléctrica pronostica déficit de 595 MW para el horario pico nocturno,595.0,525.0,2515.0,3050.0,150.0,20:30,False,150.0,2440.0,2250.0,,515.0,,,,http://www.cubadebate.cu/noticias/2024/08/27/union-electrica-pronostica-deficit-de-595-mw-para-el-horario-pico-nocturno/
1884264,2024-08-28,09:16:31,Unión Eléctrica pronostica déficit de 850 MW para el horario pico nocturno,850.0,780.0,2220.0,3000.0,450.0,21:50,False,450.0,2050.0,2250.0,,403.0,,,,http://www.cubadebate.cu/noticias/2024/08/28/union-electrica-pronostica-deficit-de-850-mw-para-el-horario-pico-nocturno/
1884380,2024-08-29,09:03:03,UNE pronostica afectación de 800 MW durante pico nocturno de este jueves,800.0,730.0,2270.0,3000.0,,08:50,True,,,,,424.0,,,,http://www.cubadebate.cu/noticias/2024/08/29/une-pronostica-afectacion-de-800-mw-durante-pico-nocturno-de-este-jueves/
1884531,2024-08-30,09:29:06,Unión Eléctrica pronostica afectación de 778 MW para el horario pico nocturno,778.0,708.0,2292.0,3000.0,350.0,20:30,False,350.0,2200.0,2150.0,,335.0,,,,http://www.cubadebate.cu/noticias/2024/08/30/union-electrica-pronostica-afectacion-de-778-mw-para-el-horario-pico-nocturno/
1884658,2024-08-31,08:49:06,UNE pronostica afectación de 675 MW durante pico nocturno de este sábado,675.0,605.0,2345.0,2950.0,370.0,20:30,False,,,,,397.0,,,,http://www.cubadebate.cu/noticias/2024/08/31/une-pronostica-afectacion-de-675-mw-durante-pico-nocturno-de-este-sabado/
1884794,2024-09-01,08:57:06,UNE pronostica la entrada de la Guiteras para el pico nocturno y una afectación de 440 MW,440.0,370.0,2580.0,2950.0,,20:30,False,,2340.0,2100.0,,469.0,,,,http://www.cubadebate.cu/noticias/2024/09/01/une-pronostica-la-entrada-de-la-guiteras-para-el-pico-nocturno-y-una-afectacion-de-440-mw/
1884906,2024-09-02,09:08:51,UNE prevé afectación de 420 MW en pico nocturno este lunes,420.0,350.0,2600.0,2950.0,225.0,20:20,False,,,,,480.0,,,,http://www.cubadebate.cu/noticias/2024/09/02/une-preve-afectacion-de-420-mw-en-pico-nocturno-este-lunes/
1885100,2024-09-03,09:21:32,UNE prevé afectación de 610 MW en pico nocturno este martes,610.0,540.0,2360.0,2900.0,448.0,20:20,False,,2330.0,2220.0,,376.0,,,,http://www.cubadebate.cu/noticias/2024/09/03/une-preve-afectacion-de-610-mw-en-pico-nocturno-este-martes/
1885263,2024-09-04,09:10:17,UNE pronostica afectación de 665 MW durante pico nocturno de este miércoles,665.0,595.0,2455.0,3050.0,701.0,8:40,False,,,,,352.0,,,,http://www.cubadebate.cu/noticias/2024/09/04/une-pronostica-afectacion-de-665-mw-durante-pico-nocturno-de-este-miercoles/
1885351,2024-09-05,09:23:03,UNE prevé afectación de 670 MW durante pico nocturno de este jueves y un déficit de 200 MW en jornada diurna,670.0,600.0,2450.0,3050.0,620.0,19:00,False,200.0,2400.0,2390.0,,511.0,,,,http://www.cubadebate.cu/noticias/2024/09/05/une-preve-afectacion-de-670-mw-durante-pico-nocturno-de-este-jueves-y-un-deficit-de-200-mw-en-jornada-diurna/
1885468,2024-09-06,09:16:35,La Unión Eléctrica pronostica una afectación de 715 MW para el pico nocturno de este viernes,715.0,645.0,2455.0,3100.0,689.0,20:20,False,300.0,2320.0,2450.0,,447.0,,,,http://www.cubadebate.cu/noticias/2024/09/06/la-union-electrica-pronostica-una-afectacion-de-715-mw-para-el-pico-nocturno-de-este-viernes/
1885596,2024-09-07,10:47:24,UNE: Se pronostica una afectación de 725 MW en el horario pico,725.0,655.0,2495.0,3150.0,723.0,22:50,False,550.0,2285.0,2550.0,,538.0,,,,http://www.cubadebate.cu/noticias/2024/09/07/une-se-pronostica-una-afectacion-de-725-mw-en-el-horario-pico/
1885704,2024-09-08,09:28:34,UNE: Se pronostica una afectación de 560 MW en el horario pico de este domingo,560.0,490.0,2510.0,3000.0,547.0,20:40,True,300.0,,,,533.0,,,,http://www.cubadebate.cu/noticias/2024/09/08/une-se-pronostica-una-afectacion-de-560-mw-en-el-horario-pico-de-este-domingo/
1885875,2024-09-09,08:21:41,La Unión Eléctrica estima una afectación de 820 MW en horario pico de este 9 de septiembre,820.0,750.0,2450.0,3200.0,859.0,23:00,True,550.0,2250.0,2555.0,,496.0,,,,http://www.cubadebate.cu/noticias/2024/09/09/la-union-electrica-estima-un-deficit-de-750-mw-en-horario-pico-de-este-9-de-septiembre/
1886022,2024-09-10,09:49:37,Estima Unión Eléctrica para la hora pico una afectación de 857 MW en el país,857.0,787.0,2453.0,3240.0,749.0,20:30,True,450.0,2350.0,2570.0,,562.0,,,,http://www.cubadebate.cu/noticias/2024/09/10/estima-union-electrica-para-la-hora-pico-una-afectacion-de-857-mw-en-el-pais/
1886255,2024-09-11,08:38:53,Unión Eléctrica estima una afectación de 570 MW para el horario pico nocturno de este miércoles,570.0,500.0,2650.0,3150.0,698.0,20:30,False,250.0,2650.0,2420.0,,587.0,,,,http://www.cubadebate.cu/noticias/2024/09/11/union-electrica-estima-una-afectacion-de-570-mw-para-el-horario-pico-nocturno-de-este-miercoles/
1886392,2024-09-12,08:37:44,La Unión Eléctrica pronostica una afectación de 720 MW para el horario pico nocturno,720.0,650.0,2450.0,3100.0,485.0,21:40,False,150.0,,,,586.0,,,,http://www.cubadebate.cu/noticias/2024/09/12/la-union-electrica-pronostica-una-afectacion-de-720-mw-para-el-horario-pico-nocturno/
1886792,2024-09-13,09:31:51,UNE prevé afectación de 822 MW en pico nocturno este viernes,822.0,752.0,2428.0,3180.0,803.0,22:50,False,400.0,,,,586.0,,,,http://www.cubadebate.cu/noticias/2024/09/13/sen-estima-afectacion-de-400-mw-en-horario-de-la-media/
1887000,2024-09-14,10:16:46,Unión Eléctrica pronostica este sábado afectación de 890 MW en horario pico,890.0,820.0,2380.0,3200.0,856.0,20:20,False,400.0,,,,523.0,,,,http://www.cubadebate.cu/noticias/2024/09/14/union-electrica-pronostica-este-sabado-afectacion-de-890-mw-en-horario-pico/
1887171,2024-09-15,08:17:08,El déficit en pico nocturno será de 860 MW este domingo,860.0,790.0,2410.0,3200.0,950.0,21:00,True,400.0,2245.0,2540.0,,517.0,,,,http://www.cubadebate.cu/noticias/2024/09/15/el-deficit-en-pico-nocturno-sera-de-860-mw-este-domingo/
1887288,2024-09-16,08:54:20,Unión Eléctrica pronostica déficit de 970 MW para el horario pico nocturno,970.0,900.0,2300.0,3200.0,715.0,20:50,True,450.0,2300.0,2450.0,,527.0,,,,http://www.cubadebate.cu/noticias/2024/09/16/union-electrica-pronostica-deficit-de-970-mw-para-el-horario-pico-nocturno/
1887429,2024-09-17,09:12:39,Unión Eléctrica pronostica afectación de 1030 MW en pico nocturno de este martes,1030.0,960.0,2240.0,3200.0,973.0,20:50,False,550.0,,,,449.0,,,,http://www.cubadebate.cu/noticias/2024/09/17/union-electrica-pronostica-afectacion-de-1030-mw-en-pico-nocturno-de-este-martes/
1887655,2024-09-18,09:24:38,UNE pronostica afectación de 1 390 MW durante pico nocturno de este miércoles,1390.0,1320.0,1930.0,3250.0,1347.0,,True,1150.0,,,,424.0,,,,http://www.cubadebate.cu/noticias/2024/09/18/une-pronostica-afectacion-de-1-390-mw-durante-pico-nocturno-de-este-miercoles/
1887864,2024-09-19,11:50:19,La Unión Eléctrica pronostica una afectación de 1360 MW para el horario pico nocturno,1360.0,1290.0,1960.0,3250.0,1233.0,20:30,True,980.0,,,,302.0,,,,http://www.cubadebate.cu/noticias/2024/09/19/la-union-electrica-pronostica-una-afectacion-de-1360-mw-para-el-horario-pico-nocturno/
1888041,2024-09-20,08:00:36,UNE prevé afectación de  1 070 MW en pico nocturno este viernes,1070.0,1000.0,2300.0,3300.0,1514.0,20:20,True,650.0,,,,437.0,,,,http://www.cubadebate.cu/noticias/2024/09/20/une-preve-afectacion-de-1-070-mw-en-pico-nocturno-este-viernes/
1888305,2024-09-21,11:58:12,La Unión Eléctrica prevé una afectación de 800 MW para pico nocturno de este sábado,800.0,730.0,2370.0,3100.0,991.0,20:20,True,450.0,,,,398.0,,,,http://www.cubadebate.cu/noticias/2024/09/21/la-union-electrica-preve-una-afectacion-de-800-mw-para-pico-nocturno-de-este-sabado/
1888526,2024-09-22,09:33:38,La Unión Eléctrica pronostica una afectación de 880 MW para el horario pico nocturno,880.0,810.0,2290.0,3100.0,1043.0,,False,650.0,,,,372.0,,,,http://www.cubadebate.cu/noticias/2024/09/22/la-union-electrica-pronostica-una-afectacion-de-880-mw-para-el-horario-pico-nocturno/
1888657,2024-09-23,09:15:40,UNE pronostica afectación de 950 MW durante pico nocturno de este lunes,950.0,880.0,2320.0,3200.0,1033.0,6:30,True,550.0,,,,476.0,,,,http://www.cubadebate.cu/noticias/2024/09/23/une-pronostica-afectacion-de-950-mw-durante-pico-nocturno-de-este-lunes/
1888822,2024-09-24,11:48:51,UNE pronostica un déficit de 925 MW para el horario pico de este martes,925.0,925.0,2275.0,3200.0,1081.0,21:30,True,750.0,2100.0,2550.0,,498.0,,,,http://www.cubadebate.cu/noticias/2024/09/24/une-pronostica-un-deficit-de-925-mw-para-el-horario-pico-de-este-martes/
1889036,2024-09-25,09:15:12,Unión eléctrica informa afectación de 850 MW en el horario pico nocturno,850.0,780.0,2220.0,3000.0,1022.0,20:20,True,550.0,2025.0,2350.0,,541.0,,,,http://www.cubadebate.cu/noticias/2024/09/25/union-electrica-informa-afectacion-de-850-mw-en-el-horario-pico-nocturno/
1889292,2024-09-26,08:35:22,Prevén afectación de 835 MW durante el horario pico nocturno de este jueves,835.0,765.0,2185.0,2950.0,1001.0,20:20,True,,,,,537.0,,,,http://www.cubadebate.cu/noticias/2024/09/26/preven-afectacion-de-835-mw-durante-el-horario-pico-nocturno-de-este-jueves/
1889564,2024-09-27,10:05:19,Unión Eléctrica prevé afectación de 1215 MW para pico nocturno de este viernes,1215.0,1145.0,2005.0,3150.0,922.0,20:10,False,,,,,494.0,,,,http://www.cubadebate.cu/noticias/2024/09/27/union-electrica-preve-afectacion-de-1215-mw-para-pico-nocturno-de-este-viernes/
1889787,2024-09-28,09:26:37,Unión Eléctrica pronostica déficit de 1221 MW para el horario pico nocturno,1221.0,1151.0,2099.0,3250.0,1218.0,20:40,True,,1910.0,2700.0,,559.0,,,,http://www.cubadebate.cu/noticias/2024/09/28/union-electrica-pronostica-deficit-de-1221-mw-para-el-horario-pico-nocturno/
1889969,2024-09-29,08:27:45,UNE pronostica una tensa jornada con 1278 MW de déficit en pico nocturno,1278.0,1208.0,2092.0,3300.0,1325.0,21:10,True,,1980.0,2770.0,,546.0,,,,http://www.cubadebate.cu/noticias/2024/09/29/une-pronostica-una-tensa-jornada-con-1278-mw-de-deficit-en-pico-nocturno/
1890110,2024-09-30,09:17:32,"Déficit en pico nocturno de este lunes sobrepasa los 1100 MW, informa Unión Eléctrica",1100.0,1040.0,2260.0,3300.0,1341.0,20:20,False,,1890.0,2610.0,,512.0,160.0,,,http://www.cubadebate.cu/noticias/2024/09/30/deficit-en-pico-nocturno-de-este-lunes-sobrepasa-los-1100-mw-informa-union-electrica/
1890417,2024-10-01,09:14:49,La Unión Eléctrica pronostica una afectación de 1 180 MW para el horario pico nocturno,1180.0,1110.0,2170.0,3280.0,1383.0,20:10,False,,,,,500.0,,,,http://www.cubadebate.cu/noticias/2024/10/01/la-union-electrica-pronostica-una-afectacion-de-1-180-mw-para-el-horario-pico-nocturno/
1890614,2024-10-02,09:33:59,UNE pronostica afectación de 1 225 MW durante pico nocturno de este miércoles,1225.0,1155.0,2195.0,3350.0,1214.0,8:30,True,,,,,456.0,50.0,,,http://www.cubadebate.cu/noticias/2024/10/02/une-pronostica-afectacion-de-1-225-mw-durante-pico-nocturno-de-este-miercoles/
1890776,2024-10-03,08:47:12,Unión Eléctrica pronostica déficit de 1264 MW para el horario pico nocturno,1264.0,1194.0,2146.0,3340.0,1249.0,20:40,True,,2016.0,2440.0,,368.0,,,,http://www.cubadebate.cu/noticias/2024/10/03/union-electrica-pronostica-deficit-de-1264-mw-para-el-horario-pico-nocturno/
1890955,2024-10-04,12:26:38,La Unión Eléctrica pronostica una afectación de 1086 MW para el horario pico de este viernes,1086.0,1016.0,2224.0,3240.0,1580.0,18:30,True,,,,,368.0,66.0,,,http://www.cubadebate.cu/noticias/2024/10/04/la-union-electrica-pronostica-una-afectacion-de-1086-mw-para-el-horario-pico-de-este-viernes/
1891068,2024-10-05,09:49:02,Unión Eléctrica pronostica afectación de 1140 MW para pico nocturno de este sábado,1140.0,1070.0,2180.0,3250.0,1198.0,19:40,True,,,,,383.0,,,,http://www.cubadebate.cu/noticias/2024/10/05/union-electrica-pronostica-afectacion-de-1140-mw-para-pico-nocturno-de-este-sabado/
1891235,2024-10-06,09:23:24,UNE: Prevén afectación de 1 115 megawatts durante el horario pico nocturno de este domingo,1115.0,1045.0,2155.0,3200.0,,20:00,True,,,,,416.0,180.0,,,http://www.cubadebate.cu/noticias/2024/10/06/une-preven-afectacion-de-1-115-megawatts-durante-el-horario-pico-nocturno-de-este-domingo/
1891434,2024-10-07,08:11:33,Unión Eléctrica pronostica déficit de 1150 MW para el horario pico nocturno,1150.0,1080.0,2220.0,3300.0,1349.0,18:10,True,,2140.0,2450.0,,383.0,,,,http://www.cubadebate.cu/noticias/2024/10/07/union-electrica-pronostica-deficit-de-1150-mw-para-el-horario-pico-nocturno-2/
1891611,2024-10-08,08:14:48,Unión Eléctrica: Se pronostica una afectación de 1155 MW en el pico nocturno de martes,1155.0,1085.0,2265.0,3350.0,1363.0,20:20,True,,2100.0,2565.0,,553.0,,,,http://www.cubadebate.cu/noticias/2024/10/08/union-electrica-se-pronostica-una-afectacion-de-1155-mw-en-el-pico-nocturno-de-martes/
1891839,2024-10-09,09:14:24,Unión Eléctrica pronostica afectación de 1140 MW en el horario pico-nocturno,1140.0,1070.0,2280.0,3350.0,1140.0,20:00,True,,2280.0,2450.0,,550.0,,,,http://www.cubadebate.cu/noticias/2024/10/09/union-electrica-pronostica-afectacion-de-1140-mw-en-el-horario-pico-nocturno/
1892022,2024-10-10,09:27:57,La Unión Eléctrica pronostica una afectación de 1235 MW en el pico nocturno de este jueves,1235.0,1165.0,2185.0,3350.0,1269.0,19:40,True,,2094.0,2400.0,,586.0,,,,http://www.cubadebate.cu/noticias/2024/10/10/la-union-electrica-pronostica-una-afectacion-de-1235-mw-en-el-pico-nocturno-de-este-jueves/
1892306,2024-10-11,08:32:44,Unión Eléctrica pronostica una afectación de 1245 MW en el pico nocturno de este viernes,1245.0,1175.0,2175.0,3350.0,1153.0,19:50,True,,,,,604.0,,,,http://www.cubadebate.cu/noticias/2024/10/11/union-electrica-pronostica-una-afectacion-de-1245-mw-en-el-pico-nocturno-de-este-viernes/
1892485,2024-10-12,10:27:59,Unión Eléctrica estima afectación de 1 220 MW en horario pico este sábado,1220.0,1150.0,2240.0,3400.0,1467.0,19:50,True,,2250.0,2260.0,81.0,635.0,,,,http://www.cubadebate.cu/noticias/2024/10/12/union-electrica-estima-afectacion-de-1-220-mw-en-horario-pico-este-sabado/
1892633,2024-10-13,08:03:53,Unión Eléctrica estima afectación de 1300 MW en pico nocturno,1300.0,1230.0,2070.0,3300.0,1278.0,19:30,False,,1900.0,2580.0,,540.0,,,,http://www.cubadebate.cu/noticias/2024/10/13/union-electrica-estima-afectacion-de-1300-mw-en-pico-nocturno/
1892794,2024-10-14,09:56:42,"Afectación eléctrica para el pico nocturno de este lunes superará los 1300 MW, informa la UNE",1300.0,1300.0,2060.0,3360.0,1346.0,18:10,True,,1950.0,2600.0,,366.0,50.0,,,http://www.cubadebate.cu/noticias/2024/10/14/afectacion-electrica-para-el-pico-nocturno-de-este-lunes-superara-los-1300-mw-informa-la-une/
1893022,2024-10-15,09:26:50,UNE: Se pronostica una afectación de 1378 MW en el horario pico,1378.0,1308.0,1992.0,3300.0,1358.0,19:30,True,,1830.0,2560.0,,419.0,102.0,,,http://www.cubadebate.cu/noticias/2024/10/15/une-se-pronostica-una-afectacion-de-1378-mw-en-el-horario-pico/
1893246,2024-10-16,08:23:30,UNE pronostica una afectación de 1445 MW para el horario pico nocturno,1445.0,1375.0,2005.0,3380.0,1641.0,19:10,True,,1780.0,2660.0,,407.0,,,,http://www.cubadebate.cu/noticias/2024/10/16/une-pronostica-una-afectacion-de-1445-mw-para-el-horario-pico-nocturno/
1893391,2024-10-17,09:17:32,UNE prevé afectaciones durante horario diurno y afectación de 1 678 MW en pico nocturno este jueves,1678.0,1608.0,1692.0,3300.0,1589.0,19:20,True,,,,,441.0,,,,http://www.cubadebate.cu/noticias/2024/10/17/une-preve-afectaciones-durante-horario-diurno-y-afectacion-de-1-678-mw-en-pico-nocturno-este-jueves/
1893550,2024-10-18,08:45:50,UNE prevé una afectación de más de 1500 MW para este viernes,1500.0,1495.0,1705.0,3200.0,1642.0,19:20,True,,1390.0,2500.0,,439.0,70.0,,,http://www.cubadebate.cu/noticias/2024/10/18/une-preve-una-afectacion-de-mas-de-1500-mw-para-este-viernes/
1894831,2024-10-23,09:21:24,Unión Eléctrica pronostica déficit de 1042 MW para el pico nocturno,1042.0,972.0,1978.0,2950.0,986.0,19:30,True,,1880.0,2100.0,,629.0,,,,http://www.cubadebate.cu/noticias/2024/10/23/union-electrica-pronostica-deficit-de-1042-mw-para-el-pico-nocturno/
1895041,2024-10-24,08:59:47,La Unión Eléctrica estima una afectación de 1060 MW en horario pico de este 24 de octubre,1060.0,990.0,1990.0,3050.0,1245.0,18:30,True,,1990.0,2160.0,,724.0,,,,http://www.cubadebate.cu/noticias/2024/10/24/la-union-electrica-estima-una-afectacion-de-1060-mw-en-horario-pico-de-este-24-de-octubre/
1895301,2024-10-25,10:21:36,UNE pronostica afectación de 946 MW durante pico nocturno de este viernes,946.0,876.0,2124.0,3000.0,879.0,7:20,False,,,,,545.0,,,,http://www.cubadebate.cu/noticias/2024/10/25/une-pronostica-afectacion-de-946-mw-durante-pico-nocturno-de-este-viernes/
1895480,2024-10-26,10:21:59,Unión Eléctrica pronostica afectación de 970 MW para horario pico de este sábado,970.0,900.0,2080.0,2980.0,1007.0,19:40,True,,,,,498.0,50.0,,,http://www.cubadebate.cu/noticias/2024/10/26/union-electrica-pronostica-afectacion-de-970-mw-para-horario-pico-de-este-sabado/
1895655,2024-10-27,08:53:27,Unión Eléctrica pronostica afectación de 870 MW este domingo,870.0,800.0,,3000.0,1054.0,19:20,True,,2100.0,2000.0,,526.0,50.0,,,http://www.cubadebate.cu/noticias/2024/10/27/union-electrica-pronostica-afectacion-de-870-mw-este-domingo/
1895854,2024-10-28,09:28:15,UNE prevé afectación de 1 060 MW en horario pico este lunes,1060.0,990.0,2060.0,3050.0,1147.0,19:20,False,,,,,538.0,,,,http://www.cubadebate.cu/noticias/2024/10/28/une-preve-afectacion-de-1-060-mw-en-horario-pico-este-lunes/
1896175,2024-10-29,09:28:26,La Unión Eléctrica estima una afectación de 1 318 MW para el horario pico nocturno,1318.0,1248.0,1902.0,3150.0,1200.0,19:30,False,,,,,538.0,,,,http://www.cubadebate.cu/noticias/2024/10/29/la-union-electrica-estima-una-afectacion-de-1-318-mw-para-el-horario-pico-nocturno/
1896558,2024-10-30,11:52:13,La Unión Eléctrica estima una afectación de 1 400 MW para el horario pico nocturno,1400.0,1330.0,1820.0,3150.0,1444.0,19:10,True,,1670.0,2400.0,,357.0,,,,http://www.cubadebate.cu/noticias/2024/10/30/la-union-electrica-estima-una-afectacion-de-1-400-mw-para-el-horario-pico-nocturno/
1896789,2024-10-31,09:17:09,"Unión Eléctrica prevé un déficit de 1590 MW en horario pico nocturno, con mayor incidencia en el centro oriente del país",1590.0,1520.0,1630.0,3150.0,1525.0,19:10,True,,1630.0,2460.0,,361.0,,,,http://www.cubadebate.cu/noticias/2024/10/31/union-electrica-preve-un-deficit-de-1590-mw-en-horario-pico-nocturno-con-mayor-incidencia-en-el-centro-oriente-del-pais/
1896977,2024-11-01,08:33:57,La UNE pronostica una afectación de 1 595 MW para el horario pico nocturno de este viernes,1595.0,1525.0,1675.0,3200.0,1488.0,19:20,True,,1550.0,2480.0,938.0,260.0,,,,http://www.cubadebate.cu/noticias/2024/11/01/la-une-pronostica-una-afectacion-de-1595-mw-para-el-horario-pico-nocturno-de-este-viernes/
1897202,2024-11-02,08:37:38,Unión Eléctrica pronostica afectación de 1375 MW para el horario pico nocturno,1375.0,1305.0,1795.0,3100.0,1430.0,19:10,True,,,,,253.0,,,,http://www.cubadebate.cu/noticias/2024/11/02/union-electrica-pronostica-afectacion-de-1375-mw-para-el-horario-pico-nocturno/
1899516,2024-11-12,08:54:27,Unión Eléctrica: El Sistema Eléctrico Nacional opera de manera estable (+Video),,,,,1047.0,,False,,,,,,,,,http://www.cubadebate.cu/noticias/2024/11/12/union-electrica-el-sistema-electrico-nacional-opera-de-manera-estable/
1899815,2024-11-13,08:44:39,La UNE pronostica una afectación de 1400 MW para el horario pico de este miércoles,1400.0,1330.0,1870.0,3200.0,1279.0,,True,,1870.0,2410.0,494.0,388.0,,,,http://www.cubadebate.cu/noticias/2024/11/13/la-une-pronostica-una-afectacion-de-1400-mw-para-el-horario-pico-de-este-miercoles/
1900066,2024-11-14,08:51:40,Prevé la UNE déficit de 1 260 megawatts durante el horario pico nocturno de este jueves,1330.0,1260.0,1760.0,3020.0,1218.0,,True,,,,,341.0,,,,http://www.cubadebate.cu/noticias/2024/11/14/preve-la-une-deficit-de-1-260-megawatts-durante-el-horario-pico-nocturno-de-este-jueves/
1900223,2024-11-15,08:11:00,Unión Eléctrica estima afectación de 1 315 MW en horario pico este viernes,1315.0,1245.0,1755.0,3000.0,1230.0,,True,,,,,351.0,,,,http://www.cubadebate.cu/noticias/2024/11/15/union-electrica-estima-afectacion-de-afectacion-de-1-315-mw-en-horario-pico-este-viernes/
1900479,2024-11-16,09:48:05,La Unión Eléctrica pronostica una afectación de 1 510 MW para el horario pico nocturno,1510.0,1440.0,1660.0,3100.0,1385.0,,True,,,,,351.0,,,,http://www.cubadebate.cu/noticias/2024/11/16/la-union-electrica-pronostica-una-afectacion-de-1-510-mw-para-el-horario-pico-nocturno/
1900732,2024-11-17,08:22:42,UNE: Se pronostica una afectación de 1421 MW en el horario pico,1421.0,1351.0,1749.0,3100.0,1615.0,,True,,1470.0,2220.0,771.0,346.0,,,,http://www.cubadebate.cu/noticias/2024/11/17/une-se-pronostica-una-afectacion-de-1421-mw-en-el-horario-pico/
1901014,2024-11-18,09:23:58,Unión Eléctrica pronostica déficit de 1399 MW para el horario pico nocturno,1399.0,1329.0,1771.0,3100.0,1348.0,,True,,1615.0,2100.0,478.0,345.0,,,,http://www.cubadebate.cu/noticias/2024/11/18/union-electrica-pronostica-deficit-de-1399-mw-para-el-horario-pico-nocturno/
1901219,2024-11-19,08:04:15,La Unión Eléctrica estima una afectación de 1594 MW en horario pico de este 19 de noviembre,1594.0,1524.0,1556.0,3080.0,1476.0,,True,,1600.0,2160.0,542.0,342.0,24.0,,,http://www.cubadebate.cu/noticias/2024/11/19/la-union-electrica-estima-una-afectacion-de-1594-mw-en-horario-pico-de-este-19-de-noviembre/
1901433,2024-11-20,09:27:15,La Unión Eléctrica estima una afectación de 1 541 MW en horario pico,1541.0,1471.0,1629.0,3100.0,1514.0,,True,,1400.0,2350.0,901.0,251.0,,,,http://www.cubadebate.cu/noticias/2024/11/20/la-union-electrica-estima-una-afectacion-de-1-541-mw-en-horario-pico/
1901619,2024-11-21,08:30:51,UNE prevé afectación de 1 495 MW en horario pico este jueves,1495.0,1425.0,1675.0,3100.0,1735.0,,True,,,,,253.0,,,,http://www.cubadebate.cu/noticias/2024/11/21/une-preve-afectacion-de-1-495-mw-en-horario-pico-este-jueves/
1901752,2024-11-22,08:30:21,UNE pronostica afectación de 1 420 MW durante pico nocturno de este viernes,1420.0,1350.0,1650.0,3000.0,1471.0,6:20,True,,,,,348.0,,,,http://www.cubadebate.cu/noticias/2024/11/22/une-pronostica-afectacion-de-1-420-mw-durante-pico-nocturno-de-este-viernes/
1901931,2024-11-23,09:26:30,UNE pronostica afectación de 1485 MW durante pico nocturno de este sábado,1485.0,1415.0,1565.0,2980.0,1469.0,,False,,,,,270.0,,,,http://www.cubadebate.cu/noticias/2024/11/23/une-pronostica-afectacion-de-1485-mw-durante-pico-nocturno-de-este-sabado/
1902084,2024-11-24,08:58:27,La UNE pronostica una afectación de 1230 MW para el horario pico de este domingo,1230.0,1140.0,1840.0,2980.0,1550.0,,False,,,,,274.0,,,,http://www.cubadebate.cu/noticias/2024/11/24/la-une-pronostica-una-afectacion-de-1230-mw-para-el-horario-pico-de-este-domingo/
1902238,2024-11-25,09:16:05,UNE: Se pronostica una afectación de 1365 MW para el horario pico,1365.0,1295.0,1805.0,3100.0,1492.0,,False,,,,,353.0,,,,http://www.cubadebate.cu/noticias/2024/11/25/une-se-pronostica-una-afectacion-de-1365-mw-para-el-horario-pico/
1902447,2024-11-26,07:54:50,Unión Eléctrica pronostica déficit de 1450 MW para el horario pico nocturno,1450.0,1380.0,1650.0,3030.0,1278.0,,False,,1600.0,2220.0,645.0,346.0,,,,http://www.cubadebate.cu/noticias/2024/11/26/union-electrica-pronostica-deficit-de-1450-mw-para-el-horario-pico-nocturno/
1902729,2024-11-27,09:29:47,UNE pronostica déficit de 1503 MW en pico nocturno,1503.0,1433.0,1747.0,3180.0,1563.0,,False,,1420.0,2390.0,1025.0,356.0,,,,http://www.cubadebate.cu/noticias/2024/11/27/une-pronostica-deficit-de-1433-mw-en-pico-nocturno/
1902926,2024-11-28,09:51:01,Unión Eléctrica pronostica afectación de 1390 MW para el horario pico de este jueves,1390.0,1320.0,1840.0,3160.0,1580.0,,True,,,,,427.0,,,,http://www.cubadebate.cu/noticias/2024/11/28/union-electrica-pronostica-afectacion-de-1390-mw-para-el-horario-pico-de-este-jueves/
1903085,2024-11-29,09:11:55,Unión Eléctrica pronostica afectación de 1580 MW para el horario pico nocturno,1580.0,1510.0,1710.0,3200.0,1551.0,,False,,,,,427.0,,,,http://www.cubadebate.cu/noticias/2024/11/29/union-electrica-pronostica-afectacion-de-1580-mw-para-el-horario-pico-nocturno/
1903321,2024-11-30,09:57:51,Unión Eléctrica pronostica un déficit de 1481 MW en el horario pico nocturno,1481.0,1411.0,1769.0,3180.0,1660.0,,False,,,,,316.0,,,,http://www.cubadebate.cu/noticias/2024/11/30/union-electrica-pronostica-un-deficit-de-1481-mw-en-el-horario-pico-nocturno/
1903477,2024-12-01,08:55:34,Unión Eléctrica pronostica 1436 MW de déficit para pico nocturno,1436.0,1366.0,1814.0,3180.0,1548.0,,True,,1740.0,2140.0,440.0,294.0,,,,http://www.cubadebate.cu/noticias/2024/12/01/union-electrica-pronostica-1436-mw-de-deficit-para-pico-nocturno/
1903602,2024-12-02,09:12:43,Unión Eléctrica prevé déficit de 1 502 MW en pico nocturno este lunes,1502.0,1432.0,1818.0,3250.0,1384.0,,False,,,,,297.0,,,,http://www.cubadebate.cu/noticias/2024/12/02/union-electrica-pronostica-para-pico-nocturno-de-este-lunes-un-deficit-de-1502-mw/
1903849,2024-12-03,09:38:24,Unión Eléctrica estima afectación de 1596 MW en pico nocturno este martes,1596.0,1526.0,1554.0,3080.0,1392.0,,False,,,,,244.0,,,,http://www.cubadebate.cu/noticias/2024/12/03/union-electrica-estima-afectacion-de-1596-mw-en-pico-nocturno-este-martes/
1904220,2024-12-05,08:36:28,UNE pronostica afectación de 1 475 MW durante el pico nocturno de este jueves,1475.0,1405.0,1645.0,3050.0,,,False,,,,,321.0,,,,http://www.cubadebate.cu/noticias/2024/12/05/une-pronostica-afectacion-de-1-475-mw-durante-el-pico-nocturno-de-este-jueves/
1904486,2024-12-06,08:40:18,La Unión Eléctrica pronostica una afectación de 1 425 MW para el horario pico nocturno,1425.0,1355.0,1745.0,3100.0,1466.0,,False,,,,,281.0,,,,http://www.cubadebate.cu/noticias/2024/12/06/la-union-electrica-pronostica-una-afectacion-de-1-425-mw-para-el-horario-pico-nocturno/
1904691,2024-12-07,08:36:10,Unión Eléctrica pronostica una afectación de 1554 MW para el horario pico nocturno de este sábado,1554.0,1484.0,1566.0,3050.0,1566.0,05:33,False,,,,,251.0,,,,http://www.cubadebate.cu/noticias/2024/12/07/union-electrica-pronostica-una-afectacion-de-1554-mw-para-el-horario-pico-nocturno-de-este-sabado/
1904895,2024-12-08,09:10:18,Unión Eléctrica pronostica 1270 MW de déficit en pico nocturno,1270.0,1200.0,1850.0,3050.0,1526.0,,False,,1740.0,2030.0,347.0,294.0,,,,http://www.cubadebate.cu/noticias/2024/12/08/union-electrica-pronostica-1270-mw-de-deficit-en-pico-nocturno/
1905023,2024-12-09,08:33:31,Prevén afectación de 1 385 megawatts durante el horario pico nocturno de este lunes,1385.0,1315.0,1765.0,3080.0,1216.0,,False,,,,,280.0,,,,http://www.cubadebate.cu/noticias/2024/12/09/preven-afectacion-de-1-385-megawatts-durante-el-horario-pico-nocturno-de-este-lunes/
1905202,2024-12-10,08:56:08,UNE pronostica afectación de 1 525 MW durante pico nocturno de este martes,1525.0,1455.0,1695.0,3150.0,1516.0,6:10,False,,,,,257.0,,,,http://www.cubadebate.cu/noticias/2024/12/10/une-pronostica-afectacion-de-1-525-mw-durante-pico-nocturno-de-este-martes/
1905403,2024-12-11,10:02:57,UNE pronostica afectación de 1 250 MW durante pico nocturno de este miércoles,1250.0,1180.0,1970.0,3150.0,1553.0,6:20,False,,,,,278.0,,,,http://www.cubadebate.cu/noticias/2024/12/11/une-pronostica-afectacion-de-1-250-mw-durante-pico-nocturno-de-este-miercoles/
1905671,2024-12-12,11:47:57,Unión Eléctrica pronostica afectación de 1 246 MW durante pico nocturno de este jueves,1246.0,1176.0,1974.0,3150.0,1355.0,,False,,1949.0,2070.0,289.0,305.0,,,,http://www.cubadebate.cu/noticias/2024/12/12/union-electrica-pronostica-afectacion-de-1-246-mw-durante-pico-nocturno-de-este-jueves/
1905979,2024-12-13,09:45:24,Unión Eléctrica estima afectación de 1095 MW en horario pico nocturno,1095.0,1025.0,1995.0,3020.0,1247.0,,False,,1840.0,1970.0,186.0,240.0,,,,http://www.cubadebate.cu/noticias/2024/12/13/union-electrica-estima-afectacion-de-1095-mw-en-horario-pico-nocturno/
1906196,2024-12-14,09:43:03,Unión Eléctrica estima afectación de 1 198 MW en horario pico de este sábado,1198.0,1128.0,1892.0,3020.0,1412.0,,False,,,,,284.0,,,,http://www.cubadebate.cu/noticias/2024/12/14/union-electrica-estima-afectacion-de-1-198-mw-en-horario-pico-de-este-sabado/
1906415,2024-12-15,09:02:39,Unión Eléctrica estima afectación de 1 330 MW en horario pico nocturno de este domingo,1330.0,1260.0,1740.0,3000.0,1213.0,,False,,,,,234.0,,,,http://www.cubadebate.cu/noticias/2024/12/15/union-electrica-estima-afectacion-de-1-330-mw-en-horario-pico-nocturno-de-este-domingo/
1906533,2024-12-16,08:52:38,UNE prevé una afectación de 1 235 MW para el horario pico este lunes,1235.0,1165.0,1885.0,3050.0,1173.0,,False,,,,,339.0,,,,http://www.cubadebate.cu/noticias/2024/12/16/une-se-pronostica-una-afectacion-de-1235-mw-para-el-horario-pico/
1906760,2024-12-17,10:53:52,La Unión Eléctrica estima una afectación de 1180 MW en horario pico de este 17 de diciembre,1180.0,1110.0,1940.0,3050.0,1134.0,,False,,1780.0,2050.0,360.0,274.0,,,,http://www.cubadebate.cu/noticias/2024/12/17/la-union-electrica-estima-una-afectacion-de-1180-mw-en-horario-pico-de-este-17-de-diciembre/
1906993,2024-12-18,09:42:18,La Unión Eléctrica estima una afectación de 1 570 MW en horario pico,1570.0,1500.0,1700.0,3200.0,1496.0,,False,,1700.0,2150.0,438.0,296.0,,,,http://www.cubadebate.cu/noticias/2024/12/18/la-union-electrica-estima-una-afectacion-de-1-570-mw-en-horario-pico/
1907174,2024-12-19,08:09:55,Unión Eléctrica estima afectación de 1 711 megawatts durante el horario pico nocturno de este jueves,1711.0,1641.0,1559.0,3200.0,1538.0,,False,,,,,242.0,,,,http://www.cubadebate.cu/noticias/2024/12/19/union-electrica-estima-afectacion-de-1-711-megawatts-durante-el-horario-pico-nocturno-de-este-jueves/
1907394,2024-12-20,08:51:39,Unión Eléctrica estima déficit de 1525 MW para el horario pico nocturno,1525.0,1455.0,1695.0,3150.0,1608.0,,True,,1560.0,2300.0,803.0,213.0,,,,http://www.cubadebate.cu/noticias/2024/12/20/union-electrica-estima-deficit-de-1525-mw-para-el-horario-pico-nocturno/
1907668,2024-12-21,09:15:00,UNE: Se pronostica una afectación de 1490 MW para el horario pico,1490.0,1420.0,1660.0,3080.0,1619.0,,True,,1660.0,2000.0,377.0,264.0,,,,http://www.cubadebate.cu/noticias/2024/12/21/une-se-pronostica-una-afectacion-de-1490-mw-para-el-horario-pico/
1907841,2024-12-22,08:52:56,Unión Eléctrica pronostica 1203 MW de déficit para pico nocturno este domingo,1203.0,1133.0,1917.0,3050.0,1476.0,,False,,1705.0,1975.0,330.0,257.0,,,,http://www.cubadebate.cu/noticias/2024/12/22/union-electrica-pronostica-1203-mw-de-deficit-para-pico-nocturno-este-domingo/
1907937,2024-12-23,09:30:15,Unión Eléctrica pronostica 1343 MW de déficit para pico nocturno este lunes,1343.0,1343.0,1777.0,3120.0,1442.0,,False,,1612.0,1940.0,430.0,263.0,,,,http://www.cubadebate.cu/noticias/2024/12/23/union-electrica-pronostica-1343-mw-de-deficit-para-pico-nocturno-este-lunes/
1908126,2024-12-24,09:37:38,UNE: Para el horario pico se prevé una afectación estimada de 1314 MW,1314.0,1244.0,1480.0,2980.0,1432.0,18:30,False,,,,,,519.0,,,http://www.cubadebate.cu/noticias/2024/12/24/une-para-el-horario-pico-se-preve-una-afectacion-estimada-de-1314-mw/
1908244,2024-12-25,09:53:49,La Unión Eléctrica pronostica una afectación de 1 280 MW para el horario pico nocturno,1280.0,1210.0,1870.0,3080.0,1416.0,,False,,,,,293.0,,,,http://www.cubadebate.cu/noticias/2024/12/25/la-union-electrica-pronostica-una-afectacion-de-1-280-mw-para-el-horario-pico-nocturno/
1908424,2024-12-26,09:33:21,Unión Eléctrica pronostica déficit de 1340 MW para el horario pico nocturno,1340.0,1270.0,1880.0,3150.0,,18:10,False,,,,,,430.0,,,http://www.cubadebate.cu/noticias/2024/12/26/union-electrica-pronostica-deficit-de-1340-mw-para-el-horario-pico-nocturno/
1908520,2024-12-27,09:12:53,UNE: Para el horario pico se prevé una afectación estimada de 1311 MW,1311.0,1241.0,1788.0,3150.0,1301.0,18:10,False,800.0,,,,,398.0,,,http://www.cubadebate.cu/noticias/2024/12/27/une-para-el-horario-pico-se-preve-una-afectacion-estimada-de-1311-mw/
1908671,2024-12-28,08:46:43,Unión Eléctrica pronostica una afectación de 1165 MW para el horario pico de este sábado,1165.0,1095.0,2005.0,3100.0,1281.0,,False,,,,,339.0,,,,http://www.cubadebate.cu/noticias/2024/12/28/union-electrica-pronostica-una-afectacion-de-1165-mw-para-el-horario-pico-de-este-sabado/
1908867,2024-12-29,09:18:48,UNE prevé afectación de 1 070 MW en horario pico nocturno este domingo,1070.0,1000.0,1910.0,3100.0,1298.0,18:10,False,600.0,,,,,,,,http://www.cubadebate.cu/noticias/2024/12/29/une-preve-afectacion-de-1-070-mw-en-horario-pico-nocturno-este-domingo/
1908993,2024-12-30,09:05:53,UNE pronostica afectación de 1 110 MW durante pico nocturno de este lunes,1110.0,1040.0,2110.0,3150.0,1182.0,18:10,False,600.0,,,,,248.0,,,http://www.cubadebate.cu/noticias/2024/12/30/une-pronostica-afectacion-de-1-110-mw-durante-pico-nocturno-de-este-lunes/
1909082,2024-12-31,09:29:41,Unión Eléctrica pronostica afectación de 295 MW en pico nocturno este martes,0.0,0.0,,,1181.0,,False,,,,,344.0,,,,http://www.cubadebate.cu/noticias/2024/12/31/union-electrica-pronostica-afectacion-de-295-mw-en-pico-nocturno-este-martes/
1909161,2025-01-01,08:57:21,La Unión Eléctrica pronostica una afectación de 245 MW para el horario pico nocturno,245.0,175.0,2275.0,2450.0,230.0,,False,,,,,323.0,,,,http://www.cubadebate.cu/noticias/2025/01/01/la-union-electrica-pronostica-una-afectacion-de-245-mw-para-el-horario-pico-nocturno/
1909342,2025-01-02,08:41:34,La Unión Eléctrica pronostica una afectación de 570 MW para el horario pico de este jueves,570.0,500.0,2200.0,2700.0,489.0,,False,,,,,277.0,,,,http://www.cubadebate.cu/noticias/2025/01/02/la-union-electrica-pronostica-una-afectacion-de-570-mw-para-el-horario-pico-de-este-jueves/
1909506,2025-01-03,08:22:07,Unión Eléctrica pronostica déficit de 659 MW para el horario pico nocturno,659.0,589.0,2211.0,2800.0,660.0,,False,,2161.0,1650.0,,319.0,,,,http://www.cubadebate.cu/noticias/2025/01/03/union-electrica-pronostica-deficit-de-659-mw-para-el-horario-pico-nocturno/
1909618,2025-01-04,08:43:39,UNE pronostica afectación de 800 MW durante pico nocturno de este sábado,800.0,730.0,2170.0,2900.0,777.0,6:20,False,,,,,285.0,,,,http://www.cubadebate.cu/noticias/2025/01/04/une-pronostica-afectacion-de-800-mw-durante-pico-nocturno-de-este-sabado/
1909740,2025-01-05,09:19:24,UNE pronostica afectación de 693 MW durante pico nocturno de este domingo,693.0,623.0,2127.0,2700.0,767.0,,False,,,,,263.0,,,,http://www.cubadebate.cu/noticias/2025/01/05/une-pronostica-afectacion-de-693-mw-durante-pico-nocturno-de-este-domingo/
1909873,2025-01-06,08:21:05,La Unión Eléctrica pronostica una afectación de 940 MW en el horario pico de este lunes,940.0,870.0,2130.0,3000.0,929.0,,False,,,,,276.0,,,,http://www.cubadebate.cu/noticias/2025/01/06/la-union-electrica-pronostica-una-afectacion-de-940-mw-en-el-horario-pico-de-este-lunes/
1910108,2025-01-07,09:13:59,UNE prevé afectación de 1 160 MW en horario pico este martes,1160.0,1090.0,1960.0,3050.0,,18:30,False,,,,,,,,,http://www.cubadebate.cu/noticias/2025/01/07/une-preve-afectacion-de-693-mw-en-horario-pico-este-martes/
1910270,2025-01-08,08:56:20,UNE pronostica afectación de 1 040 MW durante pico nocturno,1040.0,970.0,2130.0,3100.0,,,False,,,,,293.0,195.0,,,http://www.cubadebate.cu/noticias/2025/01/08/une-pronostica-afectacion-de-1-040-mw-durante-pico-nocturno/
1910468,2025-01-09,09:27:07,Unión Eléctrica pronostica déficit de 770 MW para el horario pico nocturno,770.0,700.0,2200.0,2900.0,,18:30,False,,,,,235.0,203.0,,,http://www.cubadebate.cu/noticias/2025/01/09/union-electrica-pronostica-deficit-de-770-mw-para-el-horario-pico-nocturno/
1910733,2025-01-10,10:09:59,UNE pronostica afectación de 805 MW durante pico nocturno de este viernes,805.0,735.0,,,857.0,6:10,False,,,,,,,,,http://www.cubadebate.cu/noticias/2025/01/10/une-pronostica-afectacion-de-805-mw-durante-pico-nocturno-de-este-viernes/
1910895,2025-01-11,10:55:38,Unión Eléctrica estima afectación de 770 MW este sábado en horario pico,770.0,700.0,,,818.0,18:30,False,,,,,,,,,http://www.cubadebate.cu/noticias/2025/01/11/union-electrica-estima-afectacion-de-770-mw-este-sabado-en-horario-pico/
1911007,2025-01-12,09:39:31,Unión Eléctrica pronostica afectación de 920 MW en pico nocturno este domingo,920.0,850.0,2100.0,2950.0,943.0,,False,250.0,,,,282.0,,,,http://www.cubadebate.cu/noticias/2025/01/12/union-electrica-pronostica-afectacion-de-920-mw-en-pico-nocturno-este-domingo/
1911149,2025-01-13,10:05:10,La Unión Eléctrica proyecta una afectación de 960 MW para el horario pico de este lunes,960.0,890.0,2110.0,3000.0,809.0,18:30,False,,,,,,,,,http://www.cubadebate.cu/noticias/2025/01/13/la-union-electrica-proyecta-una-afectacion-de-960-mw-para-el-horario-pico-de-este-lunes/
1911274,2025-01-14,08:22:08,La Unión Eléctrica pronostica una afectación de 1 135 MW para la hora pico nocturna,1135.0,1065.0,2055.0,3120.0,1028.0,18:30,False,550.0,,,,285.0,,,,http://www.cubadebate.cu/noticias/2025/01/14/la-union-electrica-pronostica-una-afectacion-de-1-135-mw-para-la-hora-pico-nocturna/
1911482,2025-01-15,09:12:57,La Unión Eléctrica pronostica una afectación de 1 229 MW para la hora pico nocturna,1229.0,1159.0,2081.0,3240.0,1286.0,6:30,False,,,,,,212.0,,,http://www.cubadebate.cu/noticias/2025/01/15/la-union-electrica-pronostica-una-afectacion-de-1-229-mw-para-la-hora-pico-nocturna/
1911669,2025-01-16,09:46:05,La Unión Eléctrica estima una afectación de 1 300 MW en el horario pico de este jueves,1300.0,1230.0,2020.0,3250.0,,6:30,False,,,,,,169.0,,,http://www.cubadebate.cu/noticias/2025/01/16/la-union-electrica-estima-una-afectacion-de-1-300-mw-en-el-horario-pico-de-este-lunes/
1911874,2025-01-17,08:41:40,Se mantiene cronograma de entrada de unidades de termoeléctrica de Cienfuegos pese a incendio (+ Video),,,,3300.0,,,False,,,,,,,,,http://www.cubadebate.cu/noticias/2025/01/17/se-mantiene-cronograma-de-entrada-de-las-unidades-de-termoelectrica-de-cienfuegos-pese-a-incendio-video/
1912016,2025-01-18,08:43:05,Pronostica la UNE afectación de 1 170 MW durante el horario pico nocturno de este sábado,1170.0,1100.0,2100.0,3200.0,,18:10,False,400.0,,,,451.0,,,,http://www.cubadebate.cu/noticias/2025/01/18/pronostica-la-une-afectacion-de-1-170-mw-durante-el-horario-pico-nocturno-de-este-sabado/
1912243,2025-01-19,08:57:14,Unión Eléctrica pronostica para este domingo un déficit de 1420 MW en pico nocturno,1420.0,1350.0,1750.0,3100.0,1384.0,18:20,False,700.0,1680.0,1980.0,310.0,275.0,,,,http://www.cubadebate.cu/noticias/2025/01/19/union-electrica-pronostica-para-este-domingo-un-deficit-de-1420-mw-en-pico-nocturno/
1912408,2025-01-20,09:22:40,Unión Eléctrica pronostica una afectación de 1 680 MW durante el horario pico de este lunes,1680.0,1680.0,,,1530.0,6:20,False,,,,,,296.0,,,http://www.cubadebate.cu/noticias/2025/01/20/union-electrica-pronostica-una-afectacion-de-1-680-mw-durante-el-horario-pico-de-este-lunes/
1912569,2025-01-21,10:21:28,UNE pronostica afectación de 1 600 MW durante hora pico de este martes,1600.0,1530.0,,,,6:20,False,,,,,,285.0,,,http://www.cubadebate.cu/noticias/2025/01/21/une-pronostica-afectacion-de-1-600-mw-durante-hora-pico-de-este-martes/
1912752,2025-01-22,09:30:36,UNE pronostica afectación de 1 270 MW durante pico nocturno de este miércoles,1270.0,1200.0,2080.0,3280.0,1676.0,6:50,True,,,,,,208.0,,,http://www.cubadebate.cu/noticias/2025/01/22/une-pronostica-afectacion-de-1-270-mw-durante-pico-nocturno-de-este-miercoles/
1912887,2025-01-23,09:09:02,La Unión Eléctrica pronostica una afectación de 990 MW para el horario pico de este jueves,990.0,920.0,2120.0,3040.0,,6:10,False,,,,,,,,,http://www.cubadebate.cu/noticias/2025/01/23/la-union-electrica-pronostica-una-afectacion-de-990-mw-para-el-horario-pico-de-este-jueves/
1913144,2025-01-24,10:20:38,Unión Eléctrica: Déficit de 1 020 MW en horario pico nocturno de este viernes y 480 MW al mediodía,1020.0,950.0,2100.0,3050.0,,06:20,False,,,,,,178.0,,,http://www.cubadebate.cu/noticias/2025/01/24/union-electrica-deficit-de-1-020-mw-en-horario-pico-nocturno-de-este-viernes-y-480-mw-al-mediodia/
1913318,2025-01-25,09:59:44,La Unión Eléctrica pronostica una afectación de 1 060 MW para el horario pico nocturno,1060.0,990.0,2010.0,3000.0,960.0,18:30,False,580.0,,,,392.0,,,,http://www.cubadebate.cu/noticias/2025/01/25/la-union-electrica-pronostica-una-afectacion-de-1-060-mw-para-el-horario-pico-nocturno/
1913570,2025-01-26,10:40:38,UNE pronostica afectación de 1 104 MW durante pico nocturno de este domingo,1104.0,1104.0,,,1245.0,6:20,False,,,,,,302.0,,,http://www.cubadebate.cu/noticias/2025/01/26/une-pronostica-afectacion-de-1-104-mw-durante-pico-nocturno-de-este-domingo/
1913669,2025-01-27,09:11:27,Unión Eléctrica estima afectación de 1411 MW para el pico nocturno de este lunes,1411.0,1341.0,1909.0,3250.0,1227.0,6:30,False,,,,,,479.0,,,http://www.cubadebate.cu/noticias/2025/01/27/union-electrica-estima-afectacion-de-1411-mw-para-el-pico-nocturno-de-este-lunes/
1913854,2025-01-28,09:06:22,La Unión Eléctrica pronostica una afectación de 1 440 MW para el pico nocturno de este martes,1440.0,1370.0,,,1555.0,6:50,False,,,,,,,,,http://www.cubadebate.cu/noticias/2025/01/28/la-union-electrica-pronostica-una-afectacion-de-1-440-mw-para-el-pico-nocturno-de-este-martes/
1914109,2025-01-29,10:16:39,Unión Eléctrica pronostica afectaciones de 1365 MW para el horario pico de este miércoles,1365.0,1295.0,,3220.0,,06:20,False,,,,,,283.0,,,http://www.cubadebate.cu/noticias/2025/01/29/union-electrica-pronostica-afectaciones-de-1365-mw-para-el-horario-pico-de-este-miercoles/
1914300,2025-01-30,08:51:04,UNE pronostica afectación de 1 460 MW durante pico nocturno de este jueves,1460.0,1390.0,1830.0,3220.0,1435.0,6:40,False,,,,,,271.0,,,http://www.cubadebate.cu/noticias/2025/01/30/une-pronostica-afectacion-de-1-460-mw-durante-pico-nocturno-de-este-jueves/
1914699,2025-02-01,09:31:31,UNE: Prevén afectación de 1 505 megawatts durante el horario pico nocturno de este sábado,1435.0,1435.0,1765.0,3200.0,1511.0,6:30,False,,,,,,,,,http://www.cubadebate.cu/noticias/2025/02/01/une-preven-afectacion-de-1-505-megawatts-durante-el-horario-pico-nocturno-de-este-sabado/
1914814,2025-02-02,08:53:57,Salida de la Guiteras eleva el déficit durante pico nocturno a 1750 MW,1750.0,1750.0,,,,,False,,,,,,,,,http://www.cubadebate.cu/noticias/2025/02/02/salida-de-la-guiteras-eleva-el-deficit-durante-pico-nocturno-a-1750-mew/
1914952,2025-02-03,11:36:55,Unión Eléctrica pronostica déficit de 1545 MW para el horario pico nocturno de este lunes,1545.0,1475.0,1825.0,3300.0,1584.0,6:50,True,,,,,,284.0,,,http://www.cubadebate.cu/noticias/2025/02/03/union-electrica-pronostica-deficit-de-1545-mw-para-el-horario-pico-nocturno-de-este-lunes/
1915151,2025-02-04,09:07:50,"Déficit energético superará los 1 700 MW este martes, informa la Unión Eléctrica",1700.0,1644.0,1706.0,3350.0,1536.0,6:10,True,,,,,,340.0,,,http://www.cubadebate.cu/noticias/2025/02/04/deficit-energetico-superara-los-1-700-mw-este-martes-informa-la-union-electrica/
1915250,2025-02-05,09:39:56,Unión Eléctrica pronostica afectación de 1 630 MW durante pico nocturno,1630.0,1560.0,1685.0,3250.0,1775.0,6:40,True,,,,,,342.0,,,http://www.cubadebate.cu/noticias/2025/02/05/union-electrica-pronostica-afectacion-de-1-630-mw-durante-pico-nocturno/
1915419,2025-02-06,09:45:01,La UNE pronostica una afectación de 1 575 MW para el horario pico de este jueves,1575.0,1505.0,1675.0,3180.0,1696.0,6:30,True,,,,,,279.0,,,http://www.cubadebate.cu/noticias/2025/02/06/la-une-pronostica-una-afectacion-de-1-575-mw-para-el-horario-pico-de-este-jueves/
1915610,2025-02-07,09:38:00,Unión Eléctrica: Unidad uno de la termoeléctrica Felton en proceso de arranque,1366.0,1366.0,1814.0,3180.0,1678.0,6:40,True,,,,,,305.0,,,http://www.cubadebate.cu/noticias/2025/02/07/union-electrica-unidad-uno-de-la-termoelectrica-felton-en-proceso-de-arranque/
1915760,2025-02-08,09:22:50,UNE prevé afectación de 1 365 MW en pico nocturno este sábado,1365.0,1365.0,,,,6:50,False,,,,,,411.0,,,http://www.cubadebate.cu/noticias/2025/02/08/une-preve-afectacion-de-1-365-mw-en-pico-nocturno-este-sabado/
1915917,2025-02-09,09:13:05,La Unión Eléctrica estima una afectación de 1 372 MW para este domingo,1372.0,1302.0,1898.0,3200.0,1422.0,18:30,True,870.0,,,,492.0,,,,http://www.cubadebate.cu/noticias/2025/02/09/la-union-electrica-estima-una-afectacion-de-1-372-mw-para-este-domingo/
1916071,2025-02-10,08:28:50,Unión Eléctrica pronostica déficit de 1525 MW para el horario pico de este lunes,1525.0,1455.0,1845.0,3300.0,1362.0,18:50,False,980.0,1655.0,2210.0,589.0,411.0,90.0,,,http://www.cubadebate.cu/noticias/2025/02/10/union-electrica-pronostica-deficit-de-1525-mw-para-el-horario-pico-de-este-lunes/
1916252,2025-02-11,08:49:47,UNE prevé afectación de 1 460 MW por déficit de generación en horario pico este martes,1460.0,1390.0,1960.0,3350.0,1614.0,6:40,False,,,,,390.0,333.0,,,http://www.cubadebate.cu/noticias/2025/02/11/une-preve-afectacion-de-1-460-mw-por-deficit-de-generacion-en-horario-pico-este-martes/
1916436,2025-02-12,09:54:57,"UNE pronostica 1,870 MW de afectación eléctrica en pico nocturno",1870.0,1800.0,1490.0,3290.0,1736.0,6:40,False,,,,,,407.0,,,http://www.cubadebate.cu/noticias/2025/02/12/une-pronostica-1870-mw-de-afectacion-electrica-en-pico-nocturno/
1916627,2025-02-13,09:11:59,UNE pronostica afectación de 1810 MW en el horario pico nocturno,1810.0,1740.0,1460.0,3200.0,1770.0,7:20,True,1480.0,,,,,340.0,,,http://www.cubadebate.cu/noticias/2025/02/13/une-pronostica-afectacion-de-1810-mw-en-el-horario-pico-nocturno/
1916916,2025-02-14,08:48:23,La Unión Eléctrica pronostica una afectación de 1 435 MW para el horario pico nocturno,1435.0,1365.0,1735.0,3100.0,1668.0,7:50,True,,,,,,374.0,,,http://www.cubadebate.cu/noticias/2025/02/14/la-union-electrica-pronostica-una-afectacion-de-1-435-mw-para-el-horario-pico-nocturno/
1917084,2025-02-15,10:01:30,La Unión Eléctrica prevé afectación de 1 435 MW en horario pico nocturno de este sábado,1435.0,1365.0,1735.0,3100.0,1668.0,7:50,True,,,,,,374.0,,,http://www.cubadebate.cu/noticias/2025/02/15/la-union-electrica-preve-afectacion-de-1-435-mw-en-horario-pico-nocturno-de-este-sabado/
1917225,2025-02-16,09:16:46,Unión Eléctrica pronostica 1480 MW de déficit para el pico nocturno de este domingo,1480.0,1410.0,1840.0,3250.0,1735.0,6:40,False,,,,,,251.0,,,http://www.cubadebate.cu/noticias/2025/02/16/union-electrica-pronostica-1480-mw-de-deficit-para-el-pico-nocturno-de-este-domingo/
1917359,2025-02-17,08:30:43,Unión Eléctrica pronostica déficit de 1520 MW para el horario pico nocturno,1520.0,1450.0,1830.0,3280.0,1397.0,18:20,False,1100.0,1750.0,2410.0,695.0,293.0,,,,http://www.cubadebate.cu/noticias/2025/02/17/union-electrica-pronostica-deficit-de-1520-mw-para-el-horario-pico-nocturno/
1917517,2025-02-18,08:46:54,UNE prevé afectación de 1 620 MW en horario pico nocturno este martes,1620.0,1550.0,1800.0,3350.0,1695.0,6:40,True,,,,,,441.0,,,http://www.cubadebate.cu/noticias/2025/02/18/une-preve-afectacion-de-1-620-mw-en-horario-pico-nocturno-este-martes/
1917677,2025-02-19,08:31:40,UNE prevé afectación de 1680 MW para el horario pico nocturno,1680.0,1610.0,1590.0,3200.0,1709.0,19:10,True,1300.0,1455.0,2360.0,943.0,325.0,55.0,,,http://www.cubadebate.cu/noticias/2025/02/19/une-preve-afectacion-de-1680-mw-para-el-horario-pico-nocturno/
1917894,2025-02-20,09:53:56,"Unión Eléctrica estima déficit de 1510 MW en horario pico nocturno, con mayor incidencia en el centro oriente del país",1510.0,1440.0,1810.0,3250.0,1590.0,7:10,True,,,,,,200.0,,,http://www.cubadebate.cu/noticias/2025/02/20/union-electrica-estima-deficit-de-1510-mw-en-horario-pico-nocturno-con-mayor-incidencia-en-el-centro-oriente-del-pais/
1918073,2025-02-21,09:39:17,"Déficit en la generación eléctrica podría alcanzar los 1564 MW en horario pico nocturno, informó la Unión Eléctrica",1564.0,1494.0,1756.0,3250.0,1615.0,7:10,True,,,,,,418.0,,,http://www.cubadebate.cu/noticias/2025/02/21/deficit-en-la-generacion-electrica-podria-alcanzar-los-1564-mw-en-horario-pico-nocturno-informo-la-union-electrica/
1918229,2025-02-22,09:31:34,Unión Eléctrica estima afectación de 1 557 MW este sábado en horario pico,1557.0,1487.0,1603.0,3090.0,1567.0,7:20,True,,,,,,398.0,,,http://www.cubadebate.cu/noticias/2025/02/22/union-electrica-estima-afectacion-de-1-557-mw-este-sabado-en-horario-pico/
1918453,2025-02-23,11:33:50,La Unión Eléctrica estima una afectación de 1630 MW en el horario pico de este domingo,1630.0,1560.0,1590.0,3150.0,1642.0,18:40,True,1400.0,,,,250.0,,,,http://www.cubadebate.cu/noticias/2025/02/23/la-union-electrica-estima-una-afectacion-de-1630-mw-en-el-horario-pico-de-este-domingo/
1918610,2025-02-24,08:51:06,Unión Eléctrica estima déficit de 1736 MW durante el pico nocturno de este lunes,1736.0,1666.0,1484.0,3150.0,1572.0,7:20,True,,,,,,582.0,,,http://www.cubadebate.cu/noticias/2025/02/24/union-electrica-estima-deficit-de-1736-mw-durante-el-pico-nocturno-de-este-lunes/
1918776,2025-02-25,09:54:50,Unión Eléctrica estima déficit de 1592 MW para la jornada de este martes,1592.0,1522.0,1558.0,3080.0,1713.0,7:50,True,,,,,,422.0,,,http://www.cubadebate.cu/noticias/2025/02/25/union-electrica-estima-deficit-de-1450-mw-para-la-jornada-de-hoy/
1919002,2025-02-26,09:40:18,Unión Eléctrica pronostica afectación de 1 641 MW en pico nocturno de este miércoles,1641.0,1571.0,1629.0,3200.0,1748.0,7:10,True,,,,,,566.0,,,http://www.cubadebate.cu/noticias/2025/02/26/union-electrica-pronostica-afectacion-de-1-641-mw-en-pico-nocturno-de-este-miercoles/
1919197,2025-02-27,09:42:53,Unión Eléctrica pronostica afectación de 1550 MW,1550.0,1480.0,1720.0,3200.0,1680.0,7:40,True,,,,,,503.0,,,http://www.cubadebate.cu/noticias/2025/02/27/union-electrica-pronostica-afectacion-de-1550-mw/
1919329,2025-02-28,09:01:54,"La afectación al servicio eléctrico podría alcanzar los 1 625 MW durante el horario pico nocturno, según la UNE",1625.0,1625.0,,,1719.0,7:20,True,,,,,,,,,http://www.cubadebate.cu/noticias/2025/02/28/la-afectacion-al-servicio-electrico-podria-alcanzar-los-1-625-megawatts-durante-el-horario-pico-nocturno-segun-la-une/
1919481,2025-03-01,09:07:17,La Unión Eléctrica pronostica una afectación de 1 575 MW para el horario pico nocturno,1575.0,1505.0,1745.0,3250.0,1736.0,7:10,True,,,,,,,,,http://www.cubadebate.cu/noticias/2025/03/01/la-union-electrica-pronostica-una-afectacion-de-1-575-mw-para-el-horario-pico-nocturno/
1919698,2025-03-02,10:23:19,Unión Eléctrica prevé un déficit de 1312 MW para pico nocturno de este domingo,1312.0,1242.0,1908.0,3150.0,1456.0,19:10,False,,,,,,507.0,,,http://www.cubadebate.cu/noticias/2025/03/02/union-electrica-preve-un-deficit-de-1312-mw-para-pico-nocturno-de-este-domingo/
1919806,2025-03-03,08:53:39,La Unión Eléctrica pronostica una afectación de 1 597 MW para el horario pico nocturno,1597.0,1527.0,1723.0,3250.0,1562.0,19:10,False,,,,,,,,,http://www.cubadebate.cu/noticias/2025/03/03/la-union-electrica-pronostica-una-afectacion-de-1-597-mw-para-el-horario-pico-nocturno/
1919967,2025-03-04,08:52:13,Déficit de generación eléctrica estimado para pico nocturno de este martes asciende a 1 677 MW,1677.0,1607.0,1593.0,3200.0,1591.0,19:10,True,1400.0,,,,,571.0,,,http://www.cubadebate.cu/noticias/2025/03/04/deficit-de-generacion-electrica-estimado-para-pico-nocturno-de-este-martes-asciende-a-1-677-mw/
1920188,2025-03-05,09:06:41,UNE pronostica una afectación de 1 726 MW para pico nocturno de este miércoles,1726.0,1726.0,,,,,False,,,,,,514.0,,,http://www.cubadebate.cu/noticias/2025/03/05/une-pronostica-una-afectacion-de-1-726-mw-para-pico-nocturno-de-este-miercoles/
1920396,2025-03-06,08:59:37,La UNE prevé una afectación de 1344 MW para el horario pico de este jueves,1344.0,1274.0,1926.0,3200.0,1689.0,19:30,True,,,,,,80.0,,,http://www.cubadebate.cu/noticias/2025/03/06/la-une-preve-una-afectacion-de-1344-mw-para-el-horario-pico-de-este-jueves/
1920634,2025-03-07,09:12:43,UNE prevé afectación de 1 390 MW en horario pico este viernes,1390.0,1320.0,1930.0,3250.0,1624.0,6:30,True,,,,,,512.0,,,http://www.cubadebate.cu/noticias/2025/03/07/une-preve-afectacion-de-1-390-mw-en-horario-pico-este-viernes/
1920786,2025-03-08,09:10:43,UNE informa salida de la CTE Felton y estima afectación de 1469 MW para el pico nocturno de este sábado,1469.0,1399.0,1851.0,3250.0,1696.0,19:20,True,850.0,1800.0,2085.0,338.0,343.0,,,,http://www.cubadebate.cu/noticias/2025/03/08/une-informa-salida-de-la-cte-felton-y-estima-afectacion-de-1469-mw-para-el-pico-nocturno-de-este-sabado/
1920953,2025-03-09,09:55:33,La Unión Eléctrica pronostica una afectación de 1 300 MW para el horario pico nocturno,1300.0,1230.0,1820.0,3050.0,1401.0,,False,850.0,,,,343.0,,,,http://www.cubadebate.cu/noticias/2025/03/09/la-union-electrica-pronostica-una-afectacion-de-1-300-mw-para-el-horario-pico-nocturno/
1921095,2025-03-10,09:10:58,Unión Eléctrica estima afectación de 1 510 MW para el horario pico nocturno,1510.0,1440.0,1760.0,3200.0,1438.0,20:00,False,,,,,,383.0,,,http://www.cubadebate.cu/noticias/2025/03/10/union-electrica-estima-afectacion-de-1-510-mw-para-el-horario-pico-nocturno/
1921296,2025-03-11,09:23:09,Felton 1 se reincorpora al SEN: Afectación estimada de 1410 MW en pico nocturno de este martes,1410.0,1340.0,1860.0,3200.0,1552.0,19:40,True,,,,,,354.0,,,http://www.cubadebate.cu/noticias/2025/03/11/felton-1-se-reincorpora-al-sen-afectacion-estimada-de-1410-mw-en-pico-nocturno-de-este-martes/
1921607,2025-03-12,10:39:12,Unión Eléctrica estima afectación de 1 295 MW para el horario pico nocturno,1295.0,1225.0,1775.0,3000.0,990.0,19:40,False,,,,,,451.0,,,http://www.cubadebate.cu/noticias/2025/03/12/union-electrica-estima-afectacion-de-1-295-mw-para-el-horario-pico-nocturno/
1921797,2025-03-13,08:50:17,La Unión Eléctrica pronostica una afectación de 1 445 MW para el pico nocturno de este jueves,1445.0,1375.0,1875.0,3250.0,1505.0,20:00,False,,,,,,30.0,,,http://www.cubadebate.cu/noticias/2025/03/13/la-union-electrica-pronostica-una-afectacion-de-1-445-mw-para-el-pico-nocturno-de-este-jueves/
1922392,2025-03-17,09:24:15,La Unión Eléctrica pronostica una afectación de 1 355 MW para el horario pico nocturno,1355.0,1285.0,1995.0,3280.0,1601.0,,True,1200.0,,,,481.0,,,,http://www.cubadebate.cu/noticias/2025/03/17/la-union-electrica-pronostica-una-afectacion-de-1-355-mw-para-el-horario-pico-nocturno/
1922604,2025-03-18,09:06:32,UNE prevé afectación de 1 370 MW en horario pico este martes,1370.0,1300.0,1900.0,3200.0,1377.0,19:00,False,,,,,,176.0,,,http://www.cubadebate.cu/noticias/2025/03/18/une-preve-afectacion-de-1-370-mw-en-horario-pico-este-martes/
1923238,2025-03-21,09:23:39,Unión Eléctrica pronostica afectación de 1240 MW para el pico nocturno de este viernes,1240.0,1170.0,1980.0,3150.0,1238.0,19:50,False,,,,,,,,,http://www.cubadebate.cu/noticias/2025/03/21/union-electrica-pronostica-afectacion-de-1240-mw-para-el-pico-nocturno-de-este-viernes/
1923399,2025-03-22,09:52:37,La Unión Eléctrica pronostica una afectación de 1 150 MW para el horario pico nocturno,1150.0,1080.0,1970.0,3050.0,1238.0,20:00,False,550.0,,,,,,,,http://www.cubadebate.cu/noticias/2025/03/22/la-union-electrica-pronostica-una-afectacion-de-1-150-mw-para-el-horario-pico-nocturno/
1923555,2025-03-23,09:56:12,Para este domingo se prevé una afectación estimada de 1 130 MW en el horario pico,1130.0,1060.0,1960.0,3020.0,1154.0,19:50,False,,,,,,,383.0,,http://www.cubadebate.cu/noticias/2025/03/23/para-este-domingo-se-preve-una-afectacion-estimada-de-1-130-mw-en-el-horario-pico/
1923732,2025-03-24,09:26:23,La Unión Eléctrica pronostica una afectación de 1 423 MW para el horario pico nocturno,1423.0,1353.0,1897.0,3250.0,1475.0,20:00,False,850.0,,,,332.0,,337.0,,http://www.cubadebate.cu/noticias/2025/03/24/la-union-electrica-pronostica-una-afectacion-de-1-423-mw-para-el-horario-pico-nocturno/
1923958,2025-03-25,10:43:15,"La Unión Eléctrica pronostica una afectación de 1,390 MW para el horario pico nocturno",1390.0,1320.0,1940.0,3260.0,1454.0,20:20,False,900.0,,,,,,334.0,,http://www.cubadebate.cu/noticias/2025/03/25/la-union-electrica-pronostica-una-afectacion-de-1390-mw-para-el-horario-pico-nocturno/
1924213,2025-03-26,09:29:37,UNE pronostica este miércoles una afectación de 1405 MW (+Video),1405.0,1335.0,1865.0,3200.0,1618.0,19:50,True,950.0,1800.0,2050.0,276.0,,,247.0,,http://www.cubadebate.cu/noticias/2025/03/26/une-pronostica-este-miercoles-una-afectacion-de-1405-mw-video/
1924802,2025-03-29,10:12:33,Unión Eléctrica estima para el pico de este sábado afectación de 1 520 MW,1520.0,1450.0,1830.0,3280.0,1502.0,20:10,False,980.0,,,,,,579.0,,http://www.cubadebate.cu/noticias/2025/03/29/union-electrica-estima-para-el-pico-de-este-sabado-afectacion-de-1-520-mw/
1924958,2025-03-30,10:41:56,UNE pronóstica déficit en pico nocturno de 1570 MW,1570.0,1500.0,1800.0,3300.0,1624.0,19:50,True,1050.0,1700.0,2550.0,820.0,,,402.7,,http://www.cubadebate.cu/noticias/2025/03/30/une-pronostica-deficit-en-pico-nocturno-de-1570-mw/
1925084,2025-03-31,09:55:44,La Unión Eléctrica estima una afectación de 1 430 MW para el horario pico nocturno,1430.0,1360.0,1990.0,3350.0,1556.0,19:10,True,,,,,,485.0,817.0,,http://www.cubadebate.cu/noticias/2025/03/31/la-union-electrica-estima-una-afectacion-de-1-430-mw-para-el-horario-pico-nocturno/
1925297,2025-04-01,10:17:45,La Unión Eléctrica pronostica un déficit de 1580 MW para el horario pico nocturno,1580.0,1580.0,1870.0,,1536.0,19:50,True,,,,,,447.0,873.0,,http://www.cubadebate.cu/noticias/2025/04/01/la-union-electrica-pronostica-un-deficit-de-1580-mw-para-el-horario-pico-nocturno/
1925651,2025-04-02,09:30:39,UNE pronostica una afectación de 1560 MW para pico nocturno,1560.0,1490.0,1910.0,3400.0,1629.0,20:20,True,,,,,,460.0,958.0,,http://www.cubadebate.cu/noticias/2025/04/02/une-pronostica-una-afectacion-de-1560-mw-para-pico-nocturno/
1926268,2025-04-04,10:58:50,Unión Eléctrica: Afectación en horario pico nocturno de este 4 de abril asciende a 1680 MW,1680.0,1610.0,1840.0,3450.0,1619.0,20:00,True,,,,,,501.0,934.0,,http://www.cubadebate.cu/noticias/2025/04/04/union-electrica-afectacion-en-horario-pico-nocturno-de-este-4-de-abril-asciende-a-1680-mw/
1926427,2025-04-05,09:47:37,Unión Eléctrica estima afectación de 1 635 MW en horario pico este sábado,1635.0,1565.0,1885.0,3450.0,1727.0,20:10,True,,,,,,565.0,1004.0,,http://www.cubadebate.cu/noticias/2025/04/05/union-electrica-estima-afectacion-de-1-635-mw-en-horario-pico-este-sabado/
1926589,2025-04-06,08:58:50,Unión Eléctrica estima afectación de 1615 MW en pico nocturno de este domingo,1615.0,1545.0,1905.0,3450.0,1651.0,20:20,True,,,,,,423.0,999.0,,http://www.cubadebate.cu/noticias/2025/04/06/union-electrica-estima-afectacion-de-1615-mw-en-pico-nocturno-de-este-domingo/
1926760,2025-04-07,10:23:32,La Unión Eléctrica estima afectación de 1 706 MW para el horario pico nocturno este lunes,1706.0,1636.0,1864.0,3500.0,1808.0,20:40,True,,,,,,456.0,982.0,,http://www.cubadebate.cu/noticias/2025/04/07/la-union-electrica-estima-afectacion-de-1-706-mw-para-el-horario-pico-nocturno-este-lunes/
1926972,2025-04-08,10:31:00,La Unión Eléctrica pronostica un déficit de 1643 MW para el horario pico nocturno,1643.0,1573.0,1927.0,3500.0,1801.0,20:10,True,,,,,,307.0,1010.0,,http://www.cubadebate.cu/noticias/2025/04/08/la-union-electrica-pronostica-un-deficit-de-1643-mw-para-el-horario-pico-nocturno/
1927187,2025-04-09,09:51:31,Unión Eléctrica pronostica un déficit de 1 540 MW para el horario pico nocturno,1540.0,1470.0,1930.0,3400.0,1631.0,19:40,True,,,,,,345.0,803.0,,http://www.cubadebate.cu/noticias/2025/04/09/union-electrica-pronostica-un-deficit-de-1-540-mw-para-el-horario-pico-nocturno/
1927369,2025-04-10,09:33:53,La UNE calcula una afectación de 1540 MW para el horario pico de este jueves,1540.0,1470.0,1930.0,3400.0,1631.0,19:40,True,,,,,,345.0,803.0,,http://www.cubadebate.cu/noticias/2025/04/10/la-une-calcula-una-afectacion-de-1540-mw-para-el-horario-pico-de-este-jueves/
1927651,2025-04-12,10:11:26,Pronostican afectación de más de 1 500 MW durante el horario pico nocturno de este sábado,1500.0,1490.0,1810.0,3300.0,,20:20,False,,,,,,,,,http://www.cubadebate.cu/noticias/2025/04/12/pronostican-afectacion-de-mas-de-1-500-mw-durante-el-horario-pico-nocturno-de-este-sabado/
1927872,2025-04-13,10:06:36,Unión Eléctrica estima déficit de 1440 MW en pico nocturno,1440.0,1370.0,1930.0,3300.0,1588.0,20:00,True,,,,,,564.0,979.9,,http://www.cubadebate.cu/noticias/2025/04/13/union-electrica-estima-deficit-de-1440-mw-en-pico-nocturno/
1928146,2025-04-15,09:13:59,La UNE pronostica una afectación de 1640 MW para el horario pico,1640.0,1570.0,1820.0,3390.0,1601.0,20:20,True,,,,,,619.0,1039.99,,http://www.cubadebate.cu/noticias/2025/04/15/la-une-pronostica-una-afectacion-de-1640-mw-para-el-horario-pico/
1928272,2025-04-16,09:05:20,UNE prevé afectación de 1689 MW en horario pico,1689.0,1619.0,1731.0,3350.0,1623.0,20:20,True,,,,,,603.0,1026.0,,http://www.cubadebate.cu/noticias/2025/04/16/une-preve-afectacion-de-1689-mw-en-horario-pico/
1928504,2025-04-17,09:17:32,Unión Eléctrica pronostica una afectación de 1 701 MW para el horario pico nocturno de este jueves,1701.0,1631.0,1769.0,3400.0,1742.0,20:20,True,,,,,,614.0,1013.6,,http://www.cubadebate.cu/noticias/2025/04/17/une-pronostica-una-afectacion-de-1-701mw-para-el-horario-pico-nocturno-de-este-jueves/
1928716,2025-04-18,12:04:58,Unión Eléctrica estima afectación de 1 435 MW para pico nocturno de este viernes,1435.0,980.0,1600.0,2650.0,,,False,,,,,,150.0,,,http://www.cubadebate.cu/noticias/2025/04/18/union-electrica-estima-afectacion-de-1-435-mw-para-pico-nocturno-de-este-viernes/
1928862,2025-04-19,09:13:54,Unión Eléctrica estima afectación de 1 435 MW en horario pico este sábado,1435.0,1365.0,2035.0,3400.0,,,False,,,,,,627.0,,,http://www.cubadebate.cu/noticias/2025/04/19/union-electrica-estima-afectacion-de-1-435-mw-en-horario-pico-este-sabado/
1929001,2025-04-20,08:20:51,Unión Eléctrica pronostica 1766 MW de afectación en pico nocturno,1766.0,1696.0,1654.0,3350.0,1678.0,20:50,True,1350.0,1450.0,2500.0,928.0,265.0,,923.6,,http://www.cubadebate.cu/noticias/2025/04/20/union-electrica-pronostica-1766-mw-de-afectacion-en-pico-nocturno/
1929192,2025-04-21,09:27:33,La Unión Eléctrica pronostica una afectación de 1 858 MW para el horario pico nocturno,1858.0,1798.0,1652.0,3450.0,1767.0,20:30,True,,,,,,466.0,906.0,,http://www.cubadebate.cu/noticias/2025/04/21/la-union-electrica-pronostica-una-afectacion-de-1-858-mw-para-el-horario-pico-nocturno/
1929424,2025-04-22,10:02:13,La Unión Eléctrica pronostica una afectación de 1 668 MW para el horario pico nocturno,1668.0,1598.0,1752.0,3350.0,1736.0,19:50,True,,,,,,474.0,986.0,,http://www.cubadebate.cu/noticias/2025/04/22/la-union-electrica-pronostica-una-afectacion-de-1-668-mw-para-el-horario-pico-nocturno/
1929645,2025-04-23,10:31:19,La UNE pronostica una afectación de 1716 MW para el horario pico de este miércoles,1716.0,1646.0,1704.0,3350.0,1662.0,19:50,True,,,,,,649.0,1138.0,,http://www.cubadebate.cu/noticias/2025/04/23/la-une-pronostica-una-afectacion-de-1668-mw-para-el-horario-pico-de-este-miercoles/
1929871,2025-04-24,07:59:29,UNE: Afectaciones por déficit superarán los 1 700 MW este jueves en el horario pico nocturno,1700.0,1660.0,1720.0,3380.0,1901.0,20:10,True,1280.0,1660.0,2780.0,1150.0,321.0,,1064.0,,http://www.cubadebate.cu/noticias/2025/04/24/une-afectaciones-por-deficit-superaran-los-1-700-mw-este-jueves-en-el-horario-pico-nocturno/
1930135,2025-04-25,09:05:44,Unión Eléctrica pronostica déficit de 1800 MW para el pico nocturno de este viernes,1800.0,1730.0,1650.0,3380.0,1680.0,19:20,True,,,,,,725.0,986.0,,http://www.cubadebate.cu/noticias/2025/04/25/union-electrica-pronostica-deficit-de-1800-mw-para-el-pico-nocturno-de-este-viernes/
1930427,2025-04-26,11:59:34,La Unión Eléctrica pronostica una afectación de 1 699 MW para el horario pico nocturno,1699.0,1629.0,1771.0,3400.0,1867.0,20:10,True,1380.0,,,,,131.0,966.0,,http://www.cubadebate.cu/noticias/2025/04/26/la-union-electrica-pronostica-una-afectacion-de-1-800-mw-para-el-horario-pico-nocturno/
1930580,2025-04-27,10:09:24,La Unión Eléctrica pronostica una afectación de 1 513 MW para el horario pico nocturno,1513.0,1443.0,1857.0,3300.0,1617.0,19:20,True,950.0,,,,,656.0,,,http://www.cubadebate.cu/noticias/2025/04/27/la-union-electrica-pronostica-una-afectacion-de-1-513-mw-para-el-horario-pico-nocturno/
1930700,2025-04-28,09:51:24,La Unión Eléctrica pronostica una afectación de 1 423 MW para el horario pico de este lunes,1423.0,1353.0,1947.0,3300.0,1450.0,20:20,True,980.0,,,,,666.0,984.0,,http://www.cubadebate.cu/noticias/2025/04/28/la-union-electrica-pronostica-una-afectacion-de-1-423-mw-para-el-horario-pico-de-este-lunes/
1930875,2025-04-29,09:29:39,La Unión Eléctrica pronostica una afectación de 1 620 MW para el horario pico nocturno,1620.0,1550.0,1870.0,3420.0,1697.0,20:20,True,1100.0,,,,,706.0,1077.0,,http://www.cubadebate.cu/noticias/2025/04/29/la-union-electrica-pronostica-una-afectacion-de-1-620-mw-para-el-horario-pico-nocturno/
1931131,2025-04-30,09:43:21,Unión Eléctrica pronostica una afectación de 1 530 MW para el pico nocturno de este miércoles,1530.0,1460.0,1940.0,3400.0,1639.0,20:50,True,1200.0,,,,368.0,,1036.0,,http://www.cubadebate.cu/noticias/2025/04/30/union-electrica-pronostica-una-afectacion-de-1-530-mw-para-el-pico-nocturno-de-este-miercoles/
1931445,2025-05-01,11:50:48,La Unión Eléctrica pronostica una afectación de 1 185 MW para el horario pico de este jueves,1185.0,1115.0,2035.0,3150.0,1587.0,20:20,True,780.0,,,,,558.0,940.0,,http://www.cubadebate.cu/noticias/2025/05/01/la-union-electrica-pronostica-una-afectacion-de-1-185-mw-para-el-horario-pico-de-este-jueves/
1931842,2025-05-02,11:58:46,Unión Eléctrica: Déficit de generación para horario nocturno se estima alcance los 1406 MW,1406.0,1336.0,2014.0,3350.0,1337.0,20:20,True,1150.0,,,,,552.0,1120.0,,http://www.cubadebate.cu/noticias/2025/05/02/union-electrica-deficit-de-generacion-para-horario-nocturno-se-estima-alcance-los-1406-mw/
1931980,2025-05-03,08:39:59,UNE pronostica una afectación de 1 417 MW para el horario pico nocturno,1417.0,1347.0,2053.0,3400.0,1683.0,19:50,True,1180.0,,,,,577.0,1103.0,,http://www.cubadebate.cu/noticias/2025/05/03/une-pronostica-una-afectacion-de-1-417-mw-para-el-horario-pico-nocturno/
1932404,2025-05-05,09:10:26,La Unión Eléctrica pronostica una afectación de 1 680 MW para el horario pico nocturno,1680.0,1610.0,1790.0,3400.0,1450.0,20:50,True,1350.0,,,,,610.0,938.0,,http://www.cubadebate.cu/noticias/2025/05/05/la-union-electrica-pronostica-una-afectacion-de-1-680-mw-para-el-horario-pico-nocturno/
1932594,2025-05-06,10:03:54,La Unión Eléctrica pronostica una afectación de 1 575 MW para el horario pico nocturno,1575.0,1505.0,1875.0,3380.0,1730.0,21:50,True,1380.0,,,,,100.0,1040.0,,http://www.cubadebate.cu/noticias/2025/05/06/la-union-electrica-pronostica-una-afectacion-de-1-575-mw-para-el-horario-pico-nocturno-2/
1933015,2025-05-08,09:44:16,La UNE pronostica una afectación de 1540 MW en el pico nocturno de este jueves,1540.0,1470.0,1910.0,3380.0,1632.0,20:00,True,1100.0,,,,,,1127.0,,http://www.cubadebate.cu/noticias/2025/05/08/la-une-pronostica-una-afectacion-de-1540-mw-en-el-pico-nocturno-de-este-jueves/
1933507,2025-05-10,09:42:06,"Con Guiteras en proceso de arranque, la UNE estima afectación de 1 240 MW en horario pico este sábado",1240.0,1170.0,2180.0,3350.0,1571.0,20:40,True,1040.0,,,,,200.0,1131.0,,http://www.cubadebate.cu/noticias/2025/05/10/con-guiteras-en-proceso-de-arranque-la-une-estima-afectacion-de-1-240-mw-en-horario-pico-este-sabado/
1933675,2025-05-11,08:57:13,UNE prevé afectación de 1 070 MW durante horario pico este domingo,1070.0,1000.0,2200.0,3200.0,1384.0,21:00,True,700.0,,,,357.0,,1189.0,,http://www.cubadebate.cu/noticias/2025/05/11/une-preve-afectacion-de-1-070-mw-durante-horario-pico-este-domingo/
1933823,2025-05-12,09:48:43,La Unión Eléctrica pronostica una afectación de 1 510 MW para el horario pico nocturno,1510.0,1440.0,1910.0,3350.0,1074.0,21:20,True,1100.0,,,,,,980.0,,http://www.cubadebate.cu/noticias/2025/05/12/la-union-electrica-pronostica-una-afectacion-de-1-510-mw-para-el-horario-pico-nocturno-2/
1933940,2025-05-13,08:54:30,UNE prevé afectación de 1 510 MW en horario pico este martes,1510.0,1440.0,1910.0,3350.0,1535.0,20:10,True,1150.0,,,,,494.0,849.0,,http://www.cubadebate.cu/noticias/2025/05/13/une-preve-afectacion-de-1-510-mw-en-horario-pico-este-martes/
1934134,2025-05-14,09:41:29,UNE estima afectación de 1330 MW en el horario de máxima demanda,1330.0,1330.0,,,,,False,,,,,,471.0,976.0,,http://www.cubadebate.cu/noticias/2025/05/14/une-estima-afectacion-de-1330-mw-en-el-horario-de-maxima-demanda/
1934378,2025-05-15,09:40:03,La Unión Eléctrica pronostica una afectación de 1 460 MW para el horario pico nocturno,1460.0,1390.0,1990.0,3380.0,1475.0,20:40,True,1250.0,,,,,240.0,1108.0,,http://www.cubadebate.cu/noticias/2025/05/15/la-union-electrica-pronostica-una-afectacion-de-1-460-mw-para-el-horario-pico-nocturno/
1934551,2025-05-16,09:48:49,Unión Eléctrica estima déficit en horario pico nocturno de 1485 MW,1485.0,1415.0,1935.0,3350.0,1506.0,20:50,True,1080.0,,,,,500.0,1285.0,,http://www.cubadebate.cu/noticias/2025/05/16/union-electrica-estima-deficit-en-horario-pico-nocturno-de-1485-mw/
1934766,2025-05-17,09:20:50,La Unión Eléctrica pronostica una afectación de 1 530 MW para el horario pico nocturno,1530.0,1460.0,1890.0,3350.0,1584.0,21:00,True,1100.0,,,,,514.0,1517.0,,http://www.cubadebate.cu/noticias/2025/05/17/la-union-electrica-pronostica-una-afectacion-de-1-530-mw-para-el-horario-pico-nocturno/
1935046,2025-05-18,08:45:10,Salida de Céspedes 3 eleva el pronóstico de déficit a 1615 MW para pico nocturno de este domingo,1615.0,1545.0,1855.0,3400.0,1638.0,22:00,True,1250.0,1715.0,2900.0,1035.0,288.0,,1449.0,,http://www.cubadebate.cu/noticias/2025/05/18/salida-de-cespedes-3-eleva-el-pronostico-de-deficit-a-1615-mw-para-pico-nocturno-de-este-domingo/
1935121,2025-05-19,08:24:04,La Unión Eléctrica pronostica una afectación de 1 645 MW para el horario pico de este lunes,1645.0,1575.0,1875.0,3450.0,1465.0,21:20,True,1050.0,,,,,388.0,1462.0,,http://www.cubadebate.cu/noticias/2025/05/19/la-union-electrica-pronostica-una-afectacion-de-1-645-mw-para-el-horario-pico-de-este-lunes/
1935349,2025-05-20,09:05:56,La Unión Eléctrica pronostica una afectación de 1 700 MW para el horario pico,1700.0,1700.0,,,1749.0,21:40,True,1200.0,,,,,445.0,1283.0,,http://www.cubadebate.cu/noticias/2025/05/20/1935349/
1935587,2025-05-21,09:46:54,Unión Eléctrica pronostica afectación de 1 770 MW para el pico nocturno de este miércoles,1770.0,1107.0,1800.0,2950.0,,,True,,,,,,,,,http://www.cubadebate.cu/noticias/2025/05/21/union-electrica-pronostica-afectacion-de-1-770-mw-para-el-pico-nocturno-de-este-miercoles/
1935829,2025-05-22,09:24:44,La Unión Eléctrica estima una afectación de 1 570 MW en el horario pico nocturno,1570.0,1570.0,,,1578.0,21:00,True,1080.0,,,,,291.0,1369.0,,http://www.cubadebate.cu/noticias/2025/05/22/la-union-electrica-estima-una-afectacion-de-1-770-mw-en-este-horario/
1936183,2025-05-24,10:39:02,"Afectaciones eléctricas superarán los 1 500 megawatts en horario pico de este sábado, según la UNE",1570.0,1570.0,,3400.0,,,False,,,,,,369.0,,,http://www.cubadebate.cu/noticias/2025/05/24/afectaciones-electricas-superaran-los-1-500-megawatts-en-horario-pico-de-este-sabado-segun-la-une/
1936330,2025-05-25,09:26:34,Unión Eléctrica: Persisten afectaciones con déficit superior a 1500 MW,1500.0,1500.0,,,1619.0,22:20,False,1200.0,,,,,441.0,,,http://www.cubadebate.cu/noticias/2025/05/25/union-electrica-persisten-afectaciones-con-deficit-superior-a-1500-mw/
1936484,2025-05-26,09:24:07,La Unión Eléctrica pronostica una afectación de 1 635 MW para el horario pico nocturno,1635.0,1565.0,1935.0,3500.0,1567.0,21:00,True,1200.0,,,,,508.0,1437.0,,http://www.cubadebate.cu/noticias/2025/05/26/la-union-electrica-pronostica-una-afectacion-de-1-635-mw-para-el-horario-pico-nocturno/
1936619,2025-05-27,09:30:34,UNE prevé afectación de 1 510 MW durante horario pico este martes,1510.0,1440.0,2040.0,3480.0,1497.0,22:40,True,,,,,387.0,,1268.0,,http://www.cubadebate.cu/noticias/2025/05/27/une-preve-afectacion-de-1-510-mw-durante-horario-pico-este-martes/
1936773,2025-05-28,08:58:20,Persisten afectaciones en el servicio eléctrico con déficit estimado de 1425 MW,1425.0,1425.0,,,,10:00,True,,,,,,450.0,,,http://www.cubadebate.cu/noticias/2025/05/28/persisten-afectaciones-en-el-servicio-electrico-con-deficit-estimado-de-1425-mw/
1937053,2025-05-29,10:23:20,Unión Eléctrica estima déficit de 1552 MW durante el pico nocturno de este jueves,1552.0,1482.0,2068.0,,1630.0,21:50,True,,,,,,,,,http://www.cubadebate.cu/noticias/2025/05/29/union-electrica-estima-deficit-de-1552-mw-durante-el-pico-nocturno-de-este-jueves/
1937244,2025-05-30,10:22:05,Unión Eléctrica: Déficit de generación estimado en 1540 MW para horario pico nocturno de este 30 de mayo,1540.0,1470.0,2030.0,3500.0,1582.0,22:00,True,,,,,,,,324.0,http://www.cubadebate.cu/noticias/2025/05/30/union-electrica-deficit-de-generacion-estimado-en-1540-mw-para-horario-pico-nocturno-de-este-30-de-mayo/
1937452,2025-05-31,10:50:31,Unión Eléctrica estima afectación de 1 620 MW para horario pico de este sábado,1620.0,1550.0,1900.0,3450.0,1478.0,22:10,True,,,,,343.0,,,317.0,http://www.cubadebate.cu/noticias/2025/05/31/union-electrica-estima-afectacion-de-1-620-mw-para-horario-pico-de-este-sabado/
1937629,2025-06-01,08:49:05,UNE pronostica 1590 MW de déficit en pico nocturno de este domingo,1590.0,1590.0,,,1530.0,19:20,True,1250.0,1840.0,2888.0,1105.0,315.0,,1263.0,312.0,http://www.cubadebate.cu/noticias/2025/06/01/une-pronostica-1590-mw-de-deficit-en-pico-nocturno-de-este-domingo/
1937732,2025-06-02,10:56:40,Unión Eléctrica estima afectación de 1680 MW en horario pico de hoy,1680.0,1680.0,,,1717.0,22:30,False,1300.0,,,,,364.0,,,http://www.cubadebate.cu/noticias/2025/06/02/union-electrica-estima-afectacion-de-1680-mw-en-horario-pico-de-hoy/
1937907,2025-06-03,09:22:52,Unión Eléctrica pronostica una afectación de 1272 MW para el pico nocturno de este martes,1272.0,1272.0,,,1526.0,20:20,True,1080.0,,,,,260.0,675.0,167.0,http://www.cubadebate.cu/noticias/2025/06/03/union-electrica-pronostica-una-afectacion-de-1272-mw-para-el-pico-nocturno-de-este-martes/
1938029,2025-06-04,10:11:23,La UNE pronostica para el pico nocturno de este miércoles una afectación de 1290 MW,1290.0,1220.0,2080.0,3300.0,1289.0,21:00,True,800.0,,,,,413.0,960.0,240.0,http://www.cubadebate.cu/noticias/2025/06/04/la-une-pronostica-una-afectacion-de-1290-mw/
1938252,2025-06-05,09:45:45,UNE pronostica afectación de 1 160 MW para el pico nocturno de este jueves,1160.0,1090.0,2110.0,3200.0,1196.0,20:10,True,800.0,2050.0,2750.0,700.0,,411.0,1133.0,208.0,http://www.cubadebate.cu/noticias/2025/06/05/une-pronostica-afectacion-de-1-160-mw-para-el-pico-nocturno-de-este-jueves/
1938552,2025-06-06,09:42:32,Unión Eléctrica pronostica déficit de 1480 MW para el pico nocturno de este viernes,1480.0,1410.0,2040.0,3450.0,1531.0,21:20,True,1150.0,2040.0,2940.0,970.0,,476.0,1495.0,405.0,http://www.cubadebate.cu/noticias/2025/06/06/union-electrica-pronostica-deficit-de-1480-mw-para-el-pico-nocturno-de-este-viernes/
1938693,2025-06-07,09:24:05,La Unión Eléctrica estima una afectación de 1 510 MW para el horario pico nocturno,1510.0,1440.0,2010.0,3450.0,1500.0,,True,970.0,,,,,534.0,1463.0,387.0,http://www.cubadebate.cu/noticias/2025/06/07/la-union-electrica-estima-una-afectacion-de-1-510-mw-para-el-horario-pico-nocturno/
1938940,2025-06-08,09:02:48,Unión Eléctrica estima afectación de 1 510 MW este domingo en horario pico,1510.0,1440.0,1990.0,3430.0,1493.0,22:50,True,970.0,,,,,570.0,1503.0,440.0,http://www.cubadebate.cu/noticias/2025/06/08/union-electrica-estima-afectacion-de-1-510-mw-este-domingo-en-horario-pico/
1939044,2025-06-09,08:59:55,Unión Eléctrica estima afectación de 1 570 MW en pico nocturno de este lunes,1570.0,1500.0,2000.0,3500.0,1533.0,22:00,False,,,,,,410.0,,,http://www.cubadebate.cu/noticias/2025/06/09/union-electrica-estima-afectacion-de-1-570-mw-en-pico-nocturno-de-este-lunes/
1939225,2025-06-10,09:13:12,UNE prevé afectación de 1 630 MW en horario pico este martes,1630.0,1560.0,1940.0,3500.0,1587.0,21:30,True,,,,,,469.0,1667.0,424.0,http://www.cubadebate.cu/noticias/2025/06/10/une-preve-afectacion-de-1-630-mw-en-horario-pico-este-martes/
1939376,2025-06-11,10:21:08,UNE pronostica una afectación de 1640 MW en pico nocturno,1640.0,1570.0,1930.0,3500.0,1655.0,22:00,True,1180.0,1785.0,2940.0,1203.0,,493.0,1374.0,386.0,http://www.cubadebate.cu/noticias/2025/06/11/une-pronostica-una-afectacion-de-1640-mw-en-pico-nocturno/
1939552,2025-06-12,08:55:29,Unión Eléctrica prevé una afectación de 1 545 MW en el horario pico de este jueves,1545.0,1475.0,1775.0,3250.0,1462.0,20:50,True,1200.0,,,,,489.0,1289.0,366.0,http://www.cubadebate.cu/noticias/2025/06/12/union-electrica-preve-una-afectacion-de-1-545-mw-en-el-horario-pico-de-este-jueves/
1939734,2025-06-13,09:32:56,Unión Eléctrica pronostica déficit de 1625 para el pico nocturno de este viernes,1625.0,1555.0,1795.0,3350.0,1626.0,22:40,True,1280.0,1650.0,2800.0,1175.0,345.0,65.0,1456.0,416.0,http://www.cubadebate.cu/noticias/2025/06/13/union-electrica-pronostica-deficit-de-1625-para-el-pico-nocturno-de-este-viernes/
1939879,2025-06-14,09:12:30,Prevén afectación de 1 590 megawatts durante el horario pico de este sábado,1520.0,1520.0,,3450.0,1757.0,23:20,True,1200.0,,,,,542.0,1528.0,,http://www.cubadebate.cu/noticias/2025/06/14/preven-afectacion-de-1-590-megawatts-durante-el-horario-pico-de-este-sabado/
1940054,2025-06-15,08:46:40,Unión Eléctrica estima en 1425 MW el déficit en pico nocturno para este domingo,1425.0,1355.0,1845.0,3200.0,1669.0,22:00,True,1200.0,1845.0,2948.0,1128.0,,446.0,1653.0,368.0,http://www.cubadebate.cu/noticias/2025/06/15/union-electrica-estima-en-1425-mw-el-deficit-en-pico-nocturno-para-este-domingo/
1940173,2025-06-16,09:32:30,Unión Eléctrica pronostica afectación de 1650 MW en el horario pico de hoy,1650.0,1650.0,,,,,False,,,,,,,,,http://www.cubadebate.cu/noticias/2025/06/16/union-electrica-pronostica-afectacion-de-1650-en-el-horario-pico-de-hoy/
1940278,2025-06-17,09:04:43,Unión Eléctrica pronostica afectación de 1600 MW en el horario pico,1600.0,1530.0,1870.0,3400.0,,,True,1200.0,,,,,501.0,1527.0,392.0,http://www.cubadebate.cu/noticias/2025/06/17/union-electrica-pronostica-afectacion-de-1600-mw-en-el-horario-pico/
1940479,2025-06-18,08:25:29,Unión Eléctrica pronostica afectación de 1729 MW en pico de este miércoles,1729.0,1659.0,1841.0,3500.0,1763.0,21:20,True,1150.0,,,,,,1612.0,412.0,http://www.cubadebate.cu/noticias/2025/06/18/union-electrica-pronostica-afectacion-de-1729-mw-en-pico-de-este-miercoles/
1940667,2025-06-19,09:19:49,Unión Eléctrica pronostica afectación de 1690 MW en horario pico de este jueves,1690.0,1620.0,1880.0,3500.0,1684.0,22:00,True,1150.0,,,,434.0,,1790.0,377.0,http://www.cubadebate.cu/noticias/2025/06/19/union-electrica-pronostica-afectacion-de-1690-mw-en-horario-pico-de-este-jueves/
1940873,2025-06-20,09:06:33,Unión Eléctrica estima déficit de generación superior a 1 600 MW en horario pico de este viernes,1600.0,1590.0,1910.0,3500.0,1730.0,21:40,True,,,,,456.0,,1765.0,382.0,http://www.cubadebate.cu/noticias/2025/06/20/union-electrica-estima-deficit-de-generacion-superior-a-1-600-mw-en-horario-pico-de-este-viernes/
1940984,2025-06-21,08:51:59,Unión Eléctrica estima déficit de 1 700 MW en el horario pico este sábado,1700.0,1700.0,1850.0,3550.0,1838.0,22:30,True,1350.0,,,,433.0,,1748.0,371.0,http://www.cubadebate.cu/noticias/2025/06/21/union-electrica-estima-deficit-de-1-700-mw-en-el-horario-pico-este-sabado/
1941134,2025-06-22,09:39:21,La Unión Eléctrica pronostica una afectación de 1 750 MW para el horario pico nocturno,1750.0,1680.0,1820.0,3500.0,1880.0,21:00,True,1150.0,,,,492.0,,1808.0,393.0,http://www.cubadebate.cu/noticias/2025/06/22/la-union-electrica-pronostica-una-afectacion-de-1-750-mw-para-el-horario-pico-nocturno/
1941283,2025-06-23,08:50:19,Unión Eléctrica estima afectación de 1770 MW en la máxima demanda de hoy,1770.0,1770.0,,,1650.0,21:50,True,1250.0,,,,,738.0,,,http://www.cubadebate.cu/noticias/2025/06/23/union-electrica-estima-afectacion-de-1770-mw-en-la-maxima-demanda-de-hoy/
1941442,2025-06-24,09:22:43,UNE prevé afectación de 1 790 MW en horario pico este martes,1790.0,1720.0,1830.0,3550.0,1760.0,22:00,True,1250.0,,,,375.0,788.0,1756.0,368.0,http://www.cubadebate.cu/noticias/2025/06/24/une-preve-afectacion-de-1-790-mw-en-horario-pico-este-martes/
1941560,2025-06-25,10:40:10,Unión Eléctrica pronostica afectación de 1 835 MW para el horario pico-nocturno,1835.0,1765.0,1805.0,3570.0,1882.0,21:50,True,1350.0,1805.0,3070.0,1291.0,374.0,,1457.0,336.0,http://www.cubadebate.cu/noticias/2025/06/25/union-electrica-pronostica-afectacion-de-1-835-mw-para-el-horario-pico-nocturno/
1941740,2025-06-26,08:37:34,Unión Eléctrica pronostica una afectación de 1 825 MW en el horario pico,1825.0,1755.0,1815.0,3570.0,1765.0,21:40,True,1250.0,,,,,851.0,1163.0,291.0,http://www.cubadebate.cu/noticias/2025/06/26/union-electrica-pronostica-una-afectacion-de-1-825-mw-en-el-horario-pico/
1941886,2025-06-27,08:25:12,Unión Eléctrica estima déficit de generación superior a 1800 MW para horario nocturno de este viernes,1800.0,1870.0,1700.0,3570.0,1691.0,22:00,True,1450.0,,,,,573.0,1220.0,287.0,http://www.cubadebate.cu/noticias/2025/06/27/union-electrica-estima-deficit-de-generacion-superior-a-1800-mw-para-horario-nocturno-de-este-viernes/
1942072,2025-06-28,08:40:56,UNE: Prevén déficit de 1 977 MW en horario pico de este sábado,1977.0,1977.0,,,1888.0,22:00,True,1550.0,,,,,618.0,,,http://www.cubadebate.cu/noticias/2025/06/28/une-preven-deficit-de-1-977-mw-en-horario-pico-de-este-sabado/
1942260,2025-06-29,08:58:27,"Unión Eléctrica estima un déficit en el pico nocturo de 1753 MW, tras la incorporación de dos unidades",1753.0,1683.0,1917.0,3600.0,1936.0,21:40,True,1650.0,1625.0,3100.0,1467.0,,860.0,1775.0,360.0,http://www.cubadebate.cu/noticias/2025/06/29/union-electrica-estima-un-deficit-en-el-pico-nocturo-no-de-1753-mw-tras-la-incorporacion-de-dos-unidades/
1942334,2025-06-30,08:59:16,La Unión Eléctrica pronostica una afectación de 1 595 MW para el horario pico nocturno,1595.0,1525.0,2055.0,3580.0,1829.0,21:00,True,1450.0,,,,,796.0,1720.0,378.0,http://www.cubadebate.cu/noticias/2025/06/30/la-union-electrica-pronostica-una-afectacion-de-1-595-mw-para-el-horario-pico-nocturno/
1942583,2025-07-01,09:33:19,La Unión Eléctrica estima una afectación de 1575 MW para el horario pico de este martes,1575.0,1505.0,1995.0,3500.0,1759.0,21:00,True,1150.0,,,,,860.0,1504.0,318.0,http://www.cubadebate.cu/noticias/2025/07/01/la-union-electrica-estima-una-afectacion-de-1575-mw-para-el-horario-pico-de-este-martes/
1943130,2025-07-03,09:11:03,Unión Eléctrica estima una afectación de 1650 MW para la máxima demanda de hoy,1650.0,1650.0,,,,22:40,True,1050.0,,,,,,1852.0,,http://www.cubadebate.cu/noticias/2025/07/03/union-electrica-estima-una-afectacion-de-1650-mw-para-la-maxima-demanda-de-hoy/
1943351,2025-07-04,08:55:58,UNE pronostica una afectación de 1535 MW en pico nocturno,1535.0,1465.0,2135.0,3600.0,1767.0,22:20,True,1100.0,2020.0,3150.0,1180.0,,862.0,1802.0,424.0,http://www.cubadebate.cu/noticias/2025/07/04/une-pronostica-una-afectacion-de-1535-mw-en-pico-nocturno/
1943971,2025-07-05,08:18:46,Unión Eléctrica estima para este sábado afectación de 1 645 MW en horario pico,1645.0,1575.0,2075.0,3650.0,1685.0,22:30,True,1050.0,,,,,55.0,1660.0,461.0,http://www.cubadebate.cu/noticias/2025/07/05/union-electrica-estima-para-este-sabado-afectacion-de-1-645-mw-en-horario-pico/
1944118,2025-07-06,08:40:51,Unión Eléctrica pronostica un déficit de 1535 MW en pico nocturno,1535.0,1465.0,2135.0,3600.0,1641.0,23:00,True,950.0,2085.0,3000.0,1020.0,411.0,,1971.0,469.0,http://www.cubadebate.cu/noticias/2025/07/06/union-electrica-pronostica-un-deficit-de-1535-mw-en-pico-nocturno/
1944334,2025-07-07,09:06:44,La Unión Eléctrica pronostica una afectación de 1 370 MW para el horario pico nocturno,1370.0,1300.0,2250.0,3550.0,1453.0,22:30,True,800.0,,,,,715.0,1917.0,478.0,http://www.cubadebate.cu/noticias/2025/07/07/la-union-electrica-pronostica-una-afectacion-de-1-370-mw-para-el-horario-pico-nocturno/
1944488,2025-07-08,08:59:03,UNE prevé una afectación de 1 530 MW en el horario pico este martes,1530.0,1460.0,2090.0,3550.0,1473.0,20:00,True,1050.0,,,,,652.0,2140.0,430.0,http://www.cubadebate.cu/noticias/2025/07/08/une-preve-una-afectacion-de-1-530-mw-en-el-horario-pico-este-martes/
1944607,2025-07-09,08:19:41,Unión Eléctrica pronostica afectación de 1 630 MW para el horario pico-nocturno,1630.0,1560.0,2120.0,3680.0,1767.0,23:20,True,1180.0,2020.0,3200.0,1242.0,,581.0,1938.0,385.0,http://www.cubadebate.cu/noticias/2025/07/09/union-electrica-pronostica-afectacion-de-1-630-mw-para-el-horario-pico-nocturno/
1944842,2025-07-10,09:22:51,Unión Eléctrica pronostica una afectación de 1485 MW en el horario pico de este jueves,1485.0,1415.0,2265.0,3680.0,1785.0,21:30,True,950.0,,,,,598.0,1672.0,377.0,http://www.cubadebate.cu/noticias/2025/07/10/union-electrica-pronostica-una-afectacion-de-1485-mw-en-el-horario-pico-de-este-jueves/
1944980,2025-07-11,08:56:56,La Unión Eléctrica pronostica una afectación de 1 345 MW para el horario pico nocturno,1345.0,1275.0,2305.0,3580.0,1509.0,22:00,True,950.0,,,,,517.0,1703.0,401.0,http://www.cubadebate.cu/noticias/2025/07/11/la-union-electrica-pronostica-una-afectacion-de-1-345-mw-para-el-horario-pico-nocturno/
1945170,2025-07-12,09:18:52,La Unión Eléctrica pronostica una afectación de 1540 para el horario pico nocturno,1540.0,1470.0,2180.0,3650.0,1666.0,21:10,True,980.0,,,,,586.0,2012.0,483.0,http://www.cubadebate.cu/noticias/2025/07/12/la-union-electrica-pronostica-una-afectacion-de-1540-para-el-horario-pico-nocturno/
1945378,2025-07-13,09:11:25,Unión Eléctrica pronostica una afectación de 1370 MW en el horario pico de este domingo,1370.0,1300.0,2300.0,3600.0,1431.0,22:40,True,1050.0,,,,,70.0,2165.0,503.0,http://www.cubadebate.cu/noticias/2025/07/13/union-electrica-pronostica-una-afectacion-de-1370-mw-en-el-horario-pico-de-este-domingo/
1945548,2025-07-14,11:28:38,UNE: Pronostican afectación de 1 825 megawatts para el horario pico nocturno de este lunes,,,1925.0,,1732.0,22:40,False,,,,,,681.0,,,http://www.cubadebate.cu/noticias/2025/07/14/une-pronostican-afectacion-de-1-825-megawatts-para-el-horario-pico-nocturno-de-este-lunes/
1945855,2025-07-15,08:59:07,Unión Eléctrica pronostica afectación de 1770 MW para el pico nocturno de este martes,1770.0,1700.0,1970.0,3670.0,1673.0,22:00,True,,,,,,,,544.0,http://www.cubadebate.cu/noticias/2025/07/15/union-electrica-pronostica-afectacion-de-1770-mw-para-el-pico-nocturno-de-este-martes/
1946176,2025-07-16,08:58:48,Unión Eléctrica pronostica 1850 MW de afectación para la máxima demanda de hoy,1850.0,1850.0,,,2020.0,22:00,False,1100.0,,,,,651.0,,,http://www.cubadebate.cu/noticias/2025/07/16/union-electrica-pronostica-1850-mw-de-afectacion-para-la-maxima-demanda-de-hoy/
1946401,2025-07-17,09:42:22,UNE pronostica una afectación de 2 065 MW para el horario pico nocturno,2065.0,1995.0,1665.0,3660.0,1864.0,22:20,True,1450.0,,,,,739.0,1845.0,488.0,http://www.cubadebate.cu/noticias/2025/07/17/une-pronostica-una-afectacion-de-2-065-mw-para-el-horario-pico-nocturno/
1946743,2025-07-18,09:20:11,La Unión Eléctrica pronostica una afectación de 1595 MW en el horario pico de este viernes,1595.0,1525.0,2055.0,3580.0,1947.0,20:20,True,1250.0,,,,,680.0,2196.0,397.0,http://www.cubadebate.cu/noticias/2025/07/18/la-union-electrica-pronostica-una-afectacion-de-1595-mw-en-el-horario-pico-de-este-viernes/
1946981,2025-07-19,09:51:37,Unión Eléctrica estima una afectación de 1 520 MW en el horario pico de este sábado,1520.0,1450.0,2200.0,3650.0,1964.0,21:30,True,1100.0,,,,,50.0,2178.0,442.0,http://www.cubadebate.cu/noticias/2025/07/19/union-electrica-estima-una-afectacion-de-1-520-mw-en-el-horario-pico-de-este-sabado/
1947142,2025-07-20,09:14:44,UNE reporta salida de Guiteras por 72 horas y pico nocturno de 1834 MW,1834.0,1764.0,1936.0,3700.0,1897.0,22:50,True,1400.0,1746.0,3273.0,1590.0,,712.0,2557.0,482.0,http://www.cubadebate.cu/noticias/2025/07/20/une-reporta-salida-de-guiteras-por-72-horas-y-pico-nocturno-de-1834-mw/
1947280,2025-07-21,09:50:45,La Unión Eléctrica pronostica una afectación de 1 892 MW para el horario pico nocturno,1892.0,1822.0,1878.0,3700.0,2007.0,22:40,True,1300.0,,,,,714.0,2445.0,476.0,http://www.cubadebate.cu/noticias/2025/07/21/la-union-electrica-pronostica-una-afectacion-de-1-892-mw-para-el-horario-pico-nocturno/
1947435,2025-07-22,09:19:19,Unión Eléctrica pronostica una afectación de 1 962 MW para el horario pico nocturno,1962.0,1892.0,1788.0,3680.0,2054.0,20:50,True,1450.0,,,,,720.0,2312.0,478.0,http://www.cubadebate.cu/noticias/2025/07/22/union-electrica-pronostica-una-afectacion-de-1-962-mw-para-el-horario-pico-nocturno/
1947710,2025-07-24,09:41:21,UNE prevé una afectación de 1 750 MW en el horario pico nocturno,1750.0,1680.0,1920.0,3600.0,1775.0,21:40,True,1300.0,,,,,786.0,1708.0,352.0,http://www.cubadebate.cu/noticias/2025/07/24/une-preve-una-afectacion-de-1-750-mw-en-el-horario-pico-nocturno/
1947855,2025-07-25,11:23:42,La Unión Eléctrica pronostica una afectación de 1460 MW para el horario pico de este viernes,1460.0,1390.0,2110.0,3500.0,1848.0,21:30,True,1300.0,,,,491.0,60.0,2265.0,472.0,http://www.cubadebate.cu/noticias/2025/07/25/la-union-electrica-pronostica-una-afectacion-de-1460-mw-para-el-horario-pico-de-este-viernes/
1948254,2025-07-27,10:27:55,UNE pronostica una afectación de 1 675 MW para el horario pico nocturno,1675.0,1605.0,2095.0,3700.0,1779.0,20:40,True,1050.0,,,,400.0,,2892.0,568.0,http://www.cubadebate.cu/noticias/2025/07/27/une-pronostica-una-afectacion-de-1-675-mw-para-el-horario-pico-nocturno/
1948358,2025-07-28,10:03:21,La Unión Eléctrica pronostica una afectación de 1 710 MW para el horario pico nocturno,1710.0,1640.0,2060.0,3700.0,1730.0,20:10,True,1150.0,,,,422.0,,2715.0,520.0,http://www.cubadebate.cu/noticias/2025/07/28/la-union-electrica-pronostica-una-afectacion-de-1-710-mw-para-el-horario-pico-nocturno/
1948494,2025-07-29,08:56:22,UNE prevé afectación de 1 992 MW en horario pico este martes,1992.0,1922.0,1728.0,3650.0,1916.0,23:00,True,1480.0,,,,,797.0,2513.0,503.0,http://www.cubadebate.cu/noticias/2025/07/29/une-preve-afectacion-de-1-992-mw-en-horario-pico-este-martes/
1948674,2025-07-30,09:10:29,Unión Eléctrica estima afectación de 1 910 MW para horario pico este miércoles,1910.0,1840.0,1810.0,3650.0,,21:50,True,1300.0,,,,,,,,http://www.cubadebate.cu/noticias/2025/07/30/union-electrica-estima-afectacion-de-1910-mw-para-la-maxima-demanda-de-hoy/
1949103,2025-08-01,09:39:20,Unión Eléctrica estima para este viernes afectación de 1 843 MW en horario pico,1843.0,1773.0,1877.0,3650.0,1895.0,21:10,True,1350.0,,,,,666.0,2708.0,576.0,http://www.cubadebate.cu/noticias/2025/08/01/union-electrica-estima-para-este-viernes-afectacion-de-1-843-mw-en-horario-pico/
1949232,2025-08-02,09:40:41,Unión Eléctrica pronostica déficit de 1744 MW para el pico nocturno de este 2 de agosto,1744.0,1674.0,2022.0,3700.0,1822.0,19:50,True,1280.0,1895.0,3245.0,1325.0,,634.0,2742.0,545.0,http://www.cubadebate.cu/noticias/2025/08/02/union-electrica-pronostica-1744-mw-de-deficit-para-el-pico-nocturno-de-este-2-de-agosto/
1949340,2025-08-03,08:35:16,UNE pronostica 1675 MW de déficit para el pico nocturno de hoy,1675.0,1605.0,2095.0,3700.0,1756.0,21:10,True,1100.0,2095.0,3200.0,1140.0,,501.0,2360.0,520.0,http://www.cubadebate.cu/noticias/2025/08/03/une-pronostica-1675-mw-de-deficit-para-el-pico-nocturno-de-hoy/
1949462,2025-08-04,09:49:30,La Unión Eléctrica pronostica una afectación de 1 862 MW para el horario pico nocturno,1862.0,1792.0,1908.0,3700.0,1799.0,20:30,True,1340.0,,,,,485.0,2654.0,549.0,http://www.cubadebate.cu/noticias/2025/08/04/la-union-electrica-pronostica-una-afectacion-de-1-862-mw-para-el-horario-pico-nocturno/
1949641,2025-08-05,09:25:59,Unión Eléctrica pronostica una afectación de 1 872 MW para el horario pico nocturno,1872.0,1802.0,1948.0,3750.0,1952.0,21:40,True,1280.0,,,,,420.0,2392.0,473.0,http://www.cubadebate.cu/noticias/2025/08/05/union-electrica-pronostica-una-afectacion-de-1-872-mw-para-el-horario-pico-nocturno/
1949811,2025-08-06,08:52:36,Unión Eléctrica pronostica una afectación de 1 858 MW para el horario pico nocturno,1858.0,1788.0,1962.0,3750.0,2010.0,21:10,True,1550.0,,,,,,,551.0,http://www.cubadebate.cu/noticias/2025/08/06/union-electrica-pronostica-una-afectacion-de-1-858-mw-para-el-horario-pico-nocturno/
1950014,2025-08-07,09:29:24,Unión Eléctrica estima 1785 MW de afectación para la máxima demanda de hoy,1785.0,1715.0,1985.0,3700.0,,21:50,False,1550.0,,,,,,,,http://www.cubadebate.cu/noticias/2025/08/07/union-electrica-estima-1785-mw-de-afectacion-para-la-maxima-demanda-de-hoy/
1950147,2025-08-08,09:20:34,Unión Eléctrica pronostica 1730 MW de afectación en horario pico nocturno de este viernes,1730.0,1660.0,2040.0,3700.0,1819.0,21:40,True,1280.0,,,,,429.0,2450.0,472.0,http://www.cubadebate.cu/noticias/2025/08/08/union-electrica-pronostica-1730-mw-de-afectacion-en-horario-pico-nocturno-de-este-viernes/
1950514,2025-08-09,08:59:01,Pronostica la UNE afectación de 1 520 megawatts durante la noche de este sábado,,,2150.0,,,8:30,True,,,,,,,,,http://www.cubadebate.cu/noticias/2025/08/09/pronostica-la-une-afectacion-de-1-520-megawatts-durante-la-noche-de-este-sabado/
1950705,2025-08-10,09:27:34,La Unión Eléctrica pronostica una afectación de 1 390 MW para el horario pico nocturno,1390.0,1320.0,2130.0,3450.0,1389.0,19:10,True,770.0,,,,,446.0,1817.0,429.0,http://www.cubadebate.cu/noticias/2025/08/10/la-union-electrica-pronostica-una-afectacion-de-1-390-mw-para-el-horario-pico-nocturno/
1950843,2025-08-11,09:05:04,La Unión Eléctrica pronostica una afectación de 1 350 MW para el horario pico nocturno,1350.0,1280.0,2170.0,3450.0,1248.0,20:20,True,750.0,,,,,,2368.0,481.0,http://www.cubadebate.cu/noticias/2025/08/11/la-union-electrica-pronostica-una-afectacion-de-1-350-mw-para-el-horario-pico-nocturno/
1951143,2025-08-12,09:11:51,UNE prevé afectación de 1 365 MW en pico nocturno este martes,1365.0,1295.0,2155.0,3450.0,1567.0,20:40,True,950.0,,,,,469.0,2481.0,518.0,http://www.cubadebate.cu/noticias/2025/08/12/une-preve-afectacion-de-1-365-mw-en-pico-nocturno-este-martes/
1951452,2025-08-13,09:29:44,Unión Eléctrica pronostica una afectación de 1475 MW en el horario pico de este miércoles,1475.0,1405.0,2195.0,3600.0,1576.0,20:20,True,950.0,,,,,418.0,2506.0,457.0,http://www.cubadebate.cu/noticias/2025/08/13/union-electrica-pronostica-una-afectacion-de-1475-mw-en-el-horario-pico-de-este-miercoles/
1951841,2025-08-14,09:46:23,Unión Eléctrica pronostica afectación de 1530 MW para la máxima demanda de hoy,1530.0,836.0,2240.0,3041.0,,20:30,False,,,,,,,,,http://www.cubadebate.cu/noticias/2025/08/14/union-electrica-pronostica-afectacion-de-1530-mw-para-la-maxima-demanda-de-hoy/
1952380,2025-08-16,09:14:09,UNE prevé una afectación de 1675 MW para el horario pico de este sábado,1675.0,1605.0,2195.0,3800.0,1788.0,20:40,True,1100.0,,,,,367.0,2589.0,552.0,http://www.cubadebate.cu/noticias/2025/08/16/une-preve-una-afectacion-de-1675-mw-para-el-horario-pico/
1952647,2025-08-17,08:37:19,Unión Eléctrica pronostica 1715 MW de déficit para pico nocturno,1715.0,1645.0,2155.0,3800.0,1794.0,21:00,True,1400.0,1840.0,3120.0,1305.0,,431.0,2615.0,550.0,http://www.cubadebate.cu/noticias/2025/08/17/union-electrica-pronostica-1715-mw-de-deficit-para-pico-nocturno/
1952786,2025-08-18,09:11:55,La Unión Eléctrica pronostica una afectación de 1 770 MW para el horario pico nocturno,1770.0,1700.0,2100.0,3800.0,1698.0,20:50,True,1250.0,,,,,395.0,2498.0,473.0,http://www.cubadebate.cu/noticias/2025/08/18/la-union-electrica-pronostica-una-afectacion-de-1-770-mw-para-el-horario-pico-nocturno/
1953047,2025-08-19,09:05:16,Unión Eléctrica pronostica una afectación de 1 820 MW para el horario pico nocturno de este martes,1820.0,1750.0,2050.0,3800.0,1766.0,20:10,True,1600.0,,,,,438.0,2551.0,495.0,http://www.cubadebate.cu/noticias/2025/08/19/union-electrica-pronostica-una-afectacion-de-1-820-mw-para-el-horario-pico-nocturno-de-este-martes/
1953220,2025-08-20,09:16:32,Unión Eléctrica pronostica afectación de 1790 MW en la máxima demanda de hoy,1790.0,1790.0,,,,21:00,True,,,,,,,,,http://www.cubadebate.cu/noticias/2025/08/20/union-electrica-pronostica-afectacion-de-1790-mw-en-la-maxima-demanda-de-hoy/
1953439,2025-08-21,10:33:09,Unión Eléctrica pronostica una afectación de 1 630 MW para el horario pico,1630.0,1560.0,2240.0,3800.0,1869.0,20:50,True,1420.0,,,,,357.0,2506.0,544.0,http://www.cubadebate.cu/noticias/2025/08/21/union-electrica-pronostica-una-afectacion-de-1-630-mw-para-el-horario-pico/
1953607,2025-08-22,08:56:12,Pronostica Unión Eléctrica una afectación de 1 700 MW para el horario pico,1700.0,1630.0,2220.0,3850.0,1724.0,20:20,True,1300.0,,,,,246.0,2578.0,519.0,http://www.cubadebate.cu/noticias/2025/08/22/pronostica-union-electrica-una-afectacion-de-1-700-mw-para-el-horario-pico/
1953751,2025-08-23,08:37:58,Unión Eléctrica estima afectación de 1610 MW en horario pico este sábado,1610.0,1540.0,2260.0,3800.0,1618.0,20:30,True,1400.0,,,,359.0,50.0,2737.0,534.0,http://www.cubadebate.cu/noticias/2025/08/23/union-electrica-estima-afectacion-de-1610-mw-en-horario-pico-este-sabado/
1953887,2025-08-24,09:27:12,UNE pronostica afectación de 1525 MW en horario pico nocturno de este domingo,1525.0,1455.0,2245.0,3700.0,1591.0,20:40,True,1380.0,,,,353.0,158.0,2566.0,488.0,http://www.cubadebate.cu/noticias/2025/08/24/une-pronostica-afectacion-de-1525-mw-en-horario-pico-nocturno-de-este-domingo/
1953979,2025-08-25,09:26:50,La Unión Eléctrica pronostica una afectación de 1 790 MW para el horario pico nocturno,1790.0,1720.0,2120.0,3840.0,1684.0,20:50,True,1280.0,,,,345.0,,2966.0,544.0,http://www.cubadebate.cu/noticias/2025/08/25/la-union-electrica-pronostica-una-afectacion-de-1-790-mw-para-el-horario-pico-nocturno/
1954098,2025-08-26,09:27:49,UNE prevé afectación de 1 660 MW en horario pico este martes,1660.0,1590.0,2230.0,3800.0,1709.0,20:30,True,1320.0,,,,,196.0,2613.0,552.0,http://www.cubadebate.cu/noticias/2025/08/26/une-preve-afectacion-de-1-660-mw-en-horario-pico-este-martes/
1954270,2025-08-27,11:43:24,Unión Eléctrica estima afectación de 1790 MW para la máxima demanda de hoy,950.0,1220.0,2080.0,3225.0,1746.0,22:00,True,950.0,,,,,100.0,2949.0,,http://www.cubadebate.cu/noticias/2025/08/27/union-electrica-estima-afectacion-de-1790-mw-para-la-maxima-demanda-de-hoy/
1954413,2025-08-28,09:42:04,UNE pronostica afectación de 1 750 MW en el horario pico nocturno de este jueves,1750.0,1680.0,2080.0,3760.0,1772.0,20:20,True,950.0,,,,,207.0,2727.0,527.0,http://www.cubadebate.cu/noticias/2025/08/28/une-pronostica-afectacion-de-1-750-mw-en-el-horario-pico-nocturno-de-este-jueves/
1954710,2025-08-29,09:04:47,Unión Eléctrica pronostica déficit de 1 635 para el pico nocturno este viernes,1635.0,1565.0,2215.0,3750.0,1719.0,20:40,True,900.0,,,,,196.0,2366.0,557.0,http://www.cubadebate.cu/noticias/2025/08/29/union-electrica-pronostica-deficit-de-1635-para-el-pico-nocturno-de-este-viernes/
1954899,2025-08-30,11:15:46,Unión Eléctrica pronostica déficit de 1 635 MW para el pico nocturno de este sábado,1635.0,1565.0,2085.0,3650.0,1695.0,20:50,True,980.0,,,,445.0,50.0,2948.0,573.0,http://www.cubadebate.cu/noticias/2025/08/30/union-electrica-pronostica-deficit-de-1-635-mw-para-el-pico-nocturno-de-este-sabado/
1955019,2025-08-31,09:03:02,Unión Eléctrica pronostica un déficit de 1635 MW para pico nocturno de este domingo,1635.0,1565.0,2085.0,3650.0,1631.0,21:40,True,1100.0,1920.0,3097.0,1197.0,379.0,60.0,2524.0,552.0,http://www.cubadebate.cu/noticias/2025/08/31/union-electrica-pronostica-un-deficit-de-1635-mw-para-pico-nocturno-de-este-domingo/
1955170,2025-09-01,09:15:55,Unión Eléctrica pronostica afectación de 1890 MW para la máxima demanda de hoy,1890.0,1820.0,1690.0,3100.0,,21:40,True,1300.0,,,,,323.0,,,http://www.cubadebate.cu/noticias/2025/09/01/union-electrica-pronostica-afectacion-de-1890-mw-para-la-maxima-demanda-de-hoy/
1955449,2025-09-02,10:13:39,Unión Eléctrica pronostica afectación de 1976 MW para la máxima demanda de hoy,1976.0,1906.0,1669.0,3070.0,150.0,20:20,True,1400.0,,,,,,,,http://www.cubadebate.cu/noticias/2025/09/02/union-electrica-pronostica-afectacion-de-1976-mw-para-la-maxima-demanda-de-hoy/
1955662,2025-09-03,09:36:22,La Unión Eléctrica calcula una afectación de 1727 MW para el horario pico de este miércoles,1727.0,1657.0,1943.0,3600.0,1808.0,20:50,True,1350.0,,,,,43.0,2482.0,513.0,http://www.cubadebate.cu/noticias/2025/09/03/la-union-electrica-calcula-una-afectacion-de-1727-mw-para-el-horario-pico-de-este-miercoles/
1955835,2025-09-04,10:14:28,UNE pronostica una afectación de 1 730 MW para el horario pico nocturno,1730.0,1660.0,1890.0,3550.0,1714.0,20:20,True,1080.0,,,,,272.0,1812.0,350.0,http://www.cubadebate.cu/noticias/2025/09/04/une-pronostica-una-afectacion-de-1-730-mw-para-el-horario-pico-nocturno/
1955995,2025-09-05,09:30:46,Unión Eléctrica pronostica afectación de 1771 MW para la máxima demanda de este viernes,1771.0,1701.0,1799.0,3500.0,1575.0,19:50,True,1150.0,1790.0,2900.0,1070.0,,202.0,2190.0,536.0,http://www.cubadebate.cu/noticias/2025/09/05/union-electrica-pronostica-afectacion-de-1771-mw-para-la-maxima-demanda-de-este-viernes/
1956118,2025-09-06,08:49:13,Unión Eléctrica estima déficit de 1905 MW en horario pico este sábado,1905.0,1835.0,1665.0,3500.0,1861.0,20:20,True,1350.0,,,,310.0,60.0,2380.0,494.0,http://www.cubadebate.cu/noticias/2025/09/06/union-electrica-estima-deficit-de-1905-mw-en-horario-pico-este-sabado/
1956360,2025-09-08,09:28:38,UNE prevé afectación de 1 610 MW en pico nocturno este lunes,1610.0,1540.0,1910.0,3450.0,1981.0,,True,1100.0,,,,,128.0,2929.0,523.0,http://www.cubadebate.cu/noticias/2025/09/08/une-preve-afectacion-de-1-610-mw-en-pico-nocturno-este-lunes/
1956648,2025-09-09,09:22:24,La Unión Eléctrica pronostica una afectación de 1 660 MW para el horario pico nocturno,1660.0,1590.0,1960.0,3550.0,1742.0,20:00,True,1100.0,,,,,241.0,2827.0,574.0,http://www.cubadebate.cu/noticias/2025/09/09/la-union-electrica-pronostica-una-afectacion-de-1-660-mw-para-el-horario-pico-nocturno/
1957312,2025-09-12,09:58:16,La Unión Eléctrica pronostica una afectación de 1 595 MW para el horario pico nocturno,1595.0,1525.0,1775.0,3330.0,1733.0,21:50,True,1200.0,,,,,201.0,,,http://www.cubadebate.cu/noticias/2025/09/12/la-union-electrica-pronostica-una-afectacion-de-1-595-mw-para-el-horario-pico-nocturno-2/
1957432,2025-09-13,09:43:00,La Unión Eléctrica pronostica una afectación de 1 868 MW para el horario pico nocturno,1868.0,1798.0,1602.0,3400.0,1939.0,20:40,True,1350.0,,,,,112.0,2323.0,523.0,http://www.cubadebate.cu/noticias/2025/09/13/la-union-electrica-pronostica-una-afectacion-de-1-868-mw-para-el-horario-pico-nocturno/
1957843,2025-09-14,08:52:08,UNE estima un déficit en el pico nocturno de 1775 MW,1775.0,1705.0,1795.0,3500.0,1852.0,20:20,True,1250.0,1640.0,2870.0,1265.0,,128.0,,567.0,http://www.cubadebate.cu/noticias/2025/09/14/une-estima-un-deficit-en-el-pico-nocturno-de-1775-mw/
1958096,2025-09-16,09:57:22,Pronostica la UNE afectación de 1 880 MW para el horario pico nocturno,1880.0,1810.0,1690.0,3500.0,1941.0,20:40,True,1450.0,,,,,178.0,2900.0,462.0,http://www.cubadebate.cu/noticias/2025/09/16/pronostica-la-une-afectacion-de-1-880-mw-para-el-horario-pico-nocturno/
1958375,2025-09-17,09:51:42,Pronostica la UNE afectación de 1 990 MW para el horario pico nocturno,1990.0,1920.0,1580.0,3500.0,2052.0,19:00,True,1550.0,,,,,261.0,2723.0,482.0,http://www.cubadebate.cu/noticias/2025/09/17/pronostica-la-une-afectacion-de-1-990-mw-para-el-horario-pico-nocturno/
1958669,2025-09-18,09:50:04,UNE pronostica afectación de 1 830 MW para el horario pico nocturno,1830.0,1760.0,1690.0,3450.0,1885.0,21:30,True,1450.0,,,,,257.0,2149.0,477.0,http://www.cubadebate.cu/noticias/2025/09/18/une-pronostica-afectacion-de-1-830-mw-para-el-horario-pico-nocturno/
1958871,2025-09-19,10:09:18,Unión Eléctrica pronostica déficit de 1760 para el pico nocturno de este viernes,1760.0,1690.0,1760.0,3450.0,1826.0,20:10,True,1300.0,1660.0,2820.0,1190.0,,345.0,2555.0,359.0,http://www.cubadebate.cu/noticias/2025/09/19/union-electrica-pronostica-deficit-de-1760-para-el-pico-nocturno-de-este-viernes/
1959093,2025-09-20,09:11:22,Unión Eléctrica estima afectación de 1795 MW en el horario pico de este sábado,1795.0,1725.0,1775.0,3500.0,1882.0,20:20,True,1300.0,,,,418.0,65.0,2899.0,539.0,http://www.cubadebate.cu/noticias/2025/09/20/union-electrica-estima-afectacion-de-1795-mw-en-el-horario-pico-de-este-sabado/
1959268,2025-09-21,09:50:46,La UNE pronostica una afectación de 1710 MW para el horario pico de este domingo,1710.0,1640.0,1860.0,3500.0,2010.0,20:50,True,1200.0,,,,492.0,,2594.0,466.0,http://www.cubadebate.cu/noticias/2025/09/21/la-une-pronostica-una-afectacion-de-1710-mw-para-el-horario-pico-de-este-domingo/
1959385,2025-09-22,10:15:55,La Unión Eléctrica pronostica una afectación de 1 660 MW para el horario pico nocturno,1660.0,1590.0,1910.0,3500.0,1733.0,20:40,True,1200.0,,,,,381.0,2989.0,462.0,http://www.cubadebate.cu/noticias/2025/09/22/la-union-electrica-pronostica-una-afectacion-de-1-660-mw-para-el-horario-pico-nocturno-2/
1959541,2025-09-23,09:20:39,UNE prevé afectación de 1 462 MW para horario pico este martes,1462.0,1392.0,2108.0,3500.0,1645.0,20:30,False,850.0,,,,,303.0,2623.0,536.0,http://www.cubadebate.cu/noticias/2025/09/23/une-preve-afectacion-de-1-462-mw-para-horario-pico-este-martes/
1959679,2025-09-24,09:14:51,La UNE calcula una afectación de 1710 MW para el horario pico de este miércoles,1710.0,1640.0,2010.0,3650.0,1821.0,20:30,True,900.0,,,,,320.0,2482.0,482.0,http://www.cubadebate.cu/noticias/2025/09/24/la-une-calcula-una-afectacion-de-1710-mw-para-el-horario-pico-de-este-miercoles/
1959853,2025-09-25,09:14:54,Unión Electrica estima una afectación de 1710 MW para la máxima demanda de hoy,1710.0,1640.0,1910.0,3600.0,,8:50,True,,,,,,385.0,,,http://www.cubadebate.cu/noticias/2025/09/25/union-electrica-estima-una-afectacion-de-1710-mw-para-la-maxima-demanda-de-hoy/
1960084,2025-09-26,09:40:34,La UNE calcula una afectación de 1670 MW para el horario pico de este viernes,1670.0,1670.0,,,,,False,,,,,,460.0,,,http://www.cubadebate.cu/noticias/2025/09/26/la-une-calcula-una-afectacion-de-1670-mw-para-el-horario-pico-de-este-viernes/
1960395,2025-09-27,09:06:44,Prevén afectación de 1 660 megawatts para el horario pico nocturno de este sábado,1660.0,1103.0,1680.0,2760.0,,,True,,,,,,501.0,,,http://www.cubadebate.cu/noticias/2025/09/27/preven-afectacion-de-1-660-megawatts-para-el-horario-pico-nocturno-de-este-sabado/
1960604,2025-09-28,09:11:08,UNE pronostica afectación de 1690 MW para horario pico nocturno,1690.0,1620.0,1810.0,3430.0,1737.0,20:00,True,1100.0,1760.0,2939.0,1217.0,,480.0,2305.0,426.0,http://www.cubadebate.cu/noticias/2025/09/28/une-pronostica-afectacion-de-1690-mw-para-horario-pico-nocturno/
1960729,2025-09-29,10:25:46,La Unión Eléctrica pronostica una afectación de 1 860 MW para el horario pico nocturno,1860.0,1790.0,1680.0,3500.0,1894.0,20:50,True,1250.0,,,,,483.0,2414.0,435.0,http://www.cubadebate.cu/noticias/2025/09/29/la-union-electrica-pronostica-una-afectacion-de-1-860-mw-para-el-horario-pico-nocturno/
1960935,2025-09-30,09:11:08,Unión Eléctrica pronostica una afectación de 1840 MW para el horario pico nocturno,1840.0,1770.0,1780.0,3550.0,1798.0,20:00,True,1200.0,,,,,398.0,3006.0,597.0,http://www.cubadebate.cu/noticias/2025/09/30/union-electrica-pronostica-una-afectacion-de-1840-mw-para-el-horario-pico-nocturno/
1961405,2025-10-02,09:37:02,Unión Eléctrica pronostica una afectación de 1 810 MW para el horario pico nocturno,1810.0,1740.0,1740.0,3480.0,1906.0,20:40,True,1150.0,,,,,478.0,3188.0,565.0,http://www.cubadebate.cu/noticias/2025/10/02/union-electrica-pronostica-una-afectacion-de-1-810-mw-para-el-horario-pico-nocturno/
1961617,2025-10-03,08:39:06,Unión Eléctrica pronostica déficit de 1900 MW para el pico nocturno de este viernes,1900.0,1830.0,1470.0,3300.0,1842.0,19:20,True,1200.0,1420.0,2680.0,1274.0,264.0,,2917.0,583.0,http://www.cubadebate.cu/noticias/2025/10/03/union-electrica-pronostica-deficit-de-1900-mw-para-el-pico-nocturno-de-este-viernes/
1962115,2025-10-05,10:17:55,Unión Eléctrica pronostica déficit de 1570 MW para el horario pico nocturno,1570.0,1500.0,1850.0,3350.0,1706.0,20:00,True,1150.0,,,,,333.0,3024.0,622.0,http://www.cubadebate.cu/noticias/2025/10/05/union-electrica-pronostica-deficit-de-1570-mw-para-el-horario-pico-nocturno/
1962282,2025-10-06,09:03:08,La Unión Eléctrica pronostica una afectación de 1 600 MW para el horario pico nocturno,1600.0,1530.0,1820.0,3350.0,1636.0,19:40,True,1200.0,,,,,297.0,3145.0,497.0,http://www.cubadebate.cu/noticias/2025/10/06/la-union-electrica-pronostica-una-afectacion-de-1-600-mw-para-el-horario-pico-nocturno/
1962403,2025-10-07,09:37:00,UNE prevé afectación de 1 740 MW en horario pico este martes,1740.0,1670.0,1730.0,3400.0,1765.0,19:40,True,1150.0,,,,,270.0,3271.0,591.0,http://www.cubadebate.cu/noticias/2025/10/07/une-preve-afectacion-de-1-740-mw-en-horario-pico-este-martes/
1962561,2025-10-08,09:07:52,La UNE calcula una afectación de 1750 MW para el horario pico de este miércoles,1750.0,1680.0,1560.0,3240.0,1772.0,19:30,True,1300.0,,,,,50.0,2292.0,472.0,http://www.cubadebate.cu/noticias/2025/10/08/la-une-calcula-una-afectacion-de-1750-mw-para-el-horario-pico-de-este-miercoles/
1962735,2025-10-09,08:52:11,Unión Eléctrica estima 1590 MW de afectación en la máxima demanda de hoy,1590.0,1086.0,1600.0,2660.0,,,True,,,,,,313.0,,,http://www.cubadebate.cu/noticias/2025/10/09/union-electrica-estima-1590-mw-de-afectacion-en-la-maxima-demanda-de-hoy/
1962874,2025-10-10,09:07:05,UNE pronostica afectación de 1 674 MW en horario pico nocturno de este viernes,1674.0,1604.0,1746.0,3350.0,1722.0,19:50,True,1000.0,,,,,272.0,2731.0,522.0,http://www.cubadebate.cu/noticias/2025/10/10/une-pronostica-afectacion-de-1-674-mw-en-horario-pico-nocturno-de-este-viernes/
1963051,2025-10-11,09:38:11,UNE: Pronostican afectación de 1 640 megawatts durante el horario pico nocturno de este sábado,1640.0,1570.0,1630.0,2370.0,,19:10,True,,,,,,280.0,,,http://www.cubadebate.cu/noticias/2025/10/11/une-pronostican-afectacion-de-1-640-megawatts-durante-el-horario-pico-nocturno-de-este-sabado/
1963229,2025-10-12,08:07:24,Avería en Felton 1 eleva a 1750 MW el pronóstico de déficit para pico nocturno este domingo,1750.0,1680.0,1570.0,3250.0,1584.0,19:00,True,1300.0,1480.0,2520.0,1029.0,422.0,,2443.0,318.0,http://www.cubadebate.cu/noticias/2025/10/12/averia-en-felton-1-eleva-a-1750-mw-el-pronostico-de-deficit-para-pico-nocturno-este-domingo/
1963349,2025-10-13,10:02:36,La Unión Eléctrica pronostica una afectación de 1 738 MW para el horario pico nocturno,1738.0,1668.0,1732.0,3400.0,1752.0,19:00,True,1300.0,,,,,292.0,2033.0,322.0,http://www.cubadebate.cu/noticias/2025/10/13/la-union-electrica-pronostica-una-afectacion-de-1-738-mw-para-el-horario-pico-nocturno/
1963530,2025-10-14,09:36:16,UNE pronostica afectación de 1 670 MW en pico nocturno de este martes,1670.0,1600.0,1750.0,3350.0,1795.0,19:50,True,1250.0,,,,,322.0,2103.0,446.0,http://www.cubadebate.cu/noticias/2025/10/14/une-pronostica-afectacion-de-1-670-mw-en-pico-nocturno-de-este-martes/
1963963,2025-10-16,08:52:02,Unión Eléctrica pronostica una afectación de 1 440 MW para el horario pico nocturno,1440.0,1370.0,1990.0,3360.0,1488.0,19:50,True,750.0,,,,,463.0,1935.0,351.0,http://www.cubadebate.cu/noticias/2025/10/16/union-electrica-pronostica-una-afectacion-de-1-440-mw-para-el-horario-pico-nocturno/
1964175,2025-10-17,09:04:40,Unión Eléctrica pronostica déficit de 1367 MW para el horario pico nocturno de este viernes,1367.0,1297.0,2003.0,3300.0,1384.0,19:30,True,700.0,1813.0,2320.0,512.0,,304.0,2934.0,536.0,http://www.cubadebate.cu/noticias/2025/10/17/union-electrica-pronostica-deficit-de-1367-mw-para-el-horario-pico-nocturno-de-este-viernes/
1964509,2025-10-19,09:52:38,La Unión Eléctrica pronostica una afectación de 1 550 MW para el horario pico nocturno,1550.0,1480.0,1770.0,3250.0,1486.0,19:30,True,700.0,,,,,467.0,3100.0,564.0,http://www.cubadebate.cu/noticias/2025/10/19/la-union-electrica-pronostica-una-afectacion-de-1-550-mw-para-el-horario-pico-nocturno/
1964676,2025-10-20,08:55:58,Unión Eléctrica estima 1 840 MW de afectación para la máxima demanda de hoy,1840.0,1770.0,1680.0,3450.0,1582.0,19:00,True,980.0,,,,395.0,485.0,2891.0,,http://www.cubadebate.cu/noticias/2025/10/20/union-electrica-estima-1840-mw-de-afectacion-para-la-maxima-demanda-de-hoy/
1964846,2025-10-21,09:19:12,UNE prevé afectación de 1 780 MW en horario pico este martes,1780.0,1710.0,1640.0,3350.0,1714.0,19:20,True,1050.0,,,,425.0,556.0,2951.0,574.0,http://www.cubadebate.cu/noticias/2025/10/21/une-preve-afectacion-de-1-780-mw-en-horario-pico-este-martes/
1965021,2025-10-22,09:25:12,Unión Eléctrica pronostica afectación de 1716 MW en el horario pico nocturno de este miércoles,1716.0,1646.0,1654.0,3300.0,1703.0,19:40,True,950.0,,,,,641.0,2745.0,612.0,http://www.cubadebate.cu/noticias/2025/10/22/union-electrica-pronostica-afectacion-de-1716-mw-en-el-horario-pico-nocturno-de-este-miercoles/
1965386,2025-10-24,09:30:16,Unión Eléctrica pronostica afectación de 1810 MW en el horario pico nocturno de este viernes,1810.0,1810.0,,,1840.0,19:00,False,,,,,,,,,http://www.cubadebate.cu/noticias/2025/10/24/union-electrica-pronostica-afectacion-de-1810-mw-en-el-horario-pico-nocturno-de-este-viernes/
1965748,2025-10-25,08:09:41,"Unión Eléctrica estima afectación de 1876 MW en horario pico este sábado, sale del SEN Unidad 3 de CTE Carlos Manuel de Céspedes",1876.0,1806.0,1544.0,3350.0,1717.0,19:00,True,1150.0,,,,,660.0,2704.0,393.0,http://www.cubadebate.cu/noticias/2025/10/25/union-electrica-estima-afectacion-de-1876-mw-en-horario-pico-este-sabado/
1965851,2025-10-26,08:50:26,UNE pronostica un déficit de 1710 MW para el pico nocturno de este domingo,1710.0,1640.0,1560.0,3200.0,1809.0,19:50,True,1100.0,1490.0,2550.0,1050.0,,721.0,2596.0,471.0,http://www.cubadebate.cu/noticias/2025/10/26/une-pronostica-un-deficit-de-1710-mw-para-el-pico-nocturno-de-este-domingo/
1966013,2025-10-27,08:54:44,La Unión Eléctrica pronostica una afectación de 1 775 MW para el horario pico nocturno,1775.0,1705.0,1495.0,3200.0,1762.0,19:40,True,1150.0,,,,,630.0,2213.0,424.0,http://www.cubadebate.cu/noticias/2025/10/27/la-union-electrica-pronostica-una-afectacion-de-1-775-mw-para-el-horario-pico-nocturno/
1966320,2025-10-28,09:41:43,UNE: Pronóstico de afectación en pico de hoy dependerá de disponibilidad y demanda según las condiciones meteorológicas,,,,,1776.0,19:40,True,1200.0,,,,,552.0,2069.0,347.0,http://www.cubadebate.cu/noticias/2025/10/28/une-pronostico-de-afectacion-en-pico-de-hoy-dependera-de-disponibilidad-y-demanda-segun-las-condiciones-meteorologicas/
1967240,2025-10-30,09:22:35,UNE pronostica una afectación de 1 172 MW en el horario pico nocturno,1172.0,1102.0,1348.0,2450.0,1298.0,19:40,True,1100.0,,,,,450.0,1352.0,224.0,http://www.cubadebate.cu/noticias/2025/10/30/une-pronostica-una-afectacion-de-1-172-mw-en-el-horario-pico-nocturno/
1967401,2025-10-31,09:15:08,Unión Eléctrica pronostica déficit de 1140 MW para el pico nocturno de este viernes,1140.0,1070.0,1460.0,2530.0,1283.0,19:10,True,700.0,1410.0,1828.0,528.0,,447.0,1241.0,212.0,http://www.cubadebate.cu/noticias/2025/10/31/union-electrica-pronostica-deficit-de-1140-mw-para-el-pico-nocturno-de-este-viernes/
1967560,2025-11-01,07:56:26,Unión Eléctrica estima afectación de 1160 MW en horario pico este sábado,1160.0,1090.0,1410.0,2500.0,1063.0,19:20,True,500.0,,,,,447.0,1770.0,354.0,http://www.cubadebate.cu/noticias/2025/11/01/union-electrica-estima-afectacion-de-1160-mw-en-horario-pico-este-sabado/
1967742,2025-11-02,08:16:07,Unión Eléctrica estima 1143 MW de afectación para la máxima demanda de hoy,1143.0,1073.0,1527.0,2600.0,1272.0,19:00,True,470.0,,,,,342.0,1690.0,,http://www.cubadebate.cu/noticias/2025/11/02/union-electrica-estima-1143-mw-de-afectacion-para-la-maxima-demanda-de-hoy/
1967837,2025-11-03,09:05:46,La Unión Eléctrica pronostica una afectación de 1 081 MW para el horario pico nocturno,1081.0,1011.0,1639.0,2650.0,1291.0,19:00,True,750.0,,,,,,1513.0,311.0,http://www.cubadebate.cu/noticias/2025/11/03/la-union-electrica-pronostica-una-afectacion-de-1-081-mw-para-el-horario-pico-nocturno/
1967985,2025-11-04,07:11:37,Unión Eléctrica pronostica déficit de 1170 MW para el horario pico de este martes,1170.0,1100.0,1600.0,2700.0,1205.0,18:20,True,830.0,1470.0,2220.0,780.0,560.0,80.0,1970.0,378.0,http://www.cubadebate.cu/noticias/2025/11/04/union-electrica-pronostica-deficit-de-1170-mw-para-el-horario-pico-de-este-martes/
1968388,2025-11-06,08:37:21,UNE pronostica una afectación de 1 160 MW para el horario pico nocturno,1160.0,1090.0,1760.0,2850.0,1311.0,18:10,True,500.0,,,,,519.0,1846.0,420.0,http://www.cubadebate.cu/noticias/2025/11/06/une-pronostica-una-afectacion-de-1-160-mw-para-el-horario-pico-nocturno/
1968613,2025-11-07,08:51:34,UNE pronostica afectación de 1405 MW en horario nocturno; sale Guiteras para solucionar “defectos impostergables”,1405.0,1335.0,1495.0,2830.0,1244.0,18:30,True,850.0,,,,,603.0,1959.0,400.0,http://www.cubadebate.cu/noticias/2025/11/07/une-pronostica-afectacion-de-1405-mw-en-horario-nocturno-sale-guiteras-para-solucionar-defectos-impostergables/
1968752,2025-11-08,08:55:56,Prevé la UNE afectación de 1 380 megawatts en el horario pico nocturno de este sábado,1310.0,1310.0,1590.0,2900.0,,7:00,True,,,,,,603.0,,,http://www.cubadebate.cu/noticias/2025/11/08/preve-la-une-afectacion-de-1-380-megawatts-en-el-horario-pico-nocturno-de-este-sabado/
1968872,2025-11-09,09:34:25,UNE pronostica déficit de 1380 MW para pico nocturno de este domingo,1380.0,1310.0,1560.0,2870.0,1404.0,19:00,True,850.0,1560.0,2250.0,800.0,318.0,,2376.0,514.0,http://www.cubadebate.cu/noticias/2025/11/09/une-pronostica-deficit-de-1380-mw-para-pico-nocturno-de-este-domingo/
1968927,2025-11-10,09:06:42,Unión Electrica pronostica afectación de 1525 MW en la máxima demanda de hoy,1525.0,1455.0,1595.0,3050.0,1509.0,19:00,False,1050.0,,,,,615.0,,,http://www.cubadebate.cu/noticias/2025/11/10/union-electrica-pronostica-afectacion-de-1525-mw-en-la-maxima-demanda-de-hoy/
1969063,2025-11-11,09:31:12,UNE prevé afectación de 1 530 MW en horario pico este martes,1530.0,1460.0,1490.0,2950.0,1542.0,19:00,True,900.0,,,,,615.0,2235.0,384.0,http://www.cubadebate.cu/noticias/2025/11/11/une-preve-afectacion-de-1-530-mw-en-horario-pico-este-martes/
1969268,2025-11-12,08:55:09,UNE prevé afectación de 1 285 MW en horario pico nocturno de este miércoles,1285.0,1215.0,1585.0,2800.0,1360.0,18:20,True,550.0,,,,,641.0,1912.0,358.0,http://www.cubadebate.cu/noticias/2025/11/12/une-preve-afectacion-de-1-285-mw-en-horario-pico-nocturno-de-este-miercoles/
1969525,2025-11-13,11:54:55,La Unión Eléctrica pronostica una afectación de 1 170 MW para el horario pico nocturno,1170.0,1100.0,1750.0,2850.0,1428.0,18:20,False,750.0,,,,,647.0,1573.0,309.0,http://www.cubadebate.cu/noticias/2025/11/13/la-union-electrica-pronostica-una-afectacion-de-1-170-mw-para-el-horario-pico-nocturno-2/
1969871,2025-11-15,10:41:10,Unión Eléctrica pronostica para este sábado afectación de 1490 MW en horario pico,1490.0,1420.0,1660.0,3080.0,1429.0,18:00,False,650.0,,,,,737.0,1441.0,523.0,http://www.cubadebate.cu/noticias/2025/11/15/union-electrica-pronostica-para-este-sabado-afectacion-de-1490-mw-en-horario-pico/
1969999,2025-11-16,10:03:26,Unión Eléctrica pronostica una afectación de 1 475 MW en el horario pico nocturno,1475.0,1405.0,1595.0,3000.0,1326.0,18:40,False,750.0,,,,,693.0,2452.0,515.0,http://www.cubadebate.cu/noticias/2025/11/16/union-electrica-pronostica-una-afectacion-de-1-475-mw-en-el-horario-pico-nocturno/
1970194,2025-11-17,08:37:28,Unión Eléctrica pronostica afectación de 1529 MW para la máxima demanda de hoy,1529.0,1459.0,1506.0,2126.0,1515.0,18:00,False,,,,,,678.0,,,http://www.cubadebate.cu/noticias/2025/11/17/union-electrica-pronostica-afectacion-de-1529-mw-para-la-maxima-demanda-de-hoy/
1970360,2025-11-18,12:00:17,Unión Eléctrica pronostica afectación de 1735 MW para la máxima demanda de hoy,1735.0,1665.0,1435.0,3100.0,1523.0,18:00,True,950.0,,,,,678.0,2020.0,425.0,http://www.cubadebate.cu/noticias/2025/11/18/union-electrica-pronostica-afectacion-de-1735-mw-para-la-maxima-demanda-de-hoy/
1970668,2025-11-20,08:19:23,Unión Electrica estima afectación de 1776 MW para la máxima demanda de hoy,1776.0,1706.0,1494.0,3200.0,,18:10,True,1150.0,,,,,,2669.0,,http://www.cubadebate.cu/noticias/2025/11/20/union-electrica-estima-afectacion-de-1776-mw-para-la-maxima-demanda-de-hoy/
1970800,2025-11-21,09:01:26,Unión Eléctrica estima afectación de 1605 MW para la máxima demanda de este viernes,1605.0,1535.0,1665.0,3200.0,1790.0,18:30,True,900.0,,,,528.0,,2739.0,486.0,http://www.cubadebate.cu/noticias/2025/11/21/union-electrica-estima-afectacion-de-1605-mw-para-la-maxima-demanda-de-este-viernes/
1971017,2025-11-22,08:47:04,Unión Eléctrica prevé afectación de 1685 MW en horario pico este sábado,1685.0,1615.0,1665.0,3280.0,1707.0,18:10,True,980.0,,,,590.0,,2787.0,462.0,http://www.cubadebate.cu/noticias/2025/11/22/union-electrica-preve-afectacion-de-1685-mw-en-horario-pico-este-sabado/
1971115,2025-11-23,08:38:24,UNE pronostica para pico nocturno afectación de 1735 MW,1735.0,1665.0,1535.0,3200.0,1733.0,19:00,True,850.0,1505.0,2214.0,721.0,505.0,,2479.0,465.0,http://www.cubadebate.cu/noticias/2025/11/23/une-pronostica-para-pico-nocturno-afectacion-de-1735-mw/
1971227,2025-11-24,09:24:56,UNE prevé afectación de 1 625 MW en horario pico este lunes,1625.0,1555.0,1595.0,3150.0,1700.0,19:00,True,950.0,,,,584.0,802.0,2970.0,533.0,http://www.cubadebate.cu/noticias/2025/11/24/une-preve-afectacion-de-1-625-mw-en-horario-pico-este-lunes/
1971557,2025-11-25,08:46:42,Unión Eléctrica pronostica déficit de 1800 MW para el pico nocturno de este martes,1800.0,1730.0,1520.0,3250.0,1731.0,18:10,True,950.0,1520.0,2350.0,980.0,600.0,,2779.0,509.0,http://www.cubadebate.cu/noticias/2025/11/25/union-electrica-pronostica-deficit-de-1800-mw-para-el-pico-nocturno-de-este-martes/
1972030,2025-11-27,08:36:00,Unión Eléctrica pronostica 1796 MW de afectación para la máxima demanda de hoy,1796.0,1726.0,1424.0,2409.0,,19:00,False,,,,,,100.0,,,http://www.cubadebate.cu/noticias/2025/11/27/union-electrica-pronostica-1796-mw-de-afectacion-para-la-maxima-demanda-de-hoy/
1972640,2025-11-29,12:30:05,Prevén afectación de 1 745 MW para el horario pico nocturno de este sábado,1745.0,1745.0,,,,,True,,,,,,884.0,,,http://www.cubadebate.cu/noticias/2025/11/29/preven-afectacion-de-1-745-mw-para-el-horario-pico-nocturno-de-este-sabado/
1972739,2025-11-30,09:16:02,UNE pronostica afectación de 1 750 MW en pico nocturno de este domingo,1750.0,1680.0,1570.0,3250.0,1775.0,18:30,True,1050.0,,,,,895.0,2255.0,473.0,http://www.cubadebate.cu/noticias/2025/11/30/une-pronostica-afectacion-de-1-750-mw-en-pico-nocturno-de-este-domingo/
1972852,2025-12-01,08:48:11,Unión Eléctrica pronostica afectación de 1995 MW en la máxima demanda de hoy,1995.0,1995.0,,,,,True,,,,,,68.0,,,http://www.cubadebate.cu/noticias/2025/12/01/union-electrica-pronostica-afectacion-1995-mw-en-la-maxima-demanda-de-hoy/
1973457,2025-12-04,08:50:33,La Unión Eléctrica pronostica una afectación de 1 830 MW para el horario pico nocturno,1830.0,1760.0,1440.0,3200.0,2152.0,19:10,True,1200.0,,,,,716.0,1502.0,190.0,http://www.cubadebate.cu/noticias/2025/12/04/la-union-electrica-pronostica-una-afectacion-de-1-830-mw-para-el-horario-pico-nocturno/
1973600,2025-12-05,08:57:50,Unión Eléctrica pronostica afectación de 2 078 MW para pico nocturno de este viernes,2078.0,2008.0,1392.0,3400.0,1982.0,19:00,True,1200.0,,,,,716.0,2722.0,516.0,http://www.cubadebate.cu/noticias/2025/12/05/union-electrica-pronostica-afectacion-de-2-078-mw-para-el-horario-pico-nocturno-de-este-viernes/
1973709,2025-12-06,09:04:53,Pronostican afectación de hasta 2 040 megawatts durante el horario pico nocturno de este sábado,2040.0,1970.0,1430.0,3400.0,,18:30,True,1200.0,,,,,893.0,2975.0,528.0,http://www.cubadebate.cu/noticias/2025/12/06/pronostican-afectacion-de-hasta-2-040-megawatts-durante-el-horario-pico-nocturno-de-este-sabado/
1973813,2025-12-07,08:41:13,UNE pronostica 2012 MW de déficit en pico nocturno,2012.0,1942.0,1358.0,3300.0,2091.0,18:10,True,1250.0,1298.0,2487.0,1206.0,,902.0,2941.0,546.0,http://www.cubadebate.cu/noticias/2025/12/07/une-pronostica-2012-mw-de-deficit-en-pico-nocturno/
1973953,2025-12-08,09:08:34,Unión Eléctrica estima afectación de 2062 MW para la máxima demanda de este lunes,2062.0,2032.0,1075.0,2495.0,2084.0,18:10,True,,,,,,890.0,2602.0,,http://www.cubadebate.cu/noticias/2025/12/08/union-electrica-estima-afectacion-de-2062-mw-para-la-maxima-demanda-de-este-lunes/
1974081,2025-12-09,09:49:53,UNE prevé afectación de 1 970 MW en horario pico este martes,1970.0,1900.0,1300.0,3200.0,2185.0,18:10,True,1300.0,,,,335.0,895.0,2158.0,398.0,http://www.cubadebate.cu/noticias/2025/12/09/une-preve-afectacion-de-1-970-mw-en-horario-pico-este-martes/
1974179,2025-12-10,09:23:03,La Unión Eléctrica pronostica una afectación de 1790 MW en el horario pico de este miércoles,1790.0,1760.0,1540.0,3300.0,2185.0,18:10,True,1350.0,,,,,911.0,2158.0,398.0,http://www.cubadebate.cu/noticias/2025/12/10/la-union-electrica-pronostica-una-afectacion-de-1790-mw-en-el-horario-pico-de-este-miercoles/
1974389,2025-12-11,09:02:53,Unión Eléctrica pronostica una afectación de 1865 MW en el horario pico,1865.0,1835.0,1565.0,3400.0,1861.0,18:30,True,1000.0,,,,,913.0,2510.0,470.0,http://www.cubadebate.cu/noticias/2025/12/11/union-electrica-pronostica-una-afectacion-de-1865-mw-en-el-horario-pico/
1974573,2025-12-12,09:14:12,UNE prevé afectación de 1 770 MW en horario pico nocturno de este viernes,1770.0,1740.0,1560.0,3300.0,1748.0,18:10,True,900.0,,,,,919.0,2665.0,536.0,http://www.cubadebate.cu/noticias/2025/12/12/une-preve-afectacion-de-1-770-mw-en-horario-pico-nocturno-de-este-viernes/
1974714,2025-12-13,08:35:59,Unión Eléctrica prevé afectación de 1915 MW en horario pico este sábado,1915.0,1885.0,1565.0,3450.0,1917.0,18:30,True,900.0,,,,,913.0,2452.0,515.0,http://www.cubadebate.cu/noticias/2025/12/13/union-electrica-preve-afectacion-de-1915-mw-en-horario-pico-este-sabado/
1974892,2025-12-14,09:12:56,Unión Eléctrica pronostica afectación de 1860 MW en horario pico este domingo,1860.0,1830.0,1520.0,3350.0,1955.0,18:00,True,900.0,,,,,909.0,2105.0,450.0,http://www.cubadebate.cu/noticias/2025/12/14/union-electrica-pronostica-afectacion-de-1860-mw-en-horario-pico-este-domingo/
1975160,2025-12-16,10:48:49,Unión Eléctrica pronostica una afectación de 1940 MW en el horario pico nocturno,1940.0,1910.0,1440.0,3350.0,2007.0,18:40,True,1100.0,1420.0,2350.0,950.0,,913.0,2110.0,523.0,http://www.cubadebate.cu/noticias/2025/12/16/union-electrica-pronostica-una-afectacion-de-1940-mw-en-el-horario-pico-nocturno/
1975646,2025-12-18,08:09:31,UNE pronostica una afectación de 1 900 MW en el horario pico nocturno,1900.0,1870.0,1530.0,3400.0,1948.0,18:30,True,1100.0,,,,,768.0,2921.0,600.0,http://www.cubadebate.cu/noticias/2025/12/18/une-pronostica-una-afectacion-de-1-900-mw-en-el-horario-pico-nocturno/
1975935,2025-12-19,09:34:49,Unión Eléctrica pronostica una afectación de 1 970 MW para el horario pico nocturno de este viernes,1970.0,1940.0,1440.0,3380.0,1989.0,18:10,True,1100.0,,,,,798.0,2823.0,520.0,http://www.cubadebate.cu/noticias/2025/12/19/union-electrica-pronostica-una-afectacion-de-1-970-mw-para-el-horario-pico-nocturno-de-este-viernes/
1976075,2025-12-20,08:39:29,La UNE pronostica una afectación de 1955 MW para el horario pico de este sábado,1955.0,1925.0,1475.0,3400.0,2021.0,18:10,True,1100.0,,,,,842.0,2790.0,502.0,http://www.cubadebate.cu/noticias/2025/12/20/la-une-pronostica-una-afectacion-de-1955-mw-para-el-horario-pico-de-este-sabado/
1976204,2025-12-21,08:51:10,UNE estima un déficit en pico nocturno de 1980 MW,1980.0,1950.0,1500.0,3450.0,2013.0,18:30,True,1250.0,1450.0,2450.0,950.0,,875.0,2669.0,503.0,http://www.cubadebate.cu/noticias/2025/12/21/une-estima-un-deficit-en-pico-nocturno-de-1980-mw/
1976503,2025-12-23,09:26:16,UNE prevé afectación de 1961 MW en horario pico este martes,1961.0,1931.0,1469.0,3400.0,1984.0,18:20,True,1150.0,,,,,866.0,2320.0,459.0,http://www.cubadebate.cu/noticias/2025/12/23/une-preve-afectacion-de-1961-mw-en-horario-pico-este-martes/
1976600,2025-12-24,09:40:33,UNE prevé afectación de 1990 MW en horario pico nocturno este miércoles,1990.0,1960.0,1340.0,3300.0,2184.0,18:30,True,1150.0,,,,,903.0,2418.0,479.0,http://www.cubadebate.cu/noticias/2025/12/24/une-preve-afectacion-de-1990-mw-en-horario-pico-nocturno-este-miercoles/
1976733,2025-12-25,09:28:33,UNE pronostica una afectación de 1 965 MW en el horario pico nocturno,1965.0,1935.0,1365.0,3300.0,2015.0,18:30,True,1400.0,,,,,903.0,2843.0,565.0,http://www.cubadebate.cu/noticias/2025/12/25/une-pronostica-una-afectacion-de-1-965-mw-en-el-horario-pico-nocturno/
1976814,2025-12-26,09:50:53,UNE pronostica para el horario pico de este viernes una afectación de 1 890 MW,1890.0,1860.0,1490.0,3350.0,2171.0,18:20,True,1100.0,,,,,977.0,2903.0,584.0,http://www.cubadebate.cu/noticias/2025/12/26/une-pronostica-para-el-horario-pico-de-este-viernes-una-afectacion-de-1-890-mw/
1976937,2025-12-27,08:10:24,Unión Eléctrica estima afectación de 1800 MW en horario pico este sábado,1800.0,1770.0,1510.0,3280.0,1816.0,18:10,True,950.0,,,,,977.0,2901.0,561.0,http://www.cubadebate.cu/noticias/2025/12/27/union-electrica-estima-afectacion-de-1800-mw-en-horario-pico-este-sabado/
1977110,2025-12-28,09:31:25,Unión Eléctrica estima afectación de 1930 MW en horario pico este domingo,1930.0,1902.0,1468.0,3370.0,1956.0,18:30,True,1030.0,1370.0,1920.0,567.0,,780.0,2984.0,583.0,http://www.cubadebate.cu/noticias/2025/12/28/union-electrica-estima-afectacion-de-1930-mw-en-horario-pico-este-domingo/
1977183,2025-12-29,09:02:16,UNE estima afectación de 1 792 MW en horario pico nocturno de este lunes,1792.0,1762.0,1488.0,3250.0,2054.0,18:50,True,1180.0,,,,,754.0,3459.0,654.0,http://www.cubadebate.cu/noticias/2025/12/29/une-estima-afectacion-de-1-792-mw-en-horario-pico-nocturno-de-este-lunes/
1977376,2025-12-30,09:45:27,UNE prevé afectación de 1 760 MW en horario pico este martes,1760.0,1730.0,1570.0,3300.0,1882.0,18:20,True,950.0,,,,,754.0,3339.0,630.0,http://www.cubadebate.cu/noticias/2025/12/30/une-preve-afectacion-de-1-760-mw-en-horario-pico-este-martes/
1977459,2025-12-31,09:01:56,Unión Eléctrica pronostica afectación de 1315 MW en la máxima demanda de hoy,1315.0,1285.0,1480.0,1900.0,,18:10,True,250.0,,,,,609.0,3038.0,,http://www.cubadebate.cu/noticias/2025/12/31/union-electrica-pronostica-afectacion-de-1315-mw-en-la-maxima-demanda-de-hoy/
1977528,2026-01-01,10:01:26,UNE pronostica afectación de 1360 MW para horario pico nocturno,0.0,0.0,,,1219.0,18:10,False,150.0,,,,,700.0,2908.0,468.0,http://www.cubadebate.cu/noticias/2026/01/01/une-pronostica-afectacion-de-1360-mw-para-horario-pico-nocturno/
1977643,2026-01-02,09:10:54,La Unión Eléctrica pronostica una afectación de 1430 MW en el horario pico de este viernes,1430.0,1400.0,1550.0,2950.0,1506.0,18:30,False,400.0,,,,726.0,,2812.0,511.0,http://www.cubadebate.cu/noticias/2026/01/02/la-union-electrica-pronostica-una-afectacion-de-1430-mw-en-el-horario-pico-de-este-viernes/
1977836,2026-01-03,09:15:24,UNE pronostica déficit de 1612 MW para el horario pico de este sábado,1612.0,1612.0,1488.0,3100.0,1571.0,18:10,False,,,,,,753.0,,,http://www.cubadebate.cu/noticias/2026/01/03/une-pronostica-deficit-de-1612-mw-para-el-horario-pico-de-este-sabado/
1978501,2026-01-05,09:44:32,Unión Eléctrica pronostica afectación de 1660 MW para el pico nocturno de este lunes,1660.0,1630.0,1570.0,3200.0,1715.0,18:10,False,850.0,1570.0,2000.0,394.0,,843.0,2558.0,494.0,http://www.cubadebate.cu/noticias/2026/01/05/union-electrica-pronostica-afectacion-de-1660-mw-para-el-pico-nocturno-de-este-lunes/
1978700,2026-01-06,09:32:46,UNE prevé afectación de 1 797 MW en horario pico este martes,1797.0,1767.0,1533.0,3300.0,1863.0,18:20,False,1100.0,,,,,860.0,2884.0,560.0,http://www.cubadebate.cu/noticias/2026/01/06/une-preve-afectacion-de-1-797-mw-en-horario-pico-este-martes/
1978810,2026-01-07,08:48:48,Unión Eléctrica pronostica una afectación de 1680 MW en el pico nocturno de este miércoles,1680.0,1650.0,1550.0,3200.0,1710.0,18:20,True,750.0,1550.0,2040.0,520.0,,877.0,3062.0,649.0,http://www.cubadebate.cu/noticias/2026/01/07/union-electrica-pronostica-una-afectacion-de-1680-mw-en-el-pico-nocturno-de-este-miercoles/
1978989,2026-01-08,09:29:20,UNE pronostica afectación de 1670 MW para el pico nocturno de este jueves,1670.0,1640.0,1560.0,3200.0,1739.0,18:00,False,950.0,,,,,875.0,3224.0,654.0,http://www.cubadebate.cu/noticias/2026/01/08/une-pronostica-afectacion-de-1670-mw-para-el-pico-nocturno-de-este-jueves/
1979320,2026-01-09,10:03:28,La Unión Eléctrica pronostica una afectación de 1830 MW para el horario pico nocturno,1830.0,1800.0,1500.0,3300.0,1771.0,18:20,False,700.0,,,,,896.0,3084.0,629.0,http://www.cubadebate.cu/noticias/2026/01/09/la-union-electrica-pronostica-una-afectacion-de-1830-mw-para-el-horario-pico-nocturno/
1979461,2026-01-10,08:40:46,Unión Eléctrica pronostica afectación de 1705 MW para pico nocturno de este sábado,1705.0,1675.0,1605.0,3280.0,1776.0,18:30,True,750.0,,,,,882.0,3094.0,600.0,http://www.cubadebate.cu/noticias/2026/01/10/union-electrica-pronostica-afectacion-de-1705-mw-para-pico-nocturno-de-este-sabado/
1979578,2026-01-11,09:32:54,Unión Eléctrica pronostica afectación de1685 MW para pico nocturno de este domingo,1685.0,1655.0,1545.0,3200.0,1760.0,18:30,True,850.0,1495.0,2010.0,,,884.0,3207.0,617.0,http://www.cubadebate.cu/noticias/2026/01/11/union-electrica-pronostica-afectacion-de1685-mw-para-pico-nocturno-de-este-domingo/
1980563,2026-01-16,10:27:48,La UNE pronostica una afectación de 1780 MW para el horario pico de este viernes,1780.0,1750.0,1400.0,3150.0,2010.0,18:30,True,1100.0,,,,,927.0,2583.0,430.0,http://www.cubadebate.cu/noticias/2026/01/16/la-une-pronostica-una-afectacion-de-1780-mw-para-el-horario-pico-de-este-viernes/
1980696,2026-01-17,09:00:10,Prevén afectación de 1 864 MW durante el horario pico nocturno de este sábado,1864.0,1834.0,1330.0,1870.0,,,True,1050.0,,,,,,2750.0,,http://www.cubadebate.cu/noticias/2026/01/17/preven-afectacion-de-1-864-mw-durante-el-horario-pico-nocturno-de-este-sabado/
1980826,2026-01-18,09:32:30,UNE prevé afectación de 1 754 MW en horario pico este domingo,1754.0,1724.0,1426.0,3150.0,1995.0,18:40,True,1000.0,,,,625.0,915.0,2543.0,563.0,http://www.cubadebate.cu/noticias/2026/01/18/une-preve-afectacion-de-1-754-mw-en-horario-pico-este-domingo/
1980916,2026-01-19,09:14:08,Unión Eléctrica estima afectación de 1905 MW para la máxima demanda de hoy,1905.0,750.0,1360.0,2150.0,,,True,,,,,,927.0,,,http://www.cubadebate.cu/noticias/2026/01/19/union-electrica-estima-afectacion-de-1905-mw-para-la-maxima-demanda-de-hoy/
1981092,2026-01-20,09:25:03,UNE prevé afectación de 1 855 MW en horario pico este martes,1855.0,1825.0,1325.0,3150.0,1764.0,18:10,True,1250.0,,,,548.0,927.0,2085.0,398.0,http://www.cubadebate.cu/noticias/2026/01/20/une-preve-afectacion-de-1-855-mw-en-horario-pico-este-martes/
1981239,2026-01-21,09:28:50,UNE pronostica una afectación de 2 000 MW para el horario pico nocturno,2000.0,1970.0,1260.0,3230.0,1933.0,18:30,True,1200.0,,,,,,1736.0,328.0,http://www.cubadebate.cu/noticias/2026/01/21/une-pronostica-una-afectacion-de-2-000-mw-para-el-horario-pico-nocturno/
1981551,2026-01-23,09:25:44,La Unión Eléctrica pronostica una afectación de 1 790 MW para el horario pico nocturno,1970.0,1940.0,1260.0,3200.0,1930.0,18:40,True,1200.0,1260.0,2229.0,1011.0,,,3186.0,711.0,http://www.cubadebate.cu/noticias/2026/01/23/la-union-electrica-pronostica-una-afectacion-de-1-790-mw-para-el-horario-pico-nocturno-2/
1981809,2026-01-24,10:14:09,Unión Eléctrica pronostica una afectación de 1 845 MW para el horario pico nocturno,1845.0,1815.0,1335.0,3150.0,1905.0,18:30,True,1280.0,,,,,,3366.0,559.0,http://www.cubadebate.cu/noticias/2026/01/24/union-electrica-pronostica-una-afectacion-de-1-845-mw-para-el-horario-pico-nocturno/
1981907,2026-01-25,08:54:22,UNE pronostica un déficit de 1805 MW durante pico nocturno,1805.0,1775.0,1325.0,3100.0,1969.0,18:20,True,1100.0,1280.0,2230.0,955.0,,,3454.0,613.0,http://www.cubadebate.cu/noticias/2026/01/25/une-pronostica-un-deficit-de-1805-mw-durante-pico-nocturno/
1981991,2026-01-26,08:50:07,Unión Eléctrica estima afectación de 1987 MW para la máxima demanda de hoy,1987.0,1987.0,,,2005.0,18:20,True,,,,,,,3481.0,649.0,http://www.cubadebate.cu/noticias/2026/01/26/union-electrica-estima-afectacion-de-1987-mw-para-la-maxima-demanda-de-hoy/
1982617,2026-01-29,08:14:32,Unión Eléctrica pronostica una afectación de 1 795 MW en este horario,1795.0,1765.0,1385.0,3150.0,1832.0,18:30,True,1050.0,,,,,,1929.0,284.0,http://www.cubadebate.cu/noticias/2026/01/29/union-electrica-pronostica-una-afectacion-de-1-795-mw-en-este-horario/
1982788,2026-01-30,09:27:54,Unión Eléctrica pronostica una afectación de 1 785 MW en pico nocturno de este viernes,1785.0,1755.0,1325.0,3100.0,1890.0,18:30,True,1150.0,,,,,,2528.0,488.0,http://www.cubadebate.cu/noticias/2026/01/30/union-electrica-pronostica-una-afectacion-de-1-785-mw-en-pico-nocturno-de-este-viernes/
1982912,2026-01-31,09:11:14,La Unión Eléctrica pronostica una afectación de 1 910 MW para el horario pico nocturno,1910.0,1880.0,1160.0,3040.0,1916.0,18:20,True,1150.0,,,,,,2080.0,431.0,http://www.cubadebate.cu/noticias/2026/01/31/la-union-electrica-pronostica-una-afectacion-de-1-910-mw-para-el-horario-pico-nocturno/
1983086,2026-02-01,10:29:48,Unión Eléctrica pronostica una afectación de 1810 MW en el horario de máxima demanda,1810.0,1780.0,1270.0,3050.0,1941.0,18:40,True,1340.0,,,,,,2541.0,451.0,http://www.cubadebate.cu/noticias/2026/02/01/union-electrica-pronostica-una-afectacion-de-1810-mw-en-el-horario-de-maxima-demanda/
1983256,2026-02-02,08:51:35,Unión Eléctrica estima afectación de 1880 MW para la máxima demanda de hoy,1880.0,1880.0,,,,,False,,,,,,,,,http://www.cubadebate.cu/noticias/2026/02/02/union-electrica-estima-afectacion-de-1880-mw-para-la-maxima-demanda-de-hoy/
1983401,2026-02-03,09:25:10,UNE prevé afectación de 1 880 MW en horario pico este martes,1880.0,1850.0,1200.0,3050.0,1968.0,18:40,False,980.0,,,,,,2959.0,513.0,http://www.cubadebate.cu/noticias/2026/02/03/une-preve-afectacion-de-1-880-mw-en-horario-pico-este-martes/
1983484,2026-02-04,09:29:54,La Unión Eléctrica pronostica una afectación de 1 540 MW para el horario pico nocturno,1540.0,1510.0,1440.0,2950.0,1781.0,18:20,False,750.0,,,,,,3206.0,606.0,http://www.cubadebate.cu/noticias/2026/02/04/la-union-electrica-pronostica-una-afectacion-de-1-540-mw-para-el-horario-pico-nocturno/
1983838,2026-02-06,08:00:09,La Unión Eléctrica pronostica una afectación de 1 760 MW para el horario pico nocturno,1760.0,1730.0,1394.0,3100.0,1844.0,18:20,False,,,,,,,,,http://www.cubadebate.cu/noticias/2026/02/06/la-union-electrica-pronostica-una-afectacion-de-1-760-mw-para-el-horario-pico-nocturno/
1984204,2026-02-07,08:50:23,Pronostica la UNE afectación de 1542 MW durante la noche de este sábado,1542.0,1542.0,,,1618.0,18:20,False,,,,,,,3573.0,,http://www.cubadebate.cu/noticias/2026/02/07/pronostica-la-une-afectacion-de-1542-mw-durante-la-noche-de-este-sabado/
1984322,2026-02-08,08:51:46,UNE prevé déficit de 1546 MW para pico nocturno,1546.0,1516.0,1464.0,2980.0,1536.0,18:20,False,900.0,1280.0,1740.0,490.0,,,3377.0,598.0,http://www.cubadebate.cu/noticias/2026/02/08/une-preve-deficit-de-1546-mw-para-pico-nocturno/
1984437,2026-02-09,10:34:47,Unión Eléctrica estima afectación de 1906 MW en la máxima demanda de hoy,1906.0,1906.0,,,,18:30,False,,,,,,,4259.0,,http://www.cubadebate.cu/noticias/2026/02/09/union-electrica-estima-afectacion-de-1906-mw-en-la-maxima-demanda-de-hoy/
1984607,2026-02-10,09:18:27,UNE prevé afectación de 1 996 MW en horario pico este martes,1996.0,1966.0,1134.0,3100.0,1880.0,18:40,True,1150.0,,,,588.0,,4112.0,767.0,http://www.cubadebate.cu/noticias/2026/02/10/une-preve-afectacion-de-1-996-mw-en-horario-pico-este-martes/
1984730,2026-02-11,08:32:02,Pronostican entrada de la Guiteras y un déficit de 1790 MW en el pico nocturno,1790.0,1760.0,1290.0,3050.0,1917.0,18:40,True,1050.0,1005.0,1674.0,703.0,,,4349.0,824.0,http://www.cubadebate.cu/noticias/2026/02/11/pronostican-entrada-de-la-guiteras-y-un-deficit-de-1790-mw-en-el-pico-nocturno/
1984907,2026-02-12,09:31:44,La Unión Eléctrica pronostica una afectación de 1760 MW para el horario pico nocturno,1760.0,1730.0,1270.0,3000.0,2011.0,19:30,True,1050.0,,,,,,4653.0,903.0,http://www.cubadebate.cu/noticias/2026/02/12/la-union-electrica-pronostica-una-afectacion-de-1760-mw-para-el-horario-pico-nocturno/
1984999,2026-02-13,08:46:35,UNE pronostica afectación de 1769 MW en pico nocturno de este viernes,1769.0,1739.0,1361.0,3100.0,1738.0,19:10,True,900.0,,,,,,5066.0,840.0,http://www.cubadebate.cu/noticias/2026/02/13/une-pronostica-afectacion-de-1769-mw-en-pico-nocturno-de-este-viernes/
1985261,2026-02-14,09:17:27,Unión Eléctrica pronostica una afectación de 1 741 MW para el horario pico nocturna,1741.0,1711.0,1389.0,3100.0,1719.0,19:20,True,750.0,,,,,,4711.0,770.0,http://www.cubadebate.cu/noticias/2026/02/14/union-electrica-pronostica-una-afectacion-de-1-741-mw-para-el-horario-pico-nocturna/
1985363,2026-02-15,08:43:27,Unión Eléctrica pronostica afectación de 1673 MW para la máxima demanda de hoy,1673.0,1673.0,,,,19:20,True,750.0,,,,,,,,http://www.cubadebate.cu/noticias/2026/02/15/union-electrica-pronostica-afectacion-de-1673-mw-para-la-maxima-demanda-de-hoy/
1985521,2026-02-16,10:04:43,Unión Eléctrica pronostica afectación de 1753 MW para la máxima demanda de este lunes,1753.0,1723.0,1457.0,3180.0,1698.0,19:10,True,850.0,,,,,,4483.0,800.0,http://www.cubadebate.cu/noticias/2026/02/16/union-electrica-pronostica-afectacion-de-1753-mw-para-la-maxima-demanda-de-este-lunes/
1985648,2026-02-17,08:45:31,Unión Eléctrica estima afectación de 1790 MW para la máxima demanda de hoy,1790.0,1790.0,,,,19:10,True,850.0,,,,,,3771.0,,http://www.cubadebate.cu/noticias/2026/02/17/union-electrica-estima-afectacion-de-1790-mw-para-la-maxima-demanda-de-hoy-2/
1985815,2026-02-18,10:46:28,La Unión Eléctrica pronostica una afectación de 1 763 MW para el horario pico nocturno,1763.0,1733.0,1437.0,3170.0,1793.0,19:10,True,900.0,,,,,,3968.0,760.0,http://www.cubadebate.cu/noticias/2026/02/18/la-union-electrica-pronostica-una-afectacion-de-1-763-mw-para-el-horario-pico-nocturno/
1985957,2026-02-19,09:11:43,Pronostica la  Unión Eléctrica  una afectación de 1 943 MW para el horario pico nocturno,1943.0,1943.0,,,,19:10,True,,,,,,,,,http://www.cubadebate.cu/noticias/2026/02/19/pronostica-la-union-electrica-una-afectacion-de-1-943-mw-para-el-horario-pico-nocturno/
1986271,2026-02-20,08:44:34,UNE pronostica afectación de 1 768 MW para el pico nocturno de este viernes,1768.0,1738.0,1412.0,3150.0,1887.0,19:10,True,900.0,,,,,,4879.0,858.0,http://www.cubadebate.cu/noticias/2026/02/20/une-pronostica-afectacion-de-1-768-mw-para-el-pico-nocturno-de-este-viernes/
1986519,2026-02-21,09:26:57,Pronostican para el horario pico de este sábado una afectación superior a los 1700 MW,1700.0,1681.0,,,1769.0,19:10,True,850.0,,,,,,,827.0,http://www.cubadebate.cu/noticias/2026/02/21/pronostican-para-el-horario-pico-de-este-sabado-una-afectacion-superior-a-los-1700-mw/
1986637,2026-02-22,08:24:09,Unión Eléctrica pronostica 1658 MW de déficit en pico nocturno este domingo,1658.0,1628.0,1472.0,3100.0,1675.0,19:10,True,850.0,1240.0,2230.0,970.0,373.0,,4050.0,823.0,http://www.cubadebate.cu/noticias/2026/02/22/union-electrica-pronostica-1658-mw-de-deficit-en-pico-nocturno-este-domingo/
1986760,2026-02-23,09:06:36,Unión Eléctrica pronostica 1680 MW de déficit en pico nocturno,1680.0,1650.0,1500.0,3150.0,1748.0,19:10,True,950.0,,,,,,4051.0,762.0,http://www.cubadebate.cu/noticias/2026/02/23/union-electrica-pronostica-1680-mw-de-deficit-en-pico-nocturno/
1986926,2026-02-24,09:25:52,UNE prevé afectación de 1 800 MW en horario pico este martes,1800.0,1770.0,1230.0,3000.0,1748.0,19:10,True,950.0,,,,,,4114.0,734.0,http://www.cubadebate.cu/noticias/2026/02/24/une-preve-afectacion-de-1-800-mw-en-horario-pico-este-martes/
1987372,2026-02-26,08:15:33,Pronostica la Unión Eléctrica  afectación de 1784 MW para la hora pico de este jueves,1784.0,1784.0,,,,,True,,,,,,,,,http://www.cubadebate.cu/noticias/2026/02/26/pronostica-la-empresa-electrica-afectacion-de-1784-mw-para-la-hora-pico-de-este-jueves/
1987789,2026-02-28,08:33:00,UNE pronostica una afectación de 1 720 MW para el horario pico nocturno,1720.0,1690.0,1490.0,3180.0,1776.0,19:00,True,1100.0,,,,,,4408.0,762.0,http://www.cubadebate.cu/noticias/2026/02/28/une-pronostica-una-afectacion-de-1-720-mw-para-el-horario-pico-nocturno/
1988179,2026-03-01,09:23:16,La Unión Eléctrica pronostica una afectación de 1 678 MW para el horario pico nocturno,1678.0,1648.0,1532.0,3180.0,1718.0,19:10,True,850.0,,,,,,4647.0,802.0,http://www.cubadebate.cu/noticias/2026/03/01/la-union-electrica-pronostica-una-afectacion-de-1-678-mw-para-el-horario-pico-nocturno/
1988311,2026-03-02,10:09:15,La Unión Eléctrica pronostica una afectación de 2 025 MW para el horario pico nocturno,2025.0,1995.0,1185.0,3180.0,1679.0,19:00,True,950.0,,,,,,4466.31,840.0,http://www.cubadebate.cu/noticias/2026/03/02/la-union-electrica-pronostica-una-afectacion-de-2-025-mw-para-el-horario-pico-nocturno/
1988470,2026-03-03,09:16:21,UNE prevé afectación de 1 990 MW en horario pico este martes,1990.0,1960.0,1190.0,3150.0,1947.0,19:20,True,1100.0,,,,,,4132.0,602.0,http://www.cubadebate.cu/noticias/2026/03/03/une-preve-afectacion-de-1-990-mw-en-horario-pico-este-martes/
1988645,2026-03-04,09:26:17,La Unión Eléctrica pronostica una afectación de 1 950 MW para el horario pico nocturno,1950.0,1920.0,1180.0,3100.0,1917.0,19:10,True,1050.0,,,,,,4332.0,741.0,http://www.cubadebate.cu/noticias/2026/03/04/la-union-electrica-pronostica-una-afectacion-de-1-950-mw-para-el-horario-pico-nocturno/
1989090,2026-03-06,08:25:59,Unión Eléctrica mantiene altos déficits de generación: 2075 MW para el pico de este viernes,2075.0,2035.0,1015.0,3050.0,2158.0,19:10,True,1450.0,970.0,2150.0,1170.0,,,1198.0,228.0,http://www.cubadebate.cu/noticias/2026/03/06/union-electrica-mantiene-altos-deficits-de-generacion-2075-mw-para-el-pico-de-este-viernes/
1989251,2026-03-07,10:03:56,Unión Eléctrica pronostica afectación de 1 924 MW en pico nocturno de este sábado,1924.0,1894.0,1156.0,3050.0,2046.0,19:10,True,1250.0,,,,,,2732.0,359.0,http://www.cubadebate.cu/noticias/2026/03/07/union-electrica-pronostica-afectacion-de-1-924-mw-en-pico-nocturno-de-este-sabado/
1989335,2026-03-08,08:50:22,UNE pronostica déficit de 1885 MW en pico nocturno tras sincronización de Guiteras,1885.0,1855.0,1195.0,3050.0,1958.0,19:30,True,1100.0,1035.0,2100.0,1085.0,581.0,,2898.0,369.0,http://www.cubadebate.cu/noticias/2026/03/08/une-pronostica-deficit-de-1885-mw-en-pico-nocturno/
1989488,2026-03-09,09:36:13,Unión Eléctrica pronostica afectación de 1 850 MW en pico nocturno de este lunes,1850.0,1830.0,1250.0,3080.0,1804.0,19:40,True,1100.0,,,,,,3234.0,585.0,http://www.cubadebate.cu/noticias/2026/03/09/union-electrica-pronostica-afectacion-de-1-850-mw-en-pico-nocturno-de-este-lunes/
1989638,2026-03-10,08:47:07,Unión Eléctrica estima una afectación de 1880 MW en el horario pico nocturno de este martes,1880.0,1850.0,1250.0,3100.0,1937.0,19:50,True,1150.0,1180.0,2320.0,1165.0,,,4041.0,722.0,http://www.cubadebate.cu/noticias/2026/03/10/union-electrica-estima-una-afectacion-de-1880-mw-en-el-horario-pico-nocturno-de-este-martes/
1989771,2026-03-11,09:35:34,Unión Eléctrica pronostica una afectación de 1900 MW para la máxima demanda de hoy,1900.0,1900.0,,,,,True,,,,,,,,,http://www.cubadebate.cu/noticias/2026/03/11/union-electrica-pronostica-una-afectacion-de-1900-mw-para-la-maxima-demanda-de-hoy/
1989877,2026-03-12,09:50:09,Unión Eléctrica pronostica afectación de 1905 MW en el horario pico,1905.0,1875.0,1185.0,3060.0,1840.0,20:30,True,1150.0,1185.0,2380.0,1205.0,,,3809.0,610.0,http://www.cubadebate.cu/noticias/2026/03/12/union-electrica-pronostica-afectacion-de-1905-mw-en-el-horario-pico/
1990172,2026-03-13,11:31:09,Unión Eléctrica pronostica afectación de 1832 MW para pico nocturno de este viernes,1832.0,1802.0,1198.0,3000.0,1905.0,20:00,True,1250.0,,,,,,4289.0,804.0,http://www.cubadebate.cu/noticias/2026/03/13/union-electrica-pronostica-afectacion-de-1832-mw-para-pico-nocturno-de-este-viernes/
1990404,2026-03-15,09:48:53,Unión Eléctrica pronostica afectación de 1760 MW para pico nocturno de este domingo,1760.0,1730.0,1320.0,3050.0,1999.0,19:10,True,1300.0,,,,,,4161.0,707.0,http://www.cubadebate.cu/noticias/2026/03/15/union-electrica-pronostica-afectacion-de-1760-mw-para-pico-nocturno-de-este-domingo/
1990607,2026-03-16,08:27:38,Unión Eléctrica pronostica una afectación de 1 960 MW en el horario pico nocturno,1960.0,1930.0,1220.0,3150.0,1891.0,19:20,True,1250.0,,,,,,4262.0,732.0,http://www.cubadebate.cu/noticias/2026/03/16/union-electrica-pronostica-una-afectacion-de-1-960-mw-en-el-horario-pico-nocturno/
1991176,2026-03-18,10:08:22,Unión Eléctrica pronostica afectación de 1864 MW para pico nocturno de este miércoles,1864.0,1834.0,1166.0,3000.0,,,False,1250.0,,,,540.0,,,,http://www.cubadebate.cu/noticias/2026/03/18/1991176/
1991315,2026-03-19,09:10:41,Unión Eléctrica pronostica afectación de 1750 MW para pico nocturno de este jueves,1750.0,1750.0,1280.0,,,19:20,True,,,,,,,,,http://www.cubadebate.cu/noticias/2026/03/19/union-electrica-pronostica-afectacion-de-1750-mw-para-pico-nocturno-de-este-jueves/
1991561,2026-03-20,12:19:24,Unión Eléctrica pronostica afectación de 1 864 MW para pico nocturno de este viernes,1864.0,1834.0,1216.0,3050.0,1847.0,19:00,True,1100.0,,,,,,1505.0,236.0,http://www.cubadebate.cu/noticias/2026/03/20/union-electrica-pronostica-afectacion-de-1-864-mw-para-pico-nocturno-de-este-viernes/
1991673,2026-03-21,09:28:00,Pronostica la UNE afectación de 1 770 MW en horario pico nocturno de este sábado,1770.0,1740.0,1210.0,2950.0,1782.0,19:40,True,,,,,,,3012.0,428.0,http://www.cubadebate.cu/noticias/2026/03/21/pronostica-la-une-afectacion-de-1-770-mw-en-horario-pico-nocturno-de-este-sabado/
1991965,2026-03-23,09:20:28,Unión Eléctrica pronostica afectación de 1 857 MW para pico nocturno de este lunes,1857.0,1827.0,1223.0,3050.0,,,False,1100.0,,,,,,,,http://www.cubadebate.cu/noticias/2026/03/23/union-electrica-pronostica-afectacion-de-1-857-mw-para-pico-nocturno-de-este-lunes/
1992093,2026-03-24,09:46:03,Unión Eléctrica estima 1855 MW de afectación para la máxima demanda de hoy,1855.0,1825.0,1125.0,2950.0,1773.0,20:40,True,1100.0,1125.0,2150.0,1042.0,,,4874.0,753.0,http://www.cubadebate.cu/noticias/2026/03/24/union-electrica-estima-1855-mw-de-afectacion-para-la-maxima-demanda-de-hoy/
1992237,2026-03-25,09:51:54,La Unión Eléctrica pronostica una afectación de 1 885 MW para el horario pico nocturno,1885.0,1855.0,1145.0,3000.0,1881.0,19:50,True,1300.0,,,,,,4219.0,556.0,http://www.cubadebate.cu/noticias/2026/03/25/la-union-electrica-pronostica-una-afectacion-de-1-885-mw-para-el-horario-pico-nocturno/
1992402,2026-03-26,10:03:07,La Unión Eléctrica pronostica una afectación de 1985 MW en el horario pico,1985.0,1955.0,1045.0,3000.0,1885.0,20:20,True,1300.0,1043.0,2334.0,1296.0,,,3760.0,592.0,http://www.cubadebate.cu/noticias/2026/03/26/la-union-electrica-pronostica-una-afectacion-de-1985-mw-en-el-horario-pico/
1992719,2026-03-27,09:22:12,Unión Eléctrica pronostica una afectación de 1725 MW en el horario pico de este viernes,1725.0,1695.0,1285.0,2980.0,1917.0,20:40,True,1300.0,,,,,,3890.0,520.0,http://www.cubadebate.cu/noticias/2026/03/27/union-electrica-pronostica-una-afectacion-de-1725-mw-en-el-horario-pico-de-este-viernes/
1992854,2026-03-28,08:47:59,Unión Eléctrica prevé una afectación de 1660 MW en el pico nocturno de este sábado,1660.0,1630.0,1370.0,3000.0,1768.0,19:20,True,1100.0,1230.0,2250.0,982.0,,,3445.0,558.0,http://www.cubadebate.cu/noticias/2026/03/28/union-electrica-preve-una-afectacion-de-1660-mw-en-el-pico-nocturno-de-este-sabado/
1992975,2026-03-29,09:28:18,Unión Eléctrica pronostica una afectación de 1 770 MW en el horario pico nocturno,1770.0,1740.0,1360.0,3100.0,1727.0,20:40,True,1100.0,,,,,,4102.0,562.0,http://www.cubadebate.cu/noticias/2026/03/29/union-electrica-pronostica-una-afectacion-de-1-770-mw-en-el-horario-pico-nocturno/
1993092,2026-03-30,09:30:03,Unión Eléctrica pronostica una afectación de 1 850 MW en el horario pico nocturno,1850.0,1820.0,1230.0,3050.0,1696.0,19:40,True,1250.0,,,,,,4389.0,663.0,http://www.cubadebate.cu/noticias/2026/03/30/union-electrica-pronostica-una-afectacion-de-1-850-mw-en-el-horario-pico-nocturno/
1993283,2026-03-31,10:06:39,Unión Eléctrica pronostica 1920 MW de afectación para la máxima demanda de este martes,1920.0,1890.0,1190.0,3080.0,,20:40,True,1350.0,,,,,,4392.0,,http://www.cubadebate.cu/noticias/2026/03/31/union-electrica-pronostica-1920-mw-de-afectacion-para-la-maxima-demanda-de-este-martes/
1993376,2026-04-01,08:25:09,UNE pronostica una afectación de 1 755 MW en el horario pico nocturno,1755.0,1725.0,1375.0,3100.0,1945.0,19:50,True,1300.0,,,,,,3561.0,518.0,http://www.cubadebate.cu/noticias/2026/04/01/une-pronostica-una-afectacion-de-1-755-mw-en-el-horario-pico-nocturno/
1993587,2026-04-02,08:15:08,Unión Eléctrica pronóstica una afectación de 1585 MW en el horario pico nocturno de este jueves,1585.0,1585.0,,,,20:20,True,1050.0,,,,,,,,http://www.cubadebate.cu/noticias/2026/04/02/union-electrica-pronostica-una-afectacion-de-1585-mw-en-el-horario-pico-nocturno-de-este-jueves/
1993888,2026-04-03,08:19:48,Unión Eléctrica pronóstica una afectación de 1585 MW en el horario pico nocturno de este viernes,1585.0,1555.0,1445.0,3000.0,1609.0,19:10,True,1050.0,1335.0,2345.0,1004.0,,,3303.0,563.0,http://www.cubadebate.cu/noticias/2026/04/03/union-electrica-pronostica-una-afectacion-de-1585-mw-en-el-horario-pico-nocturno-de-este-viernes/
1994083,2026-04-04,08:41:04,Pronostican afectación de 1 570 MW en el horario pico nocturno de este sábado,1570.0,1540.0,1460.0,,,,True,,,,,,,,,http://www.cubadebate.cu/noticias/2026/04/04/pronostican-afectacion-de-1-570-mw-en-el-horario-pico-nocturno-de-este-sabado/
1994213,2026-04-05,09:04:13,UNE prevé afectación de 1 752 MW en horario pico este domingo,1752.0,1722.0,1278.0,3000.0,1665.0,20:00,True,1250.0,,,,450.0,,3915.0,477.0,http://www.cubadebate.cu/noticias/2026/04/05/une-preve-afectacion-de-1-752-mw-en-horario-pico-este-domingo/
1994310,2026-04-06,09:34:57,UNE pronóstica afectación de 1 845 MW en el horario pico tras salida de Guiteras,1845.0,1815.0,1205.0,3020.0,1740.0,20:30,True,1400.0,,,,,,3665.0,543.0,http://www.cubadebate.cu/noticias/2026/04/06/une-pronostica-afectacion-de-1-845-mw-horario-pico-tras-salida-de-guiteras/
1994791,2026-04-10,09:00:38,Unión Eléctrica pronostica una afectación de 1 630 MW para el horario pico nocturno,1630.0,1600.0,1400.0,3000.0,1776.0,20:00,True,1350.0,,,,,,3989.0,485.0,http://www.cubadebate.cu/noticias/2026/04/10/union-electrica-pronostica-una-afectacion-de-1-630-mw-para-el-horario-pico-nocturno/
1995054,2026-04-11,09:20:28,Unión Eléctrica pronostica una afectación de 1515 MW para el horario pico nocturno,1515.0,1485.0,1515.0,3000.0,1776.0,20:00,True,1000.0,1455.0,2380.0,964.0,,,3837.0,546.0,http://www.cubadebate.cu/noticias/2026/04/11/1995054/
1995273,2026-04-12,08:58:37,Unión Eléctrica pronostica una afectación de 1630 MW para el pico nocturno de este domingo,1630.0,1600.0,1350.0,2950.0,1537.0,20:20,True,1100.0,1350.0,2202.0,866.0,,,3825.0,526.0,http://www.cubadebate.cu/noticias/2026/04/12/union-electrica-pronostica-una-afectacion-de-1630-mw-para-el-pico-nocturno-de-este-domingo/
1995358,2026-04-13,09:45:29,La Unión Eléctrica pronostica una afectación de 1 700 MW para el horario pico nocturno,1700.0,1670.0,1310.0,2980.0,1655.0,19:40,True,1100.0,,,,,,3659.0,424.0,http://www.cubadebate.cu/noticias/2026/04/13/la-union-electrica-pronostica-una-afectacion-de-1-700-mw-para-el-horario-pico-nocturno/
1995502,2026-04-14,09:16:43,Unión Eléctrica pronostica 1700 MW de afectación para la máxima demanda de hoy,1700.0,1670.0,1180.0,2850.0,,19:40,True,1200.0,,,,,,3681.0,533.0,http://www.cubadebate.cu/noticias/2026/04/14/union-electrica-pronostica-1700-mw-de-afectacion-para-la-maxima-demanda-de-hoy/
1995662,2026-04-15,08:41:42,UNE pronostica afectación de 1 732 MW para pico nocturno de este miércoles,1732.0,1702.0,1298.0,3000.0,1860.0,20:30,True,1200.0,,,,,,4156.0,505.0,http://www.cubadebate.cu/noticias/2026/04/15/une-pronostica-afectacion-de-1-732-mw-para-pico-nocturno-de-este-miercoles/
1995747,2026-04-16,09:44:53,La Unión Eléctrica pronostica una afectación de 1 872 MW para el horario pico nocturno,1872.0,1023.0,1217.0,2110.0,,,False,,,,,,,,,http://www.cubadebate.cu/noticias/2026/04/16/la-union-electrica-pronostica-una-afectacion-de-1-872-mw-para-el-horario-pico-nocturno/
1995985,2026-04-17,09:13:17,UNE pronostica afectación de 1 878 MW para pico nocturno de este viernes,1878.0,1848.0,1202.0,3050.0,1834.0,20:30,True,1350.0,,,,,,3959.0,540.0,http://www.cubadebate.cu/noticias/2026/04/17/une-pronostica-afectacion-de-1-878-mw-para-pico-nocturno-de-este-viernes/
1996047,2026-04-18,08:05:33,La Unión Eléctrica pronostica una afectación de  1320 MW para el horario pico nocturno,1320.0,1290.0,1570.0,2500.0,1591.0,19:20,True,950.0,,,,,,3678.0,438.0,http://www.cubadebate.cu/noticias/2026/04/18/la-union-electrica-pronostica-una-afectacion-de-1320-mw-para-el-horario-pico-nocturno/
1996326,2026-04-19,09:22:21,Unión Eléctrica pronostica una afectación de 1130 MW para el horario pico nocturno,1130.0,1100.0,2000.0,3100.0,1413.0,20:00,True,850.0,1760.0,2564.0,796.0,,,3697.0,493.0,http://www.cubadebate.cu/noticias/2026/04/19/union-electrica-pronostica-una-afectacion-de-1130-mw-para-el-horario-pico-nocturno/
1996638,2026-04-21,08:48:34,Unión Eléctrica estima 1042 MW de afectación para la máxima demanda de hoy,1042.0,1012.0,2188.0,3200.0,1239.0,20:30,True,850.0,1970.0,2390.0,480.0,,,4000.0,593.0,http://www.cubadebate.cu/noticias/2026/04/21/union-electrica-estima-1042-mw-de-afectacion-para-la-maxima-demanda-de-hoy/
1996787,2026-04-22,08:29:05,UNE prevé afectación de 1 100 MW en horario pico este miércoles,1100.0,1070.0,2130.0,3200.0,1384.0,19:20,True,750.0,,,,381.0,,3344.0,503.0,http://www.cubadebate.cu/noticias/2026/04/22/une-preve-afectacion-de-1-100-mw-en-horario-pico-este-miercoles/
1996914,2026-04-23,09:46:17,UNE prevé una afectación de 1157 MW este jueves en el horario pico,1157.0,1127.0,,3100.0,1257.0,19:20,False,700.0,,,,,,,,http://www.cubadebate.cu/noticias/2026/04/23/une-preve-una-afectacion-de-1157-mw-este-jueves-en-el-horario-pico/
1997154,2026-04-24,09:32:52,La Unión Eléctrica pronostica una afectación de 1 190 MW para el horario pico nocturno,1190.0,1160.0,1940.0,3100.0,1333.0,20:10,False,650.0,,,,,,3820.0,536.0,http://www.cubadebate.cu/noticias/2026/04/24/la-union-electrica-pronostica-una-afectacion-de-1-190-mw-para-el-horario-pico-nocturno/
1997345,2026-04-25,09:04:13,Pronostican afectación de 1 205 MW para el horario pico de este sábado,1205.0,1175.0,1925.0,,1297.0,20:00,False,,,,,,,3095.0,,http://www.cubadebate.cu/noticias/2026/04/25/pronostican-afectacion-de-1-205-mw-para-el-horario-pico-de-este-sabado/
1997466,2026-04-26,09:14:36,UNE: Se estima un déficit de 1395 MW para el horario pico,1395.0,1365.0,1735.0,3100.0,1461.0,20:10,False,950.0,1680.0,2380.0,990.0,,,3978.0,641.0,http://www.cubadebate.cu/noticias/2026/04/26/une-se-estima-un-deficit-de-1395-mw-para-el-horario-pico/
1997560,2026-04-27,09:07:34,La Unión Eléctrica pronostica una afectación de 1 455 MW para el horario pico nocturno,1455.0,1425.0,1675.0,3100.0,1426.0,20:20,True,950.0,,,,,,4102.0,521.0,http://www.cubadebate.cu/noticias/2026/04/27/la-union-electrica-pronostica-una-afectacion-de-1-455-mw-para-el-horario-pico-nocturno/
1997627,2026-04-28,09:23:01,Unión Eléctrica pronostica 1370 MW de afectación para la máxima demanda de hoy,1370.0,1330.0,1770.0,3100.0,,,True,850.0,,,,,,4438.0,743.0,http://www.cubadebate.cu/noticias/2026/04/28/union-electrica-pronostica-1370-mw-de-afectacion-para-la-maxima-demanda-de-hoy/
1997960,2026-04-30,11:09:57,Unión Eléctrica pronostica una afectación de 1478 MW para el horario pico,1478.0,1448.0,1652.0,3100.0,1502.0,19:50,True,950.0,1480.0,2460.0,990.0,,,4395.0,641.0,http://www.cubadebate.cu/noticias/2026/04/30/union-electrica-pronostica-una-afectacion-de-1478-mw-para-el-horario-pico/
1998384,2026-05-02,09:12:42,Pronostican afectación de 1 445 megawatts durante el horario de máxima demanda este sábado,1445.0,1415.0,1735.0,3150.0,1551.0,20:20,True,850.0,,,,,,5074.0,703.0,http://www.cubadebate.cu/noticias/2026/05/02/pronostican-afectacion-de-1-445-megawatts-durante-el-horario-de-maxima-demanda-este-sabado/
1998528,2026-05-03,08:34:38,UNE pronostica un déficit de 1470 MW en pico nocturno de este domingo,1470.0,1440.0,1760.0,3200.0,1742.0,20:30,True,800.0,1700.0,2700.0,989.0,,,4708.0,710.0,http://www.cubadebate.cu/noticias/2026/05/03/une-pronostica-un-deficit-de-1470-mw-en-pico-nocturno-de-este-domingo/
1998669,2026-05-04,09:13:08,La Unión Eléctrica pronostica una afectación de 1 400 MW para el horario pico nocturno,1400.0,1370.0,1730.0,3100.0,1346.0,19:10,True,950.0,,,,,,3889.0,550.0,http://www.cubadebate.cu/noticias/2026/05/04/la-union-electrica-pronostica-una-afectacion-de-1-400-mw-para-el-horario-pico-nocturno/
1998800,2026-05-05,09:04:14,Salida de la Guiteras agrava déficit: Afectación en el horario pico superará los 1600 MW,1680.0,1650.0,1600.0,3250.0,1578.0,19:20,True,1150.0,1690.0,2700.0,1060.0,,,3273.0,641.0,http://www.cubadebate.cu/noticias/2026/05/05/salida-de-la-guiteras-agrava-deficit-afectacion-en-el-horario-pico-superara-los-1600-mw/
1998954,2026-05-06,08:34:45,UNE prevé afectación de 1 750 MW en horario pico este miércoles,1750.0,1720.0,1480.0,3200.0,1731.0,20:20,True,1200.0,,,,,,3766.0,560.0,http://www.cubadebate.cu/noticias/2026/05/06/une-preve-afectacion-de-1-750-mw-en-horario-pico-este-miercoles/
1999091,2026-05-07,09:15:37,UNE prevé afectación de 1880 MW en el horario pico este jueves,1880.0,1850.0,1400.0,3250.0,1874.0,21:40,True,1350.0,1370.0,2850.0,1495.0,,,4420.0,604.0,http://www.cubadebate.cu/noticias/2026/05/07/une-preve-afectacion-de-1880-mw-en-el-horario-pico-este-jueves/
1999283,2026-05-08,09:43:02,La Unión Eléctrica pronostica una afectación de 1 720 MW para el horario pico nocturno,1720.0,1690.0,1510.0,3200.0,1876.0,20:40,True,1350.0,,,,,,4232.0,598.0,http://www.cubadebate.cu/noticias/2026/05/08/la-union-electrica-pronostica-una-afectacion-de-1-720-mw-para-el-horario-pico-nocturno/
1999405,2026-05-09,08:22:10,UNE prevé afectación de 1740 MW en el horario pico este sabado,1740.0,1710.0,1590.0,3300.0,1922.0,22:00,True,1350.0,1390.0,2790.0,1422.0,,,4239.0,572.0,http://www.cubadebate.cu/noticias/2026/05/09/1999405/
1999560,2026-05-10,08:49:59,Unión Eléctrica pronostica una afectación de 1615 MW para la máxima demanda de hoy,1615.0,1585.0,,3200.0,,23:40,True,1350.0,,,,,,4558.0,,http://www.cubadebate.cu/noticias/2026/05/10/union-electrica-pronostica-una-afectacion-de-1615-mw-para-la-maxima-demanda-de-hoy/
1999625,2026-05-11,09:17:11,"UNE pronostica afectación de 1 985 MW para la máxima demanda de hoy, tras salida de Felton",1985.0,1955.0,1245.0,3200.0,1887.0,22:00,True,,,,,,,3620.0,531.0,http://www.cubadebate.cu/noticias/2026/05/11/une-pronostica-afectacion-de-1-985-mw-para-la-maxima-demanda-de-hoy-tras-salida-de-felton/
1999777,2026-05-12,09:20:59,Unión Eléctrica estima 1990 MW de afectación para la máxima demanda de hoy,1990.0,1960.0,1290.0,3250.0,,21:10,True,1450.0,,,,,,3822.0,,http://www.cubadebate.cu/noticias/2026/05/12/union-electrica-estima-1990-mw-de-afectacion-para-la-maxima-demanda-de-hoy/
1999956,2026-05-13,09:11:36,UNE pronostica una afectación de 2 050 MW en el horario pico nocturno,2050.0,2020.0,1230.0,3250.0,2113.0,20:40,True,1450.0,,,,,,3530.0,525.0,http://www.cubadebate.cu/noticias/2026/05/13/une-pronostica-una-afectacion-de-2-050-mw-en-el-horario-pico-nocturno/
2000241,2026-05-14,09:21:17,Unión Eléctrica informa desconexión parcial del SEN desde Ciego de Ávila hasta Guantánamo,2204.0,2174.0,976.0,3150.0,2153.0,21:30,True,,636.0,2420.0,1790.0,,,3348.0,470.0,http://www.cubadebate.cu/noticias/2026/05/14/union-electrica-informa-desconexion-parcial-del-sen-desde-ciego-de-avila-hasta-guantanamo/
2000492,2026-05-15,08:59:15,UNE pronostica una afectación de 1 639 MW en el horario pico nocturno,1639.0,1619.0,1601.0,3220.0,1991.0,21:20,True,1350.0,,,,246.0,,2112.0,200.0,http://www.cubadebate.cu/noticias/2026/05/15/une-pronostica-una-afectacion-de-1-639-mw-en-el-horario-pico-nocturno/
2000644,2026-05-16,08:54:07,Pronostican afectación de 1 855 MW para el horario pico de este sábado,1855.0,1825.0,1475.0,,,22:00,False,1350.0,,,,,,,,http://www.cubadebate.cu/noticias/2026/05/16/pronostican-afectacion-de-1-855-mw-para-el-horario-pico-de-este-sabado/
2000723,2026-05-17,09:12:49,UNE pronostica una afectación de 2083 MW en el horario pico nocturno,2083.0,2053.0,1147.0,3200.0,2041.0,21:10,True,1500.0,1070.0,2545.0,1457.0,423.0,,3963.0,616.0,http://www.cubadebate.cu/noticias/2026/05/17/une-pronostica-una-afectacion-de-2083-mw-en-el-horario-pico-nocturno/
2000853,2026-05-18,09:18:44,Unión Eléctrica estima 2080 MW de afectación para la máxima demanda de este lunes,2080.0,2050.0,1150.0,3200.0,2119.0,22:00,True,1450.0,1150.0,2720.0,1520.0,,,3365.0,501.0,http://www.cubadebate.cu/noticias/2026/05/18/union-electrica-estima-2080-mw-de-afectacion-para-la-maxima-demanda-de-este-lunes/
2001000,2026-05-19,08:43:14,UNE: Se prevé una afectación de 1875 MW en el horario pico,1875.0,1845.0,1355.0,3200.0,2079.0,21:40,True,1350.0,1150.0,2700.0,1550.0,,,3138.0,482.0,http://www.cubadebate.cu/noticias/2026/05/19/une-se-preve-una-afectacion-de-1875-mw-en-el-horario-pico/
2001200,2026-05-20,09:12:12,UNE prevé afectación de 1 980 MW en horario pico este miércoles,1980.0,1950.0,1300.0,3250.0,1965.0,21:50,True,1350.0,,,,418.0,,3222.0,432.0,http://www.cubadebate.cu/noticias/2026/05/20/une-preve-afectacion-de-1-980-mw-en-horario-pico-este-miercoles/
2001353,2026-05-21,09:13:49,Unión Eléctrica estima para este jueves  1915 MW de afectación en el horario pico,1915.0,1915.0,1335.0,3250.0,1964.0,22:00,True,1350.0,1335.0,2697.0,1370.0,,,3532.0,530.0,http://www.cubadebate.cu/noticias/2026/05/21/union-electrica-estima-para-este-jueves-1915-mw-de-afectacion-en-el-horario-pico/
2001655,2026-05-22,11:27:29,Unión Eléctrica estima afectación de 1 870 MW para horario de máxima demanda,1870.0,1840.0,1360.0,3200.0,1910.0,21:30,True,1350.0,,,,505.0,,3843.0,,http://www.cubadebate.cu/noticias/2026/05/22/union-electrica-estima-afectacion-de-1-870-mw-para-horario-de-maxima-demanda/
2001873,2026-05-23,08:33:01,Unión Eléctrica prevé una afectación superior a los 1900 MW para el horario pico de este sábado,1900.0,1890.0,1310.0,3200.0,1898.0,21:40,True,1300.0,1310.0,2730.0,1454.0,509.0,,3396.0,550.0,http://www.cubadebate.cu/noticias/2026/05/23/union-electrica-preve-una-afectacion-superior-a-los-1900-mw-para-el-horario-pico-de-este-sabado/
2001996,2026-05-24,08:12:10,UNE pronostica una afectación de 1990 MW en pico nocturno por salida de Guiteras,1990.0,1960.0,1140.0,3100.0,1991.0,22:00,True,1600.0,1100.0,2750.0,1670.0,341.0,,3804.0,501.0,http://www.cubadebate.cu/noticias/2026/05/24/une-pronostica-una-afectacion-de-1990-mw-en-pico-nocturno-por-salida-de-guiteras/
2002062,2026-05-25,09:09:07,La Unión Eléctrica pronostica para el horario pico nocturno una afectación de 2 147 MW,2147.0,2117.0,1133.0,3250.0,2050.0,21:30,True,1600.0,,,,,,3829.0,480.0,http://www.cubadebate.cu/noticias/2026/05/25/la-union-electrica-pronostica-para-el-horario-pico-nocturno-una-afectacion-de-2-147-mw/
2002224,2026-05-26,09:17:18,Unión Eléctrica pronostica 1990 MW de afectación para la máxima demanda de hoy,1990.0,1960.0,1240.0,3200.0,2010.0,22:00,True,1600.0,1195.0,2740.0,1553.0,,,3237.0,466.0,http://www.cubadebate.cu/noticias/2026/05/26/union-electrica-pronostica-1990-mw-de-afectacion-para-la-maxima-demanda-de-hoy/
2002349,2026-05-27,08:45:03,UNE prevé afectación de 1 975 MW en horario pico este miércoles,1975.0,1945.0,1255.0,3200.0,1919.0,22:00,True,1600.0,,,,,,3229.0,428.0,http://www.cubadebate.cu/noticias/2026/05/27/une-preve-afectacion-de-1-975-mw-en-horario-pico-este-miercoles/
2002448,2026-05-28,08:01:14,Unión Eléctrica pronostica 1670 MW de afectación para el horario de máxima demanda,1670.0,1640.0,1260.0,2740.0,,,True,,,,,,,,,http://www.cubadebate.cu/noticias/2026/05/28/union-electrica-pronostica-1670-mw-de-afectacion-para-el-horario-de-maxima-demanda/
2002668,2026-05-29,09:22:20,UNE pronostica afectación de 1 830 MW en pico nocturno de este viernes,1830.0,1800.0,1400.0,3200.0,1890.0,22:00,True,1350.0,,,,,,3365.0,526.0,http://www.cubadebate.cu/noticias/2026/05/29/une-pronostica-afectacion-de-1-830-mw-en-pico-nocturno-de-este-viernes/
2002764,2026-05-30,08:07:36,"Tras la salida de la Guiteras, déficit se elevará a más de 2000 MW para el pico de este sábado",2072.0,2042.0,1158.0,3200.0,1894.0,22:00,True,1600.0,1113.0,2720.0,1562.0,318.0,,3643.0,526.0,http://www.cubadebate.cu/noticias/2026/05/30/tras-la-salida-de-la-guiteras-deficit-se-elevara-a-mas-de-2000-mw-para-el-pico-de-este-sabado/
2002901,2026-05-31,08:21:48,Unión Eléctrica pronostica 1960 MW de déficit en pico nocturno este domingo,1960.0,1930.0,1170.0,3100.0,1976.0,20:30,True,1550.0,1170.0,2700.0,1535.0,367.0,,3303.0,516.0,http://www.cubadebate.cu/noticias/2026/05/31/union-electrica-pronostica-1960-mw-de-deficit-en-pico-nocturno-este-domingo/
2003028,2026-06-01,08:55:46,UNE prevé afectación de 1 970 MW en horario pico este lunes,1970.0,1940.0,1160.0,3100.0,1918.0,20:40,True,1550.0,,,,,890.0,2835.0,422.0,http://www.cubadebate.cu/noticias/2026/06/01/une-preve-afectacion-de-1-970-mw-en-horario-pico-este-lunes/
2003222,2026-06-02,09:04:05,Unión Eléctrica: Se prevé una afectación de 2020 MW en el horario pico,2020.0,1990.0,1160.0,3150.0,2029.0,20:40,True,1550.0,1160.0,2689.0,1548.0,394.0,,3625.0,551.0,http://www.cubadebate.cu/noticias/2026/06/02/union-electrica-se-preve-una-afectacion-de-2020-mw-en-el-horario-pico/
2003419,2026-06-03,08:59:42,Unión Eléctrica pronostica 1 905 MW de afectación para el horario de máxima demanda de hoy,1905.0,1885.0,1265.0,3150.0,2110.0,22:00,True,1450.0,,,,444.0,890.0,3342.0,497.0,http://www.cubadebate.cu/noticias/2026/06/03/union-electrica-pronostica-1-905-mw-de-afectacion-para-el-horario-de-maxima-demanda-de-hoy/
2003635,2026-06-04,09:35:25,Unión Eléctrica pronostica 1 975 MW de afectación para el horario de máxima demanda de hoy,1975.0,1945.0,1155.0,3100.0,1937.0,,True,1350.0,,,,458.0,,3269.0,446.0,http://www.cubadebate.cu/noticias/2026/06/04/union-electrica-pronostica-1-975-mw-de-afectacion-para-el-horario-de-maxima-demanda-de-hoy/
2003779,2026-06-05,10:40:05,Cuba: Salida de dos centrales eléctricas por averías incrementa el déficit a 1 990 MW,1990.0,1960.0,1090.0,3050.0,1874.0,21:00,True,1650.0,,,,,890.0,3220.0,482.0,http://www.cubadebate.cu/noticias/2026/06/05/cuba-salida-de-dos-centrales-electricas-por-averias-incrementa-el-deficit-a-1-990-mw/
2003994,2026-06-06,08:44:31,UNE: Déficit eléctrico alcanzará 1 990 MW en el horario pico de este sábado,1990.0,1960.0,1090.0,3050.0,,21:40,True,1650.0,,,,,,,,http://www.cubadebate.cu/noticias/2026/06/06/une-deficit-electrico-alcanzara-1-990-mw-en-el-horario-pico-de-este-sabado/
2004137,2026-06-07,11:38:23,UNE prevé afectación de 2020 MW en horario pico este domingo,2020.0,1990.0,1060.0,3050.0,2030.0,20:50,True,1650.0,,,,315.0,890.0,3376.0,490.0,http://www.cubadebate.cu/noticias/2026/06/07/une-preve-afectacion-de-2020-mw-en-horario-pico-este-domingo/
2004287,2026-06-08,09:14:51,UNE prevé afectación de 2 045 MW en horario pico este lunes,2045.0,2015.0,1035.0,3050.0,1953.0,21:20,True,1650.0,,,,,,2724.0,360.0,http://www.cubadebate.cu/noticias/2026/06/08/une-preve-afectacion-de-2-045-mw-en-horario-pico-este-lunes/
2004415,2026-06-09,09:52:27,Unión Eléctrica estima 2010 MW de afectación para la máxima demanda de hoy,2010.0,1980.0,1020.0,3000.0,,20:00,True,1650.0,,,,,890.0,,,http://www.cubadebate.cu/noticias/2026/06/09/union-electrica-estima-2010-mw-de-afectacion-para-la-maxima-demanda-de-hoy/
2004575,2026-06-10,09:48:50,Unión Eléctrica pronostica una afectación de 2 040 MW en el horario pico nocturno,2040.0,2010.0,990.0,3000.0,2044.0,21:00,True,1650.0,,,,227.0,,3118.0,483.0,http://www.cubadebate.cu/noticias/2026/06/10/union-electrica-pronostica-una-afectacion-de-2-040-mw-en-el-horario-pico-nocturno/
2004737,2026-06-11,09:52:08,Unión Eléctrica estima una afectación de 1920 MW en el horario pico nocturno,1920.0,1920.0,,,,,True,,,,,,890.0,,,http://www.cubadebate.cu/noticias/2026/06/11/union-electrica-estima-una-afectacion-de-1920-mw-en-el-horario-pico-nocturno/
2005017,2026-06-12,10:51:29,Unión Eléctrica pronostica 1720 MW de afectación para la máxima demanda de hoy,1720.0,1690.0,1310.0,3000.0,2027.0,20:00,True,1550.0,,,,,890.0,3288.0,440.0,http://www.cubadebate.cu/noticias/2026/06/12/union-electrica-pronostica-1720-mw-de-afectacion-para-la-maxima-demanda-de-hoy/
2005170,2026-06-13,08:37:59,La UNE pronostica una afectación de 1810 MW para el horario pico del sábado 13 de junio,1810.0,1780.0,1270.0,3050.0,21793.0,19:30,True,1450.0,1200.0,2580.0,1385.0,,890.0,2571.0,368.0,http://www.cubadebate.cu/noticias/2026/06/13/la-une-pronostica-una-afectacion-de-1810-mw-para-el-horario-pico-del-sabado-13-de-junio/
2005379,2026-06-14,09:34:40,UNE pronostica 1915 MW de déficit para pico nocturno de hoy,1915.0,1885.0,1215.0,3100.0,1826.0,21:10,True,1450.0,1245.0,2650.0,1385.0,539.0,,2999.0,521.0,http://www.cubadebate.cu/noticias/2026/06/14/une-pronostica-1915-mw-de-deficit-para-pico-nocturno-de-hoy/
2005498,2026-06-15,09:00:48,UNE prevé afectación de 2 085 MW en horario pico este lunes,2085.0,2055.0,995.0,3050.0,1882.0,21:50,True,1600.0,,,,277.0,,3070.0,489.0,http://www.cubadebate.cu/noticias/2026/06/15/une-preve-afectacion-de-afectacion-de-2-085-mw-en-horario-pico-este-lunes/
2005689,2026-06-16,08:32:37,UNE: Se pronostica una afectación de 2000 MW en el horario pico,2000.0,1970.0,1030.0,3000.0,2018.0,20:50,True,1550.0,970.0,2525.0,1555.0,,890.0,3877.0,547.0,http://www.cubadebate.cu/noticias/2026/06/16/une-se-pronostica-una-afectacion-de-2000-mw-en-el-horario-pico/
2005846,2026-06-17,09:41:42,UNE pronostica afectación de 2 080 MW en horario pico este miércoles,2080.0,2050.0,950.0,3000.0,1957.0,20:50,True,1550.0,,,,312.0,,4231.0,616.0,http://www.cubadebate.cu/noticias/2026/06/17/une-pronostica-afectacion-de-2-080-mw-en-horario-pico-este-miercoles/
2006115,2026-06-18,09:06:14,Unión Eléctrica estima 2075 MW de afectación para la máxima demanda de hoy,2075.0,2035.0,1015.0,3050.0,2081.0,20:50,True,1700.0,970.0,2650.0,1650.0,307.0,,3486.0,444.0,http://www.cubadebate.cu/noticias/2026/06/18/union-electrica-estima-2075-mw-de-afectacion-para-la-maxima-demanda-de-hoy/
2006303,2026-06-19,08:17:45,Unión Eléctrica estima 2164 MW de afectación para la máxima demanda de este viernes,2164.0,2134.0,1016.0,3150.0,2191.0,20:40,True,1700.0,1016.0,2650.0,1620.0,,,4173.0,522.0,http://www.cubadebate.cu/noticias/2026/06/19/union-electrica-estima-2164-mw-de-afectacion-para-la-maxima-demanda-de-este-viernes/
2006457,2026-06-20,08:20:05,Unión Eléctrica estima 1935 MW de afectación para la máxima demanda de este sábado,1935.0,1905.0,1145.0,3050.0,1989.0,20:50,True,1600.0,1145.0,2700.0,1580.0,361.0,,4262.0,613.0,http://www.cubadebate.cu/noticias/2026/06/20/union-electrica-estima-1935-mw-de-afectacion-para-la-maxima-demanda-de-este-sabado/
2006624,2026-06-21,10:30:24,Prevén afectación de 1 970 MW durante la noche de este domingo (+ Video),1970.0,1970.0,,,,20:30,True,,,,,,,,,http://www.cubadebate.cu/noticias/2026/06/21/preven-afectacion-de-1-970-mw-durante-la-noche-de-este-domingo-video/
2006749,2026-06-22,09:29:26,UNE prevé afectación de 1 950 MW en horario pico este lunes,1950.0,1920.0,1280.0,3200.0,2038.0,20:30,True,1600.0,,,,,,4908.0,712.0,http://www.cubadebate.cu/noticias/2026/06/22/une-preve-afectacion-de-1-950-mw-en-horario-pico-este-lunes/
2006891,2026-06-23,09:41:18,Unión Eléctrica pronostica 2075 MW de afectación para la máxima demanda de hoy,2075.0,2035.0,1215.0,3250.0,,,True,,,,,,,4579.0,,http://www.cubadebate.cu/noticias/2026/06/23/union-electrica-pronostica-2075-mw-de-afectacion-para-la-maxima-demanda-de-hoy/
2007132,2026-06-24,08:16:39,Unión Eléctrica estima una afectación de 2 055 MW para la máxima demanda de este miércoles,2055.0,2025.0,1175.0,3200.0,1995.0,20:40,True,1400.0,,,,410.0,,4795.0,755.0,http://www.cubadebate.cu/noticias/2026/06/24/union-electrica-estima-una-afectacion-de-2-055-mw-para-la-maxima-demanda-de-este-miercoles/
2007314,2026-06-25,09:23:48,Unión Eléctrica pronostica 2056 MW de afectación para la máxima demanda de hoy jueves,2056.0,2026.0,1014.0,3100.0,2151.0,20:50,True,1550.0,856.0,2650.0,1820.0,274.0,,4859.0,784.0,http://www.cubadebate.cu/noticias/2026/06/25/union-electrica-pronostica-2056-mw-de-afectacion-para-la-maxima-demanda-de-hoy-jueves/
2007522,2026-06-26,09:07:45,Unión Eléctrica pronostica 2245 MW  de afectación para la demanda máxima de este viernes,2245.0,2215.0,1065.0,3200.0,2208.0,,True,1550.0,,,,,890.0,,,http://www.cubadebate.cu/noticias/2026/06/26/union-electrica-pronostica-2245-mw-de-afectacion-para-la-demanda-maxima-de-este-viernes/
2007749,2026-06-27,10:45:57,La UNE pronostica una afectación de 2165 MW para este sábado 27 de junio,2165.0,2135.0,1015.0,3150.0,2149.0,19:50,True,1600.0,1015.0,2730.0,1718.0,,,4788.0,731.0,http://www.cubadebate.cu/noticias/2026/06/27/la-une-pronostica-una-afectacion-de-2165-mw-para-este-sabado-27-de-junio/
2007891,2026-06-28,08:08:07,UNE prevé este domingo déficit de 2150 MW durante pico nocturno,2150.0,2120.0,980.0,3100.0,2135.0,21:50,True,1650.0,980.0,2650.0,1710.0,298.0,,4959.0,745.0,http://www.cubadebate.cu/noticias/2026/06/28/une-preve-este-domingo-deficit-de-2150-mw-durante-pico-nocturno/
2007958,2026-06-29,09:03:20,UNE: Se pronostica una afectación de 2080 MW para el pico de este lunes,2080.0,2050.0,1100.0,3150.0,2140.0,20:50,True,1450.0,1100.0,2800.0,1673.0,,,4870.0,759.0,http://www.cubadebate.cu/noticias/2026/06/29/une-se-pronostica-una-afectacion-de-2080-mw-para-el-pico-de-este-lunes/
2008111,2026-06-30,09:06:15,UNE: Se prevé una afectación de 2082 MW en el horario pico,2082.0,2052.0,1148.0,3200.0,2075.0,20:50,True,1600.0,1075.0,2755.0,1690.0,426.0,,5011.0,708.0,http://www.cubadebate.cu/noticias/2026/06/30/une-se-preve-una-afectacion-de-2082-mw-en-el-horario-pico/
2008249,2026-07-01,08:59:51,UNE: Afectaciones superarán los 2000 MW en el pico nocturno de este miércoles,2000.0,2000.0,,,,,True,,,,,,,,,http://www.cubadebate.cu/noticias/2026/07/01/une-afectaciones-superaran-los-2000-mw-en-el-pico-nocturno-de-este-miercoles/
2008370,2026-07-02,08:18:06,La UNE pronostica una afectación de 1980 MW en horario pico,1980.0,1950.0,1150.0,3100.0,2081.0,22:00,True,1400.0,1150.0,2880.0,1566.0,439.0,,4734.0,787.0,http://www.cubadebate.cu/noticias/2026/07/02/la-une-pronostica-una-afectacion-de-1980-mw-en-horario-pico/
2008672,2026-07-03,12:30:24,UNE prevé afectación de 2236 MW en horario pico este viernes,2236.0,2206.0,944.0,3150.0,2038.0,20:50,True,1700.0,,,,409.0,,4697.0,758.0,http://www.cubadebate.cu/noticias/2026/07/03/une-preve-afectacion-de-2236-mw-en-horario-pico-este-viernes/
2008793,2026-07-04,09:24:41,Prevén afectación de 2 080 MW durante la noche de este sábado,2080.0,2080.0,,,,,True,,,,,,,,,http://www.cubadebate.cu/noticias/2026/07/04/preven-afectacion-de-2-080-mw-durante-la-noche-de-este-sabado/
2008898,2026-07-05,08:51:50,Unión Eléctrica estima 2230 MW de afectación para la máxima demanda de este domingo,2230.0,2200.0,1000.0,3100.0,,,True,1600.0,,,,,,4679.0,,http://www.cubadebate.cu/noticias/2026/07/05/union-electrica-estima-2230-mw-de-afectacion-para-la-maxima-demanda-de-este-domingo/
2008948,2026-07-06,09:04:12,UNE: Se pronostica afectación de 2195 MW en el pico nocturno de este lunes,2195.0,2195.0,,,,,True,,,,,,,,,http://www.cubadebate.cu/noticias/2026/07/06/une-se-pronostica-afectacion-de-2195-mw-en-el-pico-nocturno-de-este-lunes/
2009413,2026-07-08,08:46:17,Unión Eléctrica pronostica una afectación de 2 047 MW en el horario pico nocturno de este miércoles,2047.0,2017.0,1083.0,3100.0,,,False,1650.0,,,,255.0,,2512.0,548.0,http://www.cubadebate.cu/noticias/2026/07/08/union-electrica-pronostica-una-afectacion-de-2-047-mw-en-el-horario-pico-nocturno-de-este-miercoles/
2009559,2026-07-09,08:53:08,"Unión Eléctrica pronostica una afectación de 2,260 MW para el horario pico de este jueves",2260.0,2260.0,,,,,True,,,,,,,,,http://www.cubadebate.cu/noticias/2026/07/09/union-electrica-pronostica-una-afectacion-de-2260-mw-para-el-horario-pico-de-este-jueves/
2009773,2026-07-10,09:36:38,UNE prevé afectación de 1 952 MW en horario pico este viernes,1952.0,1952.0,,,,9:00,False,1750.0,,,,,,,,http://www.cubadebate.cu/noticias/2026/07/10/une-preve-afectacion-de-1-952-mw-en-horario-pico-este-viernes/
2010009,2026-07-12,08:46:48,"Tras restablecimiento del SEN, la Unión Eléctrica pronostica 1757 MW de afectación en pico nocturno",1757.0,1727.0,1473.0,3200.0,,,False,1434.0,,,,667.0,,,,http://www.cubadebate.cu/noticias/2026/07/12/tras-restablecimiento-del-sen-la-union-electrica-pronostica-1757-mw-de-afectacion-en-pico-nocturno/
2010117,2026-07-13,08:43:39,La Unión Eléctrica pronostica 2020 MW de afectación en el pico nocturno,2020.0,1990.0,1155.0,3150.0,1775.0,21:50,True,1450.0,1155.0,2690.0,1555.0,400.0,,5245.0,642.0,http://www.cubadebate.cu/noticias/2026/07/13/la-union-electrica-pronostica-2020-mw-de-afectacion-en-el-pico-nocturno/
2010255,2026-07-14,09:10:34,Unión Eléctrica pronostica 2160 MW de afectación para la máxima demanda de hoy,2160.0,2130.0,1020.0,3150.0,,21:10,True,1450.0,,,,,,5109.0,,http://www.cubadebate.cu/noticias/2026/07/14/union-electrica-pronostica-2160-mw-de-afectacion-para-la-maxima-demanda-de-hoy/
2010576,2026-07-16,09:09:41,La UNE pronostica una afectación de 2240 MW en horario pico,2240.0,2210.0,990.0,3200.0,2126.0,20:30,True,1650.0,990.0,2858.0,1764.0,490.0,,3822.0,572.0,http://www.cubadebate.cu/noticias/2026/07/16/la-une-pronostica-una-afectacion-de-2240-mw-en-horario-pico/
2010730,2026-07-17,09:12:37,Unión Eléctrica prevé déficit de 2 290 MW durante el horario pico de este viernes,2290.0,2260.0,940.0,3200.0,,21:30,True,1600.0,,,,,,,,http://www.cubadebate.cu/noticias/2026/07/17/union-electrica-preve-deficit-de-2-290-mw-durante-el-horario-pico-de-este-viernes/
2010932,2026-07-18,11:18:15,Unión Eléctrica estima afectación de 2 075 MW en el horario pico de este sábado,2075.0,2045.0,955.0,2750.0,,21:40,True,,,,,,,,,http://www.cubadebate.cu/noticias/2026/07/18/union-electrica-estima-afectacion-de-2-075-mw-en-el-horario-pico-de-este-sabado/
2011104,2026-07-19,09:26:57,Unión Eléctrica estima afectación de 2 062 MW en el horario pico nocturno de este domingo,2062.0,2032.0,1108.0,3200.0,2179.0,19:50,True,1500.0,,,,460.0,,4870.0,758.0,http://www.cubadebate.cu/noticias/2026/07/19/union-electrica-estima-afectacion-de-2-062-mw-en-el-horario-pico-nocturno-de-este-domingo/
2011211,2026-07-20,08:18:49,Unión Eléctrica pronostica una afectación de 2 110 MW para el horario pico nocturno,2110.0,2080.0,1120.0,3200.0,2117.0,,True,1450.0,,,,513.0,,4571.0,775.0,http://www.cubadebate.cu/noticias/2026/07/20/union-electrica-pronostica-una-afectacion-de-2-110-mw-para-el-horario-pico-nocturno/
2011372,2026-07-21,09:19:43,UNE: Se prevé una afectación de 2150 MW en el horario pico,2150.0,2120.0,1080.0,3200.0,2128.0,21:40,True,1550.0,1156.0,2737.0,1738.0,448.0,,4989.0,780.0,http://www.cubadebate.cu/noticias/2026/07/21/une-se-preve-una-afectacion-de-2150-mw-en-el-horario-pico/
2011461,2026-07-22,09:59:33,UNE pronostica afectación de 2155 MW en el horario pico nocturno de este miércoles,2155.0,2125.0,1075.0,3200.0,2223.0,22:40,True,1450.0,,,,376.0,,4824.0,892.0,http://www.cubadebate.cu/noticias/2026/07/22/une-pronostica-afectacion-de-2155-mw-en-el-horario-pico-nocturno-de-este-miercoles/
2011606,2026-07-23,09:08:10,Unión Eléctrica pronostica una afectación de 2260 MW para el horario pico nocturno de este jueves,2260.0,2210.0,970.0,3200.0,2162.0,,True,,,,,,,,,http://www.cubadebate.cu/noticias/2026/07/23/union-electrica-pronostica-una-afectacion-de-2260-mw-para-el-horario-pico-nocturno-de-este-jueves/
2011847,2026-07-24,10:22:35,Estima Unión Eléctrica una afectación de 2160 MW para el horario de máxima demanda de este viernes,2160.0,2130.0,1070.0,3200.0,2315.0,21:10,True,1500.0,991.0,2789.0,1802.0,439.0,,4467.0,694.0,http://www.cubadebate.cu/noticias/2026/07/24/estima-union-electrica-una-afectacion-de-2160-mw-para-el-horario-de-maxima-demanda-de-este-viernes/
2012021,2026-07-25,10:51:05,Pronostica la UNE afectación de 2160 MW para el horario de máxima demanda de este sábado 25,2160.0,2130.0,1070.0,3200.0,1815.0,20:50,True,1400.0,1070.0,2720.0,1655.0,469.0,,4384.0,725.0,http://www.cubadebate.cu/noticias/2026/07/25/pronostica-la-une-afectacion-de-2160-mw-para-el-horario-de-maxima-demanda-de-este-sabado-25/
2012256,2026-07-26,07:48:31,Unión Eléctrica pronostica una afectación de 2080 MW para el pico nocturno,2080.0,2080.0,,,,,True,,,,,,,,,http://www.cubadebate.cu/noticias/2026/07/26/union-electrica-pronostica-una-afectacion-de-2080-mw-para-el-pico-nocturno/
2012464,2026-07-27,09:49:47,UNE pronostica afectación de 2 130 MW para el pico nocturno de este lunes,2130.0,2100.0,1150.0,3250.0,2083.0,20:10,True,1600.0,,,,337.0,,4863.0,756.0,http://www.cubadebate.cu/noticias/2026/07/27/une-pronostica-afectacion-de-2-130-mw-para-el-pico-nocturno-de-este-lunes/
2012706,2026-07-28,09:42:06,La UNE pronostica una afectación de 2180 MW en horario pico,2180.0,2150.0,1070.0,3220.0,2066.0,21:40,True,1500.0,1070.0,2650.0,1610.0,398.0,,3885.0,604.0,http://www.cubadebate.cu/noticias/2026/07/28/la-une-pronostica-una-afectacion-de-2180-mw-en-horario-pico/
2012928,2026-07-29,10:13:54,UNE pronostica afectación de 2 380 MW en horario pico de este miércoles,2380.0,2350.0,850.0,3200.0,2228.0,22:20,True,1750.0,,,,343.0,,4927.0,766.0,http://www.cubadebate.cu/noticias/2026/07/29/une-pronostica-afectacion-de-2-380-mw-en-horario-pico-de-este-miercoles/
2013143,2026-07-30,09:47:41,UNE pronostica afectación para este jueves de 2 280 MW en el horario pico,2280.0,2250.0,1000.0,3250.0,2165.0,20:30,True,1600.0,,,,335.0,,5578.0,867.0,http://www.cubadebate.cu/noticias/2026/07/30/une-pronostica-afectacion-para-este-jueves-de-2-280-mw-en-el-horario-pico/
2013384,2026-07-31,08:44:50,Déficit del SEN volverá a superar los 2 200 MW este viernes en el horario pico,2200.0,2200.0,,,2222.0,21:20,True,1700.0,,,,,,,,http://www.cubadebate.cu/noticias/2026/07/31/deficit-del-sen-volvera-a-superar-los-2-200-mw-este-viernes-en-el-horario-pico/
2013665,2026-08-01,08:16:03,UNE pronostica una afectación de  2150 MW para el pico de este sábado,2150.0,2120.0,1080.0,3200.0,2256.0,22:10,True,1700.0,,,,334.0,,5288.0,822.0,http://www.cubadebate.cu/noticias/2026/08/01/la-une-pronostica-una-afectacion-de-2150-mw-para-la-hora-de-la-maxima-demanda-de-este-sabado-1-de-agosto/
2013847,2026-08-02,09:25:04,UNE: Restablecido el Sistema Eléctrico en el occidente del país,2195.0,2165.0,1035.0,3200.0,,,False,1650.0,930.0,2650.0,1800.0,362.0,,4867.0,756.0,http://www.cubadebate.cu/noticias/2026/08/02/une-se-pronostica-una-afectacion-de-2195-mw-en-el-horario-pico/
2014420,2026-08-05,08:52:22,Unión Eléctrica pronostica una afectación de 2 210 MW para el horario pico nocturno de este miércoles,2210.0,2180.0,970.0,3150.0,2411.0,22:30,True,1700.0,,,,547.0,,3148.0,490.0,http://www.cubadebate.cu/noticias/2026/08/05/union-electrica-pronostica-una-afectacion-de-2-210-mw-para-el-horario-pico-nocturno-de-este-miercoles/
2014661,2026-08-06,09:14:25,"Unión Eléctrica pronostica una afectación  para el horario pico de este jueves de 2,305 MW",2305.0,2305.0,,,,,True,1750.0,,,,,,,,http://www.cubadebate.cu/noticias/2026/08/06/union-electrica-pronostica-una-afectacion-para-el-horario-pico-de-este-jueves-de-2305-mw/
2014888,2026-08-07,09:22:18,Unión Eléctrica prevé una afectación de 2 257 MW en el pico nocturno de este viernes,2257.0,2227.0,1023.0,3250.0,2240.0,23:20,True,1750.0,940.0,2750.0,1689.0,469.0,,3697.0,575.0,http://www.cubadebate.cu/noticias/2026/08/07/union-electrica-preve-una-afectacion-de-2-257-mw-en-el-pico-nocturno-de-este-viernes/
2015229,2026-08-09,09:06:55,"Sin la entrada de nuevas unidades, la UNE pronostica en 2265 MW el déficit nocturno este domingo",2265.0,2235.0,1015.0,3250.0,2293.0,22:40,True,1650.0,1015.0,2830.0,1815.0,584.0,,4807.0,747.0,http://www.cubadebate.cu/noticias/2026/08/09/sin-la-entrada-de-nuevas-unidades-la-une-pronostica-en-2265-mw-el-deficit-nocturno-este-domingo/
2015347,2026-08-10,08:33:20,Unión Eléctrica pronostica una afectación de 2 280 MW en el horario pico nocturno,2280.0,2250.0,1000.0,3250.0,2272.0,22:50,True,1700.0,,,,578.0,,4737.0,737.0,http://www.cubadebate.cu/noticias/2026/08/10/union-electrica-pronostica-una-afectacion-de-2-280-mw-en-el-horario-pico-nocturno/
2015574,2026-08-11,08:49:11,La UNE pronostica una afectación de 2347 MW en horario pico,2347.0,2317.0,933.0,3250.0,2241.0,23:00,True,1850.0,933.0,2825.0,1898.0,553.0,,3917.0,609.0,http://www.cubadebate.cu/noticias/2026/08/11/la-une-pronostica-una-afectacion-de-2347-mw-en-horario-pico/
2015748,2026-08-12,08:38:36,Unión Eléctrica pronostica una afectación de 2 227 MW en el horario pico nocturno,2227.0,2197.0,1053.0,3250.0,2411.0,20:50,True,1600.0,,,,497.0,,4123.0,641.0,http://www.cubadebate.cu/noticias/2026/08/12/union-electrica-pronostica-una-afectacion-de-2-227-mw-en-el-horario-pico-nocturno/
2015949,2026-08-13,10:01:40,La Unión Eléctrica pronostican afectaciones de hasta 2281 MW en horario pico,2281.0,2251.0,1049.0,3300.0,2309.0,21:00,True,1500.0,,,,,,,,http://www.cubadebate.cu/noticias/2026/08/13/la-union-electrica-pronostican-afectaciones-de-hasta-2281-mw-en-horario-pico/
2016175,2026-08-14,08:17:27,La UNE pronostica una afectación de 2170 MW para este viernes 14 de agosto,2170.0,2140.0,1160.0,3300.0,2270.0,20:40,True,1500.0,1080.0,2820.0,,494.0,,5407.0,840.0,http://www.cubadebate.cu/noticias/2026/08/14/la-une-pronostica-una-afectacion-de-2170-mw-para-este-viernes-14-de-agosto/
2016352,2026-08-15,11:37:12,Unión Eléctrica estima afectación de 2 055 MW para la noche de este sábado,2055.0,2055.0,,,,,True,1650.0,,,,,,4952.0,,http://www.cubadebate.cu/noticias/2026/08/15/union-electrica-estima-afectacion-de-2-055-mw-para-la-noche-de-este-sabado/
2016437,2026-08-16,09:44:05,UNE pronostica en 2193 MW el déficit en el pico nocturno de este domingo,2193.0,2163.0,1087.0,3250.0,2281.0,22:00,True,1500.0,1087.0,2768.0,1725.0,612.0,,5406.0,840.0,http://www.cubadebate.cu/noticias/2026/08/16/une-pronostica-en-2193-mw-el-deficit-en-el-pico-nocturno-de-este-domingo/
2016682,2026-08-18,08:45:19,Unión Eléctrica estima 2369 MW de afectación para la máxima demanda de hoy,2369.0,2369.0,,,2275.0,21:40,True,,,,,,,,,http://www.cubadebate.cu/noticias/2026/08/18/union-electrica-estima-2369-mw-de-afectacion-para-la-maxima-demanda-de-hoy/
2016872,2026-08-19,10:14:20,Unión Eléctrica estima afectación de 2 225 MW para pico nocturno de este miércoles,2225.0,2195.0,1105.0,3300.0,2245.0,22:00,True,1700.0,,,,507.0,,5797.0,902.0,http://www.cubadebate.cu/noticias/2026/08/19/union-electrica-estima-afectacion-de-2-225-mw-para-pico-nocturno-de-este-miercoles/
2017045,2026-08-20,08:40:15,Unión Eléctrica estima una afectación de 2281  MW para el horario pico de hoy jueves,2281.0,2251.0,1099.0,3350.0,2298.0,21:40,True,1600.0,,,,,,,,http://www.cubadebate.cu/noticias/2026/08/20/union-electrica-estima-una-afectacion-de-2281-mw-para-el-horario-pico-de-hoy-jueves/
2017198,2026-08-21,11:04:58,UNE estima afectación de 2 340 MW durante la noche de este viernes,2340.0,2310.0,1040.0,,,21:50,True,,,,,,,,,http://www.cubadebate.cu/noticias/2026/08/21/une-estima-afectacion-de-2-340-mw-durante-la-noche-de-este-viernes/
2017285,2026-08-22,10:36:48,La UNE pronostica una afectación de 2240 MW para este sábado,2240.0,2210.0,1090.0,3300.0,2317.0,22:40,True,1610.0,,,,441.0,,4742.0,737.0,http://www.cubadebate.cu/noticias/2026/08/22/la-une-pronostica-una-afectacion-de-2240-mw-para-este-sabado/
2017527,2026-08-24,08:36:44,Unión Eléctrica pronostica una afectación de 2 090 MW en el horario pico nocturno de este lunes,2090.0,2060.0,1240.0,3300.0,2327.0,20:40,True,1750.0,1000.0,2840.0,1850.0,402.0,,5402.0,840.0,http://www.cubadebate.cu/noticias/2026/08/24/union-electrica-pronostica-una-afectacion-de-2-090-mw-en-el-horario-pico-nocturno-de-este-lunes/
2017662,2026-08-25,10:06:46,Unión Eléctrica estima 2170 MW de afectación para la máxima demanda de hoy,2170.0,2140.0,1160.0,3300.0,2211.0,21:30,True,1600.0,1160.0,2942.0,1790.0,512.0,,4632.0,720.0,http://www.cubadebate.cu/noticias/2026/08/25/union-electrica-estima-2170-mw-de-afectacion-para-la-maxima-demanda-de-hoy/
2017749,2026-08-26,10:10:49,UNE pronostica afectación de 2 130 MW en pico nocturno de este miércoles,2130.0,2100.0,1200.0,3300.0,2089.0,21:00,True,1500.0,,,,565.0,,4941.0,768.0,http://www.cubadebate.cu/noticias/2026/08/26/une-pronostica-afectacion-de-2-130-mw-en-pico-nocturno-de-este-miercoles/
2017881,2026-08-27,08:54:46,UNE pronostica una afectación de 2060 MW para este jueves,2060.0,2030.0,1170.0,3200.0,1965.0,22:40,True,1650.0,1170.0,2740.0,1556.0,478.0,,4155.0,646.0,http://www.cubadebate.cu/noticias/2026/08/27/une-pronostica-una-afectacion-de-2060-mw-para-este-jueves/
2018021,2026-08-28,10:49:03,Unión Eléctrica prevé una afectación de 2350 MW para este viernes,2350.0,2320.0,930.0,3250.0,2287.0,21:50,True,1850.0,930.0,2850.0,1892.0,367.0,,3730.0,580.0,http://www.cubadebate.cu/noticias/2026/08/28/union-electrica-preve-una-afectacion-de-2350-mw-para-este-viernes/
2018108,2026-08-29,12:09:01,UNE prevé afectación de 2 140 MW para la noche de este sábado,2140.0,2140.0,,,,,True,,,,,,,,,http://www.cubadebate.cu/noticias/2026/08/29/une-preve-afectacion-de-2-140-mw-para-la-noche-de-este-sabado/
2018297,2026-08-31,09:38:30,Unión Eléctrica estima una afectación de 2 410 MW en el pico nocturno de este lunes,2410.0,2410.0,,,,,True,,,,,,,,,http://www.cubadebate.cu/noticias/2026/08/31/union-electrica-estima-una-afectacion-de-2-410-mw-en-el-pico-nocturno-de-este-lunes/
2018419,2026-09-01,09:13:02,Unión Eléctrica pronostica 2310 MW de afectación para la máxima demanda de hoy,2310.0,2280.0,1020.0,3300.0,,20:50,True,1750.0,,,,,,4624.0,,http://www.cubadebate.cu/noticias/2026/09/01/union-electrica-pronostica-2310-mw-de-afectacion-para-la-maxima-demanda-de-hoy/
2018592,2026-09-02,08:51:13,UNE pronostica afectación de hasta 2290 MW durante el horario pico de este miércoles,2290.0,2260.0,990.0,3250.0,2292.0,9:20,True,1950.0,,,,,,,,http://www.cubadebate.cu/noticias/2026/09/02/une-pronostica-afectacion-de-hasta-2290-mw-durante-el-horario-pico-de-este-miercoles/
2018782,2026-09-03,09:32:44,La UNE pronostica una afectación de 2090 MW para este jueves,2090.0,2060.0,990.0,3250.0,2310.0,20:10,True,1700.0,990.0,2830.0,1855.0,450.0,,3219.0,500.0,http://www.cubadebate.cu/noticias/2026/09/03/la-une-pronostica-una-afectacion-de-2090-mw-para-este-jueves/
2018948,2026-09-04,08:55:06,La Unión Eléctrica pronostica una  afectación de 2220 MW en el horario pico de este viernes,2220.0,2190.0,1060.0,3250.0,2259.0,21:00,True,1700.0,,,,456.0,,4284.0,666.0,http://www.cubadebate.cu/noticias/2026/09/04/la-union-electrica-pronostica-una-afectacion-de-2220-mw-en-el-horario-pico-de-este-viernes/
2019135,2026-09-05,08:47:56,La Unión Eléctrica pronostica una afectación de 2280 MW en el horario pico de este sábado,2280.0,2250.0,1000.0,3250.0,2272.0,21:00,True,1950.0,,,,402.0,,,657.0,http://www.cubadebate.cu/noticias/2026/09/05/la-union-electrica-pronostica-una-afectacion-de-2280-mw-en-el-horario-pico-de-este-sabado/
2019256,2026-09-06,08:54:40,Entrada de unidades de Céspedes disminuyen pronóstico de déficit nocturno para este domingo,2125.0,2095.0,1155.0,3250.0,2396.0,20:30,True,1850.0,1010.0,2830.0,1850.0,534.0,,3316.0,516.0,http://www.cubadebate.cu/noticias/2026/09/06/entrada-de-unidades-de-cespedes-disminuyen-pronostico-de-deficit-nocturno-para-este-domingo/
2019456,2026-09-08,09:52:17,Unión Eléctrica estima 2130 MW de afectación para la máxima demanda de este martes,2130.0,2100.0,1150.0,,,,False,,,,,,,,,http://www.cubadebate.cu/noticias/2026/09/08/union-electrica-estima-2130-mw-de-afectacion-para-la-maxima-demanda-de-este-martes/
2019561,2026-09-09,09:19:46,Unión Eléctrica estima 2100 MW de afectación para la máxima demanda de este miércoles 9 de septiembre,2100.0,2070.0,1210.0,3280.0,2106.0,21:00,True,1500.0,1210.0,2720.0,1515.0,470.0,,4630.0,720.0,http://www.cubadebate.cu/noticias/2026/09/09/union-electrica-estima-2100-mw-de-afectacion-para-la-maxima-demanda-de-este-miercoles-9-e-septiembre/
2019730,2026-09-10,09:06:34,Unión Eléctrica prevé  una afectación  de 2130 MW  para este jueves en el horario  pico,2130.0,2100.0,1250.0,,2165.0,20:20,True,,,,,,,,,http://www.cubadebate.cu/noticias/2026/09/10/union-electrica-preve-una-afectacion-de-2130-mw-para-este-jueves-en-el-horario-pico/
2019925,2026-09-11,07:49:19,"Tras la reincorporación de varias unidades, UNE estima 2000 MW de afectación para este viernes",2000.0,1970.0,1330.0,3300.0,2267.0,20:40,True,1400.0,1300.0,2850.0,1550.0,520.0,,5120.0,795.0,http://www.cubadebate.cu/noticias/2026/09/11/tras-la-reincorporacion-de-varias-unidades-une-estima-2000-mw-de-afectacion-para-este-viernes/
2020091,2026-09-12,09:10:25,UNE estima afectación de 2 008 MW durante la noche de este sábado,2008.0,1978.0,1322.0,3300.0,2001.0,20:30,True,1400.0,,,,,,4252.0,662.0,http://www.cubadebate.cu/noticias/2026/09/12/une-estima-afectacion-de-2-008-mw-durante-la-noche-de-este-sabado/
2020239,2026-09-13,08:51:08,UNE pronostica déficit por debajo de los 2000 MW en el pico nocturno,1965.0,1935.0,1335.0,3270.0,2032.0,21:30,True,1400.0,1285.0,2641.0,1341.0,495.0,,4366.0,679.0,http://www.cubadebate.cu/noticias/2026/09/13/une-pronostica-deficit-por-debajo-de-los-2000-mw-en-el-pico-nocturno/
2020464,2026-09-15,09:35:14,Unión Eléctrica pronostica 2110 MW de afectación para la máxima demanda de hoy,2110.0,2110.0,,,1884.0,19:20,True,,,,,,,,,http://www.cubadebate.cu/noticias/2026/09/15/union-electrica-pronostica-2210-mw-de-afectacion-para-la-maxima-demanda-de-hoy/
2020615,2026-09-16,08:14:31,Unión Eléctrica prevé afectación de 2 130 MW durante el horario pico de este miércoles,2130.0,2130.0,,3200.0,,,True,,,,,,,,,http://www.cubadebate.cu/noticias/2026/09/16/union-electrica-preve-afectacion-de-2-130-mw-durante-el-horario-pico-de-este-miercoles/
2020824,2026-09-17,10:04:56,La UNE pronostica una afectación de 2120 MW en horario pico,2120.0,2090.0,1110.0,3200.0,2166.0,20:10,True,1600.0,1020.0,2750.0,1720.0,450.0,,3787.0,589.0,http://www.cubadebate.cu/noticias/2026/09/17/la-une-pronostica-una-afectacion-de-2120-mw-en-horario-pico/
2020983,2026-09-18,09:56:03,Pronostica la Unión Eléctrica para este viernes una afectación de 2007 MW en el horario de máxima demanda.,2007.0,1977.0,1233.0,3210.0,2051.0,20:10,True,1400.0,1113.0,2686.0,1575.0,455.0,,5360.0,833.0,http://www.cubadebate.cu/noticias/2026/09/18/pronostica-la-union-electrica-para-este-viernes-una-afectacion-de-2007-mw-en-el-horario-de-maxima-demanda/
2021414,2026-09-20,08:49:55,UNE: Se pronostica una afectación de 2070 MW para el horario pico,2070.0,2040.0,1160.0,3200.0,,,False,1300.0,1160.0,2673.0,1510.0,502.0,,985.0,,http://www.cubadebate.cu/noticias/2026/09/20/une-se-pronostica-una-afectacion-de-2070-mw-para-el-horario-pico/
2021507,2026-09-21,09:20:10,Se pronostica una afectación de 1 975 MW durante el horario pico de este lunes,1975.0,1935.0,1215.0,3150.0,,21:00,True,1500.0,,,,,,,,http://www.cubadebate.cu/noticias/2026/09/21/se-pronostica-una-afectacion-de-1-975-mw-durante-el-horario-pico-de-este-lunes/
2021667,2026-09-22,08:17:15,Unión Eléctrica estima 2050 MW de afectación para la máxima demanda de este martes,2050.0,2020.0,1180.0,3200.0,2025.0,20:30,True,1650.0,1180.0,2700.0,1539.0,395.0,,3696.0,575.0,http://www.cubadebate.cu/noticias/2026/09/22/union-electrica-estima-2050-mw-de-afectacion-para-la-maxima-demanda-de-este-martes/
2021815,2026-09-23,10:24:24,Unión Eléctrica estima 2095 MW de afectación para la máxima demanda de este miércoles,2095.0,2095.0,,,,,False,,,,,,,,,http://www.cubadebate.cu/noticias/2026/09/23/union-electrica-estima-2095-mw-de-afectacion-para-la-maxima-demanda-de-este-miercoles/
2021924,2026-09-24,10:33:10,Unión Eléctrica estima una afectación de 2.133 MW para el horario pico de este jueves,2133.0,2103.0,897.0,3000.0,2170.0,,True,1660.0,,,,467.0,,3343.0,520.0,http://www.cubadebate.cu/noticias/2026/09/24/union-electrica-estima-una-afectacion-de-2-133-mw-para-el-horario-pico-de-este-jueves/
2022055,2026-09-25,08:25:47,Unión Eléctrica prevé afectación de 1990 MW durante el horario pico de este viernes,1990.0,1960.0,1140.0,3100.0,2155.0,20:20,True,1500.0,,,,,,,,http://www.cubadebate.cu/noticias/2026/09/25/union-electrica-preve-afectacion-de-1990-mw-durante-el-horario-pico-de-este-viernes/
2022273,2026-09-26,09:07:46,UNE estima afectación de 1 950 MW durante la noche de este sábado,1950.0,1920.0,1180.0,3100.0,1968.0,21:00,True,1400.0,,,,414.0,,,,http://www.cubadebate.cu/noticias/2026/09/26/une-estima-afectacion-de-1-950-mw-durante-la-noche-de-este-sabado/
2022490,2026-09-28,08:31:10,La UNE pronostica una afectación de 2000 MW para este lunes en el horario de máxima demanda.,2000.0,1970.0,1160.0,3130.0,1953.0,21:00,True,1550.0,1045.0,2647.0,,362.0,,4327.0,673.0,http://www.cubadebate.cu/noticias/2026/09/28/2022490/
2022633,2026-09-29,09:25:57,Unión Eléctrica pronostica 2020 MW de afectación para el horario pico de hoy,2020.0,1990.0,1060.0,3050.0,1858.0,19:10,True,1650.0,1060.0,2461.0,1401.0,396.0,,3659.0,569.0,http://www.cubadebate.cu/noticias/2026/09/29/union-electrica-pronostica-2020-mw-de-afectacion-para-el-horario-pico-de-hoy/
2022980,2026-10-01,09:29:39,La UNE pronostica una afectación de 1940 MW en horario pico,1940.0,1910.0,1140.0,3050.0,1940.0,19:30,True,1500.0,1060.0,2550.0,1520.0,377.0,,2843.0,442.0,http://www.cubadebate.cu/noticias/2026/10/01/la-une-pronostica-una-afectacion-de-1940-mw-en-horario-pico/
2023120,2026-10-02,12:05:42,La UNE pronostica una afectación de 2070 MW en horario pico,2070.0,2040.0,1060.0,3100.0,2059.0,21:00,True,1500.0,1030.0,2650.0,1646.0,377.0,,3169.0,493.0,http://www.cubadebate.cu/noticias/2026/10/02/la-une-pronostica-una-afectacion-de-2070-mw-en-horario-pico/
